client_id,age,monthly_income,credit_limit,utilization_rate,delinquencies_30_plus,loan_amount,interest_rate,is_default
1,59,46102,36299,0.35,1,30516,0.16,0
2,49,44003,31318,0.21,0,25240,0.16,0
3,35,45004,117104,0.34,0,96376,0.16,1
4,63,122408,191879,0.1,0,154979,0.16,0
5,28,28357,46176,0.67,1,30112,0.16,1
6,41,42054,110159,0.15,0,92884,0.16,0
7,59,103949,213467,0.1,0,168147,0.16,0
8,39,41711,39563,0.38,1,28384,0.16,0
9,43,30702,31547,0.05,0,25203,0.16,0
10,31,55910,28846,0.1,0,24635,0.16,0
11,31,73336,166962,0.13,1,143366,0.16,1
12,44,40278,69037,0.41,1,48335,0.16,0
13,56,64678,185943,0.31,1,118152,0.16,0
14,60,24629,56278,0.36,0,37536,0.16,0
15,44,25323,19191,0.26,0,15008,0.16,0
16,23,39338,35555,0.29,2,26842,0.24,1
17,42,65841,115505,0.57,1,86430,0.16,0
18,22,71736,201734,0.18,0,139398,0.16,0
19,44,27146,30352,0.59,0,18900,0.16,1
20,64,70418,180548,0.46,0,124631,0.16,0
21,50,53276,68229,0.57,2,55099,0.24,1
22,58,31583,37101,0.14,1,29183,0.16,1
23,22,25157,69269,0.34,0,47309,0.16,1
24,41,54990,33989,0.45,0,28264,0.16,0
25,53,93412,201008,0.42,1,178434,0.16,0
26,32,49899,30334,0.6,1,20498,0.16,1
27,42,30716,76848,0.39,0,64245,0.16,0
28,64,19263,49573,0.03,0,41439,0.16,0
29,45,105318,287875,0.46,2,218880,0.24,1
30,47,82530,79660,0.39,0,48035,0.16,0
31,62,57013,46251,0.03,0,31833,0.16,0
32,48,102641,180528,0.24,1,110435,0.16,0
33,36,54828,64646,0.32,0,46712,0.16,1
34,35,37589,75769,0.28,1,58395,0.16,0
35,64,64703,115453,0.24,2,84431,0.24,0
36,23,32374,27910,0.09,0,22556,0.16,0
37,57,29797,69968,0.36,0,46916,0.16,0
38,27,72099,180929,0.39,0,112793,0.16,0
39,41,75197,218643,0.44,0,142266,0.16,0
40,29,25929,38604,0.35,1,26258,0.16,1
41,59,26412,35506,0.19,0,23895,0.16,0
42,38,39240,38480,0.23,0,29014,0.16,1
43,24,34349,32705,0.24,1,28434,0.16,0
44,45,62208,81034,0.53,1,57287,0.16,0
45,34,50212,148353,0.11,0,92767,0.16,0
46,29,87768,64127,0.59,0,54250,0.16,0
47,46,57447,65973,0.12,1,39903,0.16,0
48,22,35515,25391,0.46,1,19161,0.16,0
49,40,19042,22547,0.59,2,19000,0.24,0
50,48,53622,39197,0.01,0,30179,0.16,1
51,27,20844,36909,0.5,1,32444,0.16,0
52,64,35295,56326,0.05,0,34302,0.16,0
53,28,34171,31954,0.45,0,28200,0.16,0
54,55,38016,35621,0.12,0,29384,0.16,0
55,34,25386,52429,0.42,1,36609,0.16,0
56,37,34110,50066,0.27,1,39466,0.16,1
57,56,86938,55682,0.25,1,42796,0.16,0
58,60,86818,243132,0.08,0,212288,0.16,0
59,24,105477,159521,0.17,0,115468,0.16,0
60,22,49270,97437,0.53,0,61370,0.16,0
61,26,56140,152337,0.08,0,94541,0.16,0
62,62,87579,131841,0.29,1,95465,0.16,0
63,24,23497,59956,0.38,1,53702,0.16,0
64,49,73336,204378,0.51,1,160573,0.16,0
65,38,94011,87916,0.15,1,72314,0.16,0
66,46,31430,85842,0.48,0,76292,0.16,0
67,64,97862,78248,0.13,0,62515,0.16,0
68,54,137153,162912,0.47,1,127166,0.16,0
69,30,72324,182294,0.47,0,119681,0.16,0
70,56,65989,181582,0.31,1,124723,0.16,1
71,34,28004,61898,0.24,0,53478,0.16,0
72,51,83667,63759,0.52,1,47967,0.16,0
73,35,29354,53056,0.22,0,45580,0.16,0
74,28,58975,113915,0.11,0,68889,0.16,0
75,34,62040,74736,0.04,0,56186,0.16,0
76,43,9432,28090,0.59,0,19510,0.16,0
77,60,60048,80408,0.25,2,55010,0.24,0
78,41,181813,186474,0.07,0,160049,0.16,0
79,36,17224,13354,0.24,1,11370,0.16,0
80,38,47717,69010,0.51,0,59956,0.16,0
81,44,18516,41319,0.3,0,30115,0.16,0
82,46,31348,33810,0.3,1,30039,0.16,0
83,45,18678,45272,0.24,1,31518,0.16,0
84,61,53091,44516,0.08,0,39919,0.16,0
85,49,72896,116718,0.23,1,96542,0.16,0
86,35,60166,135730,0.2,1,108082,0.16,0
87,21,30788,25808,0.25,0,22383,0.16,0
88,45,36145,72095,0.58,1,56917,0.16,1
89,27,56169,140275,0.24,0,101837,0.16,0
90,29,31273,62198,0.57,1,44060,0.16,1
91,44,25225,44866,0.21,0,28812,0.16,0
92,21,43496,112904,0.27,1,84023,0.16,0
93,64,30566,90583,0.29,0,75805,0.16,0
94,28,60221,57407,0.43,1,36815,0.16,0
95,44,93840,209109,0.24,0,183644,0.16,0
96,31,179654,126053,0.08,0,83963,0.16,0
97,37,58048,35241,0.35,0,31301,0.16,1
98,28,67709,81389,0.14,0,59985,0.16,0
99,55,36327,106340,0.32,0,68226,0.16,0
100,55,37470,70461,0.37,0,44646,0.16,0
101,53,93155,109054,0.3,0,87097,0.16,0
102,25,42694,35498,0.07,0,29933,0.16,0
103,62,50841,142378,0.24,0,87875,0.16,0
104,59,90353,127028,0.49,1,111112,0.16,0
105,61,42859,54291,0.52,1,33201,0.16,0
106,48,103798,274536,0.13,0,209609,0.16,0
107,27,65284,131286,0.34,0,99079,0.16,0
108,29,61555,56728,0.45,0,47745,0.16,0
109,28,35450,55081,0.18,1,42664,0.16,0
110,32,63231,178347,0.2,0,125034,0.16,0
111,54,39556,108898,0.31,0,84297,0.16,0
112,53,61988,41858,0.18,1,37059,0.16,0
113,43,46587,54578,0.26,1,34756,0.16,0
114,44,79491,70456,0.32,2,56154,0.24,0
115,57,48248,88512,0.6,0,57571,0.16,0
116,55,135798,322514,0.19,0,213300,0.16,0
117,64,42711,52912,0.04,0,47184,0.16,0
118,60,37523,89867,0.31,0,76188,0.16,0
119,42,58282,126576,0.12,0,110543,0.16,0
120,47,84030,194996,0.32,0,125886,0.16,0
121,55,83704,240281,0.23,0,173948,0.16,0
122,21,53283,83202,0.35,0,69065,0.16,0
123,55,58078,78778,0.29,1,62586,0.16,0
124,57,58120,128422,0.29,1,82872,0.16,0
125,34,28597,72032,0.19,0,52709,0.16,0
126,23,81800,80050,0.25,0,53858,0.16,0
127,21,26136,68397,0.26,0,47974,0.16,0
128,25,28623,18451,0.16,0,16124,0.16,0
129,46,50388,25999,0.44,0,17520,0.16,0
130,34,41775,37433,0.33,0,26682,0.16,0
131,59,72990,215077,0.33,0,162438,0.16,0
132,47,61308,110900,0.37,1,68901,0.16,0
133,29,52527,32378,0.11,0,28059,0.16,0
134,35,27923,83571,0.19,0,61782,0.16,0
135,35,49676,117348,0.1,0,83089,0.16,0
136,46,47750,123911,0.52,0,92097,0.16,0
137,62,54780,56552,0.11,0,45381,0.16,0
138,33,39536,30190,0.46,0,23650,0.16,0
139,52,63666,113816,0.3,0,88003,0.16,0
140,59,41221,100185,0.5,2,69280,0.24,0
141,52,60752,127242,0.26,0,92942,0.16,0
142,24,72986,151639,0.34,1,122703,0.16,0
143,50,37522,89780,0.23,1,77399,0.16,0
144,57,33320,35570,0.18,0,22800,0.16,0
145,43,62204,133974,0.45,0,114122,0.16,0
146,59,25322,37483,0.06,0,31449,0.16,0
147,35,85462,57634,0.4,2,47417,0.24,0
148,63,49290,49554,0.15,1,36626,0.16,0
149,49,46287,115023,0.19,0,88465,0.16,0
150,56,64408,176466,0.1,1,131200,0.16,0
151,33,62440,75368,0.41,1,56779,0.16,0
152,52,49180,47994,0.14,0,37673,0.16,0
153,27,76062,43112,0.42,0,32243,0.16,0
154,42,35024,100492,0.18,0,77061,0.16,0
155,48,69994,154661,0.45,1,123506,0.16,0
156,22,28586,82687,0.51,1,56351,0.16,0
157,62,63279,168298,0.3,0,137087,0.16,0
158,26,41608,56219,0.47,1,50095,0.16,0
159,48,25449,19893,0.15,0,13105,0.16,0
160,48,55732,97399,0.37,1,85277,0.16,0
161,64,48184,27321,0.16,0,19866,0.16,0
162,64,22666,19828,0.51,0,17344,0.16,0
163,40,17037,18460,0.58,1,13398,0.16,0
164,50,45427,98309,0.78,3,80051,0.24,1
165,31,110096,195386,0.27,0,149924,0.16,1
166,48,57555,72291,0.18,1,59636,0.16,0
167,45,35096,67100,0.22,0,54380,0.16,0
168,59,84198,68453,0.42,0,60766,0.16,0
169,53,77158,184351,0.3,1,126596,0.16,0
170,21,92576,211081,0.13,0,185541,0.16,0
171,47,69006,71852,0.44,0,48550,0.16,0
172,33,76339,153897,0.44,0,128646,0.16,0
173,61,70654,124227,0.33,0,92786,0.16,0
174,23,38609,25174,0.07,0,15648,0.16,0
175,59,21619,25843,0.34,0,15773,0.16,0
176,26,37776,113279,0.18,0,85651,0.16,0
177,28,85175,63782,0.14,0,38933,0.16,0
178,47,40517,71554,0.29,0,63247,0.16,0
179,29,45582,119576,0.26,0,77667,0.16,0
180,57,27367,34253,0.3,1,25536,0.16,0
181,53,37214,42862,0.42,0,30570,0.16,0
182,62,48798,133071,0.17,0,100783,0.16,0
183,64,62710,79144,0.18,0,52435,0.16,0
184,44,38974,82965,0.4,0,71341,0.16,0
185,35,37636,88474,0.18,0,53423,0.16,0
186,52,74688,184594,0.54,1,142407,0.16,0
187,52,57678,172278,0.48,0,121316,0.16,0
188,44,61349,153862,0.51,0,102204,0.16,0
189,61,105257,225516,0.27,0,149762,0.16,0
190,32,38080,104288,0.35,1,68315,0.16,0
191,59,47833,132227,0.11,0,103242,0.16,0
192,22,64574,189390,0.32,0,164284,0.16,0
193,23,31705,77397,0.32,1,55673,0.16,1
194,57,54969,54271,0.66,0,35246,0.16,0
195,37,49567,112740,0.16,0,69422,0.16,0
196,22,196545,135187,0.33,1,114324,0.16,0
197,22,51530,66726,0.35,0,44485,0.16,1
198,48,87419,69018,0.62,0,56633,0.16,1
199,43,74233,213409,0.31,0,161954,0.16,0
200,57,27493,37029,0.03,0,29291,0.16,0
201,52,22597,51589,0.2,1,39867,0.16,0
202,53,55464,106951,0.13,0,94713,0.16,0
203,21,91919,70665,0.45,0,44571,0.16,1
204,39,56610,107749,0.14,1,85927,0.16,0
205,22,50992,109763,0.03,0,69641,0.16,0
206,64,42529,114989,0.24,1,75691,0.16,0
207,46,25286,17073,0.14,1,13696,0.16,0
208,52,30325,37575,0.1,1,29521,0.16,0
209,26,21782,48592,0.47,1,36238,0.16,1
210,52,28239,16543,0.4,0,13763,0.16,0
211,24,37684,38018,0.18,0,30707,0.16,0
212,31,72258,75630,0.06,0,46709,0.16,0
213,37,39240,85280,0.4,1,67911,0.16,0
214,58,55704,67674,0.17,0,48464,0.16,0
215,44,52449,104844,0.22,1,77728,0.16,1
216,25,62914,183291,0.07,1,138755,0.16,1
217,54,29219,72553,0.19,0,50827,0.16,0
218,26,83249,110909,0.07,0,81452,0.16,0
219,42,24255,40772,0.16,0,31326,0.16,0
220,31,39186,39252,0.63,2,24246,0.24,0
221,36,48511,26161,0.29,0,20194,0.16,0
222,53,71687,87765,0.16,0,61823,0.16,0
223,29,97699,139076,0.39,0,107334,0.16,1
224,26,71970,137528,0.48,1,100886,0.16,1
225,36,99504,284598,0.34,0,186400,0.16,0
226,49,32383,92927,0.44,0,58798,0.16,0
227,23,88892,60023,0.19,1,51766,0.16,0
228,40,81579,166144,0.17,1,119389,0.16,0
229,56,14792,8962,0.25,0,7033,0.16,0
230,39,43904,93085,0.27,2,58228,0.24,0
231,46,66238,52610,0.11,0,38054,0.16,0
232,23,37884,108575,0.04,0,88188,0.16,0
233,39,28483,75788,0.14,1,67504,0.16,0
234,40,141080,78415,0.57,1,60109,0.16,0
235,52,51819,127232,0.25,1,83034,0.16,0
236,27,52533,109780,0.15,0,66285,0.16,0
237,61,25476,44288,0.36,1,31278,0.16,0
238,53,36091,72419,0.36,1,52273,0.16,0
239,60,31290,68701,0.45,0,51491,0.16,0
240,59,84076,227942,0.11,1,137037,0.16,0
241,38,63089,152574,0.26,0,124665,0.16,0
242,60,36853,71437,0.33,1,56903,0.16,0
243,21,64877,166184,0.37,0,100604,0.16,0
244,31,43184,128140,0.57,0,89708,0.16,0
245,48,55118,68922,0.3,0,48963,0.16,0
246,45,54988,43773,0.35,0,29992,0.16,0
247,43,60483,140841,0.13,0,97015,0.16,0
248,51,56944,167784,0.5,1,122491,0.16,0
249,50,60507,47907,0.56,0,38835,0.16,0
250,62,91849,145054,0.13,0,116439,0.16,0
251,55,67526,44274,0.08,0,32014,0.16,0
252,27,41421,101122,0.38,0,79514,0.16,0
253,36,46677,134045,0.48,1,83235,0.16,0
254,46,90679,158460,0.31,0,131653,0.16,0
255,22,51855,79016,0.43,2,57875,0.24,0
256,21,40659,112596,0.41,3,70586,0.24,0
257,32,35754,29799,0.1,0,21220,0.16,0
258,25,56191,153343,0.13,0,124592,0.16,0
259,57,31970,47325,0.47,1,30145,0.16,0
260,52,93190,176922,0.51,2,149397,0.24,0
261,29,29175,53119,0.4,0,43157,0.16,0
262,61,102645,209390,0.61,2,130856,0.24,0
263,55,42505,121364,0.15,0,108448,0.16,0
264,39,28613,82342,0.34,1,72713,0.16,0
265,36,53883,138903,0.53,0,88848,0.16,0
266,23,30439,29795,0.09,0,19690,0.16,1
267,40,49870,66516,0.14,0,46840,0.16,0
268,44,36725,63150,0.35,0,56639,0.16,0
269,53,78632,217311,0.48,1,176374,0.16,0
270,44,52489,94593,0.49,0,82708,0.16,0
271,31,27058,79647,0.28,0,54380,0.16,1
272,28,36369,107637,0.39,0,92675,0.16,0
273,56,69736,139225,0.21,0,88148,0.16,0
274,58,93297,251317,0.15,0,225844,0.16,0
275,60,47923,143675,0.16,0,90802,0.16,0
276,40,29079,76311,0.19,0,55774,0.16,0
277,55,83035,177884,0.27,0,150482,0.16,0
278,45,69583,181808,0.03,0,155502,0.16,0
279,55,94208,66570,0.2,0,57178,0.16,0
280,45,56675,118283,0.21,0,81143,0.16,0
281,49,37786,39346,0.24,0,31403,0.16,0
282,38,63477,50156,0.33,2,33256,0.24,0
283,38,57708,157668,0.24,0,117976,0.16,0
284,22,36774,77192,0.39,0,65953,0.16,1
285,55,54139,60032,0.16,1,43403,0.16,0
286,36,44466,65229,0.3,1,41288,0.16,0
287,61,71094,208532,0.45,0,126608,0.16,0
288,56,62692,166475,0.38,1,144827,0.16,0
289,53,28975,15616,0.15,0,9947,0.16,0
290,24,27550,81258,0.37,2,70110,0.24,1
291,53,46868,66614,0.33,0,41843,0.16,1
292,34,49831,111548,0.46,3,75014,0.24,1
293,41,71717,163636,0.53,2,133935,0.24,1
294,40,63364,176101,0.3,0,114891,0.16,0
295,28,101655,275754,0.14,0,238535,0.16,0
296,27,38808,46737,0.55,0,31196,0.16,1
297,23,37716,79536,0.15,0,56505,0.16,0
298,37,30336,45026,0.16,0,38726,0.16,0
299,53,71303,129333,0.53,0,90905,0.16,0
300,32,49556,93497,0.28,0,72609,0.16,0
301,42,19403,28927,0.17,1,20167,0.16,0
302,42,54235,90015,0.5,0,66934,0.16,1
303,50,55993,57160,0.1,0,42363,0.16,0
304,58,45607,92085,0.21,1,68391,0.16,0
305,58,56858,136311,0.37,1,96790,0.16,1
306,28,26632,41928,0.26,0,34244,0.16,0
307,47,111359,327863,0.52,2,230449,0.24,0
308,47,59286,38124,0.16,0,24433,0.16,0
309,54,20194,39840,0.46,2,31043,0.24,0
310,41,48876,95748,0.18,0,65436,0.16,0
311,50,60075,35488,0.47,0,21705,0.16,0
312,53,28100,29826,0.09,0,18299,0.16,0
313,48,64011,176917,0.37,1,132049,0.16,0
314,53,113602,211445,0.12,0,188284,0.16,0
315,25,35518,56507,0.21,0,35223,0.16,0
316,39,60731,93449,0.46,0,65357,0.16,0
317,24,54409,148014,0.56,1,90551,0.16,0
318,55,79550,112768,0.25,0,89019,0.16,0
319,37,46424,122926,0.36,2,95088,0.24,0
320,64,28757,36607,0.11,0,25076,0.16,0
321,48,77040,140887,0.24,0,116647,0.16,0
322,50,29624,25463,0.16,0,15500,0.16,0
323,49,121107,310345,0.46,0,197910,0.16,0
324,26,64885,151826,0.16,0,93744,0.16,0
325,55,36335,66319,0.28,0,46517,0.16,0
326,61,85333,48192,0.17,0,36220,0.16,0
327,57,48796,83106,0.1,0,57087,0.16,0
328,44,43883,46647,0.31,1,32394,0.16,0
329,49,34876,53480,0.19,0,41294,0.16,0
330,51,19166,50618,0.24,0,34031,0.16,0
331,55,66316,160750,0.29,0,109829,0.16,0
332,53,21718,23995,0.35,0,20886,0.16,0
333,41,32969,97666,0.56,0,79914,0.16,1
334,52,60865,167867,0.37,0,126143,0.16,0
335,43,38164,69522,0.29,1,56393,0.16,0
336,53,53028,96796,0.65,1,70894,0.16,0
337,23,26719,73561,0.45,1,64268,0.16,0
338,38,41182,86085,0.35,0,56208,0.16,0
339,45,53193,97966,0.44,0,63804,0.16,0
340,62,30462,72282,0.26,0,44658,0.16,0
341,51,113912,123906,0.18,0,81034,0.16,1
342,23,35642,96088,0.11,0,64007,0.16,0
343,60,97656,178567,0.17,0,153243,0.16,0
344,44,45075,90544,0.17,0,68139,0.16,0
345,52,22376,16219,0.06,0,10733,0.16,0
346,42,27765,35366,0.13,0,30255,0.16,0
347,43,53532,83875,0.11,0,52238,0.16,0
348,22,82157,126092,0.22,1,86399,0.16,0
349,47,118763,290459,0.23,0,256058,0.16,0
350,62,52266,63022,0.29,1,56123,0.16,0
351,22,27211,25993,0.24,0,18483,0.16,0
352,46,56344,110239,0.46,0,92757,0.16,0
353,37,32447,66111,0.17,0,42758,0.16,0
354,60,59640,47948,0.04,0,41586,0.16,0
355,53,30615,15496,0.17,0,12981,0.16,0
356,29,17243,48179,0.29,0,38425,0.16,0
357,63,94696,66201,0.16,0,56357,0.16,0
358,59,43773,120142,0.4,1,92358,0.16,0
359,49,50253,75280,0.18,0,52674,0.16,0
360,62,80688,172078,0.17,0,137574,0.16,0
361,46,125419,120908,0.38,0,96633,0.16,0
362,55,70265,179863,0.5,2,139205,0.24,0
363,45,51611,49055,0.38,0,41018,0.16,0
364,44,61786,90595,0.08,0,55808,0.16,0
365,33,42302,46323,0.24,0,36674,0.16,0
366,27,49914,129465,0.35,1,100081,0.16,1
367,56,52703,139443,0.37,2,92893,0.24,0
368,40,33080,47306,0.04,0,29621,0.16,0
369,21,49542,62841,0.19,0,46563,0.16,0
370,28,58897,143350,0.49,0,96934,0.16,0
371,36,63481,171162,0.32,0,142363,0.16,0
372,34,61001,125665,0.27,0,93886,0.16,1
373,32,25096,70733,0.21,0,62846,0.16,0
374,43,90638,132114,0.13,0,117148,0.16,1
375,35,86954,76494,0.2,0,66121,0.16,0
376,48,46719,44341,0.15,0,34981,0.16,0
377,54,61559,133864,0.04,0,104357,0.16,0
378,22,43990,66812,0.27,0,44455,0.16,0
379,52,71394,63596,0.4,0,51844,0.16,0
380,43,32625,40147,0.1,0,35101,0.16,0
381,42,95916,175191,0.04,0,121591,0.16,0
382,45,69640,55963,0.45,0,47737,0.16,0
383,42,70454,35833,0.11,0,25910,0.16,0
384,42,46512,129919,0.28,0,115169,0.16,0
385,62,24189,30530,0.33,1,21968,0.16,0
386,26,76264,80362,0.14,1,66837,0.16,0
387,35,24593,55240,0.21,0,46562,0.16,0
388,63,76725,202055,0.32,0,164347,0.16,0
389,57,33320,69328,0.47,0,49551,0.16,0
390,53,22169,25188,0.21,0,16291,0.16,0
391,28,49045,130169,0.39,0,82008,0.16,0
392,64,88556,157281,0.22,0,98787,0.16,0
393,64,30248,43949,0.73,1,36515,0.16,1
394,25,109045,219378,0.27,0,156711,0.16,0
395,59,68075,153272,0.08,0,109450,0.16,0
396,24,53017,105216,0.29,0,69497,0.16,0
397,26,39426,110416,0.3,0,73356,0.16,0
398,52,40825,84509,0.13,0,60361,0.16,0
399,50,60784,163901,0.41,0,108767,0.16,0
400,55,74833,147226,0.16,0,116343,0.16,0
401,60,36433,48244,0.22,2,41267,0.24,1
402,36,32752,59960,0.14,1,48180,0.16,0
403,33,44050,31532,0.53,0,21724,0.16,0
404,62,98401,105824,0.1,0,73723,0.16,0
405,50,26676,64437,0.3,0,50571,0.16,0
406,39,86789,186916,0.4,0,146812,0.16,0
407,37,50068,45877,0.75,0,37863,0.16,0
408,39,21453,34218,0.33,0,30140,0.16,0
409,48,38916,33272,0.29,2,22216,0.24,1
410,46,66491,175505,0.29,0,120580,0.16,0
411,57,120681,93277,0.29,0,76126,0.16,1
412,46,25243,53908,0.31,0,34294,0.16,1
413,43,11973,24155,0.21,0,16243,0.16,0
414,29,25469,42837,0.38,1,28663,0.16,0
415,32,86267,103139,0.07,0,68466,0.16,0
416,21,19992,30185,0.37,0,24492,0.16,0
417,21,103634,260740,0.33,0,171546,0.16,0
418,54,89985,216312,0.49,0,185592,0.16,0
419,52,53934,126584,0.48,3,97287,0.24,1
420,45,35839,85101,0.32,0,64303,0.16,0
421,60,50394,43324,0.25,1,31040,0.16,0
422,21,66539,49753,0.4,0,33360,0.16,1
423,36,61650,163603,0.28,0,106031,0.16,0
424,59,116988,303342,0.36,0,199902,0.16,0
425,25,43042,94834,0.23,2,83543,0.24,0
426,42,25580,51537,0.24,1,40519,0.16,0
427,49,23420,33190,0.39,0,24747,0.16,0
428,23,21191,22466,0.08,0,13652,0.16,0
429,32,54075,117296,0.08,2,103660,0.24,0
430,46,43600,121320,0.14,0,100083,0.16,0
431,36,49827,79349,0.13,0,52027,0.16,0
432,57,37476,47145,0.23,0,34106,0.16,0
433,42,28139,33115,0.21,0,26138,0.16,1
434,49,66647,37273,0.04,0,24327,0.16,0
435,34,14306,25762,0.24,0,19222,0.16,1
436,48,32833,97533,0.41,0,79317,0.16,0
437,25,72638,184362,0.26,1,118857,0.16,0
438,50,31243,85721,0.2,0,57854,0.16,0
439,25,59625,122404,0.39,0,91528,0.16,0
440,32,32855,55972,0.61,0,45291,0.16,0
441,36,39029,116155,0.25,0,89261,0.16,0
442,46,65346,105723,0.19,0,70158,0.16,0
443,46,25876,72247,0.12,0,61196,0.16,0
444,41,71156,171102,0.33,2,129398,0.24,0
445,59,50159,66583,0.16,0,42178,0.16,0
446,56,91878,161489,0.36,1,107865,0.16,0
447,53,54397,79464,0.09,0,70758,0.16,0
448,50,28717,24138,0.24,0,19521,0.16,0
449,57,116308,161891,0.09,0,113286,0.16,0
450,43,29942,81515,0.15,0,54860,0.16,0
451,30,43757,104211,0.15,0,77057,0.16,0
452,25,79118,94463,0.12,0,61229,0.16,0
453,56,19149,27187,0.41,0,18210,0.16,0
454,54,100693,205522,0.09,0,166247,0.16,0
455,51,27572,42470,0.17,1,36361,0.16,0
456,30,39046,68627,0.1,0,42454,0.16,0
457,39,56637,127173,0.06,0,98919,0.16,0
458,52,48009,80085,0.54,0,62332,0.16,0
459,21,72735,71092,0.26,0,50816,0.16,0
460,25,22017,39662,0.31,1,33132,0.16,1
461,24,70525,98050,0.48,0,73527,0.16,0
462,36,73395,90043,0.29,1,57892,0.16,0
463,44,82011,108276,0.55,0,85393,0.16,1
464,36,22140,35368,0.56,2,27590,0.24,0
465,22,23518,63887,0.57,3,57365,0.24,1
466,48,41308,96460,0.46,2,64223,0.24,1
467,52,24824,53860,0.31,1,42113,0.16,0
468,47,19890,33378,0.3,0,25756,0.16,0
469,40,40427,20398,0.14,0,14219,0.16,0
470,44,55107,74470,0.06,0,61758,0.16,0
471,32,198687,503270,0.29,2,358132,0.24,0
472,55,64494,94833,0.14,0,75667,0.16,0
473,53,117728,224807,0.09,0,161546,0.16,0
474,53,47950,48518,0.21,0,40658,0.16,0
475,63,64846,180897,0.48,1,162692,0.16,0
476,57,45566,127945,0.15,2,103183,0.24,0
477,32,187505,162224,0.12,0,135388,0.16,0
478,23,34794,80387,0.6,0,49616,0.16,1
479,21,37235,25621,0.16,0,22231,0.16,0
480,53,73004,145742,0.31,3,123866,0.24,1
481,60,54379,51477,0.2,0,33026,0.16,0
482,30,39652,34269,0.22,0,26905,0.16,1
483,63,79236,40434,0.34,1,34745,0.16,0
484,64,48022,136965,0.23,1,108042,0.16,0
485,49,47853,123132,0.39,0,106472,0.16,0
486,33,55011,38160,0.12,0,31028,0.16,0
487,32,20597,41161,0.23,1,30127,0.16,0
488,51,22100,23917,0.22,1,21219,0.16,0
489,22,84410,97918,0.08,0,85852,0.16,0
490,55,34944,93839,0.32,1,58169,0.16,0
491,43,45868,36043,0.33,0,23361,0.16,0
492,37,109778,219964,0.62,0,170200,0.16,0
493,46,46913,70516,0.45,1,55398,0.16,0
494,28,44132,43117,0.45,0,37504,0.16,1
495,49,76729,125052,0.19,0,80845,0.16,0
496,46,36347,103633,0.08,0,73943,0.16,1
497,30,89452,219517,0.04,0,196096,0.16,0
498,46,75946,63056,0.29,1,54104,0.16,1
499,54,122414,321162,0.08,0,280235,0.16,0
500,61,34711,98704,0.16,0,60158,0.16,0
501,27,97099,115781,0.52,1,77112,0.16,1
502,24,64669,86239,0.12,0,63727,0.16,0
503,31,25268,20612,0.31,0,17769,0.16,0
504,49,13385,18235,0.12,0,13382,0.16,0
505,56,32892,71798,0.12,0,46539,0.16,0
506,45,56736,66970,0.46,1,52502,0.16,0
507,41,61002,31541,0.16,0,27380,0.16,0
508,56,47593,64077,0.14,0,39753,0.16,0
509,30,47807,78065,0.33,0,58446,0.16,0
510,57,46027,88182,0.11,1,78838,0.16,0
511,29,82093,181389,0.09,1,112958,0.16,0
512,44,23905,15644,0.08,1,11276,0.16,0
513,55,56058,93862,0.5,1,62474,0.16,0
514,55,32487,37876,0.37,0,24055,0.16,0
515,56,31154,89409,0.01,0,73056,0.16,0
516,38,88266,123550,0.49,1,76490,0.16,0
517,59,29982,22495,0.17,0,19667,0.16,0
518,52,45717,27600,0.55,1,24429,0.16,0
519,44,130515,151856,0.07,0,117580,0.16,0
520,43,74536,70600,0.32,0,55492,0.16,0
521,52,39046,82953,0.26,0,72375,0.16,0
522,57,40693,106510,0.6,0,82183,0.16,0
523,32,26539,34006,0.09,0,22528,0.16,0
524,33,93931,182646,0.46,1,129239,0.16,0
525,43,81281,189040,0.12,0,141163,0.16,0
526,45,69099,103387,0.55,1,83942,0.16,0
527,55,73014,48613,0.25,0,35957,0.16,0
528,61,33280,35708,0.25,1,31575,0.16,0
529,50,22607,61212,0.42,0,47689,0.16,0
530,37,64878,166165,0.16,0,126693,0.16,0
531,40,76441,54757,0.23,0,45596,0.16,0
532,45,109482,116036,0.39,0,76788,0.16,0
533,42,44336,107422,0.28,1,80819,0.16,0
534,33,41217,70676,0.1,0,42767,0.16,0
535,39,43493,104379,0.28,0,76454,0.16,0
536,56,68553,70454,0.07,0,45506,0.16,0
537,32,42572,122681,0.53,1,103007,0.16,0
538,61,47756,117432,0.09,0,83760,0.16,0
539,39,74274,73800,0.41,1,54642,0.16,0
540,32,35849,67974,0.45,1,41437,0.16,0
541,29,98280,76927,0.4,1,46929,0.16,0
542,27,67275,94426,0.23,0,64071,0.16,0
543,48,19364,41614,0.69,1,33704,0.16,1
544,34,37885,50209,0.44,0,41497,0.16,0
545,51,17815,38157,0.5,0,34264,0.16,0
546,39,44429,49402,0.4,0,41249,0.16,0
547,36,38209,87995,0.25,0,69847,0.16,0
548,25,74416,104106,0.22,0,84358,0.16,0
549,55,31555,78136,0.07,0,56275,0.16,0
550,32,59508,50089,0.65,1,44552,0.16,0
551,45,65148,91529,0.34,0,71867,0.16,0
552,41,55748,92532,0.07,1,56044,0.16,0
553,56,86687,135198,0.27,0,95240,0.16,0
554,43,137880,218227,0.28,1,140170,0.16,0
555,36,51842,83569,0.11,0,56049,0.16,0
556,59,60029,178406,0.07,0,137330,0.16,0
557,62,31566,31025,0.37,0,22707,0.16,0
558,59,29443,71300,0.37,0,52424,0.16,0
559,34,82200,154492,0.27,0,112678,0.16,1
560,51,76938,118028,0.21,0,77889,0.16,0
561,25,29295,61045,0.22,0,38579,0.16,1
562,55,25486,67125,0.56,0,49010,0.16,0
563,43,35441,59065,0.54,0,40207,0.16,0
564,49,45675,121587,0.24,0,84209,0.16,0
565,63,39952,29344,0.34,2,18539,0.24,0
566,31,53117,113283,0.05,0,94374,0.16,0
567,38,77538,103354,0.27,0,63929,0.16,0
568,32,61762,90591,0.13,1,73443,0.16,0
569,29,64091,123538,0.12,0,97548,0.16,0
570,30,14389,24458,0.24,1,15007,0.16,1
571,64,21873,31813,0.35,1,26998,0.16,0
572,37,32917,41831,0.09,0,32310,0.16,0
573,58,35749,73134,0.21,3,59667,0.24,1
574,27,74601,131592,0.14,0,102093,0.16,0
575,33,31588,41325,0.44,0,27809,0.16,1
576,60,68422,69270,0.19,0,47874,0.16,0
577,62,33105,80649,0.25,0,72518,0.16,0
578,29,26891,67208,0.39,2,56598,0.24,0
579,47,27522,28470,0.2,0,24242,0.16,0
580,22,151620,174988,0.23,0,118588,0.16,0
581,25,32738,35941,0.44,0,29997,0.16,0
582,49,69251,187768,0.18,0,131989,0.16,0
583,57,22491,54772,0.5,0,38275,0.16,0
584,58,99654,68405,0.22,1,47483,0.16,0
585,39,58367,150684,0.02,0,95335,0.16,0
586,28,56217,33287,0.25,0,21009,0.16,1
587,21,60289,68307,0.04,0,55183,0.16,0
588,42,63703,178207,0.26,0,134006,0.16,0
589,37,73462,195469,0.45,1,164820,0.16,1
590,27,36331,89141,0.39,2,74458,0.24,1
591,45,35284,58002,0.17,0,40771,0.16,0
592,24,50242,65492,0.2,0,41920,0.16,0
593,56,69024,186631,0.35,0,127557,0.16,0
594,26,47413,101591,0.24,0,77602,0.16,0
595,51,72182,89417,0.11,0,75134,0.16,0
596,39,66763,110692,0.08,0,81222,0.16,0
597,64,43980,118910,0.43,0,92533,0.16,0
598,59,20463,56450,0.25,1,43243,0.16,0
599,47,38110,81870,0.07,0,54405,0.16,0
600,30,117172,273173,0.23,0,199890,0.16,0
601,46,58106,34761,0.54,0,27777,0.16,0
602,39,35604,71617,0.71,2,44045,0.24,1
603,59,55565,123492,0.11,0,96361,0.16,0
604,23,68756,37880,0.06,0,32948,0.16,0
605,33,35613,92937,0.2,0,81251,0.16,0
606,48,90916,256447,0.48,0,219340,0.16,0
607,40,62808,68764,0.09,0,45793,0.16,0
608,48,28283,73945,0.2,1,63421,0.16,0
609,28,75220,162759,0.69,0,103086,0.16,0
610,61,39942,77956,0.24,0,54321,0.16,0
611,59,44821,116884,0.43,0,84053,0.16,0
612,21,29496,35808,0.22,0,23698,0.16,0
613,23,67219,166510,0.62,0,143558,0.16,0
614,33,45504,58531,0.18,1,48045,0.16,0
615,48,68657,169489,0.27,0,138010,0.16,1
616,45,37216,60574,0.15,0,53197,0.16,0
617,53,35147,27849,0.28,0,23067,0.16,0
618,58,33751,49067,0.47,1,35737,0.16,0
619,26,59755,64758,0.4,1,41438,0.16,0
620,64,34885,26210,0.22,0,22237,0.16,0
621,52,44286,34353,0.19,0,27966,0.16,0
622,41,37827,92682,0.29,0,72447,0.16,0
623,36,61086,165145,0.2,0,136003,0.16,0
624,41,20585,58004,0.33,2,47940,0.24,0
625,31,55465,146142,0.61,2,120246,0.24,1
626,57,116502,300057,0.1,0,220909,0.16,0
627,56,90945,61123,0.23,0,46473,0.16,0
628,55,36014,89145,0.34,0,74967,0.16,0
629,39,62774,154311,0.39,0,135593,0.16,0
630,40,56970,47184,0.24,1,35612,0.16,0
631,38,102200,220243,0.36,0,177936,0.16,1
632,61,13973,22793,0.16,0,17144,0.16,0
633,34,85513,235163,0.51,1,170509,0.16,0
634,35,42883,95994,0.28,0,80081,0.16,1
635,51,33805,97272,0.12,0,62674,0.16,0
636,21,33326,25404,0.27,2,18631,0.24,0
637,23,25592,15394,0.61,0,11954,0.16,1
638,36,36060,105798,0.11,1,85947,0.16,0
639,43,28570,20012,0.14,0,17316,0.16,0
640,31,53643,78613,0.22,1,50972,0.16,0
641,32,65839,139903,0.3,1,101331,0.16,0
642,30,43118,116424,0.26,1,77791,0.16,0
643,52,103762,117919,0.16,0,90147,0.16,0
644,36,37264,21339,0.17,0,14112,0.16,0
645,28,42006,75745,0.03,0,50896,0.16,0
646,58,38697,64925,0.15,0,41319,0.16,0
647,32,66125,83795,0.51,1,64479,0.16,0
648,44,69548,186718,0.39,0,156898,0.16,0
649,48,62798,149038,0.14,0,95024,0.16,0
650,28,46071,121871,0.49,5,102134,0.24,0
651,48,25076,22681,0.24,0,20175,0.16,0
652,56,41784,93221,0.48,0,69297,0.16,0
653,46,102648,301554,0.13,1,229321,0.16,0
654,28,81358,165139,0.32,0,136838,0.16,0
655,48,56784,52718,0.31,2,43511,0.24,0
656,48,40448,120917,0.24,0,76470,0.16,0
657,57,48688,88651,0.12,0,75219,0.16,0
658,61,40538,105404,0.4,2,66699,0.24,0
659,56,89011,77742,0.55,1,59852,0.16,0
660,47,32225,69774,0.17,0,52386,0.16,0
661,37,77795,216390,0.7,2,183542,0.24,1
662,29,37624,68853,0.5,1,44113,0.16,1
663,53,94889,115921,0.6,0,91979,0.16,0
664,40,60681,49670,0.16,0,43137,0.16,0
665,33,33701,41784,0.13,0,31993,0.16,0
666,48,41996,58257,0.69,2,50088,0.24,1
667,49,69969,159171,0.2,0,137688,0.16,0
668,33,38193,36151,0.32,1,24432,0.16,0
669,55,49566,37930,0.31,2,32770,0.24,0
670,26,37931,55658,0.39,0,44787,0.16,0
671,38,118132,194520,0.07,0,166928,0.16,0
672,25,128738,266611,0.27,0,181111,0.16,0
673,45,101881,231150,0.07,0,164945,0.16,0
674,22,46065,125443,0.41,1,97951,0.16,1
675,30,40079,48991,0.39,0,40475,0.16,1
676,50,33203,60479,0.44,0,54116,0.16,0
677,25,105647,149501,0.27,0,92767,0.16,0
678,53,78070,39312,0.45,0,29975,0.16,0
679,21,79967,155822,0.33,0,119112,0.16,0
680,38,43262,109863,0.34,0,95776,0.16,0
681,52,20354,12031,0.06,2,8070,0.24,0
682,31,22834,11616,0.39,0,7524,0.16,0
683,41,50453,117028,0.3,0,87154,0.16,0
684,46,37747,83407,0.35,0,68211,0.16,0
685,45,35637,53976,0.29,0,48124,0.16,1
686,42,58254,125479,0.45,0,96812,0.16,0
687,47,81375,234641,0.25,0,191854,0.16,0
688,33,34523,38653,0.63,0,26420,0.16,0
689,53,25519,28449,0.3,1,22842,0.16,0
690,54,34935,33732,0.22,0,22694,0.16,0
691,61,29086,67187,0.11,0,50301,0.16,0
692,55,65934,91184,0.25,0,55984,0.16,0
693,21,48920,145377,0.25,0,101335,0.16,0
694,41,125523,287023,0.34,1,239530,0.16,0
695,26,70780,100397,0.12,0,62281,0.16,0
696,48,121409,105985,0.36,0,73718,0.16,0
697,37,24295,48105,0.7,2,31326,0.24,1
698,25,9638,11924,0.22,2,9398,0.24,0
699,51,55353,152983,0.13,0,125925,0.16,0
700,25,52135,83599,0.26,0,52916,0.16,0
701,58,46101,56779,0.32,1,42975,0.16,0
702,23,51425,101378,0.11,0,81552,0.16,0
703,43,27944,23541,0.18,0,21115,0.16,0
704,57,64964,123683,0.34,3,82293,0.24,0
705,57,70834,45353,0.22,0,28212,0.16,0
706,30,26906,54275,0.45,0,36764,0.16,0
707,30,41076,74980,0.28,0,57601,0.16,0
708,39,42364,76336,0.27,0,60301,0.16,0
709,37,35052,77479,0.23,0,55289,0.16,0
710,41,27431,16764,0.18,0,12240,0.16,0
711,34,49328,81358,0.13,1,62187,0.16,0
712,29,55848,89920,0.8,0,58147,0.16,0
713,21,36131,59596,0.16,0,52954,0.16,0
714,33,28413,83810,0.33,0,67211,0.16,0
715,24,60191,51053,0.3,1,38614,0.16,0
716,21,33400,74350,0.15,0,60937,0.16,0
717,60,41998,63206,0.34,2,39801,0.24,0
718,52,39417,70135,0.12,0,58631,0.16,0
719,54,91386,219873,0.36,1,144637,0.16,0
720,48,34176,30534,0.54,1,19054,0.16,0
721,51,116164,279834,0.08,0,242167,0.16,0
722,28,71406,48258,0.58,1,39125,0.16,0
723,59,121838,208132,0.49,0,127271,0.16,0
724,46,68344,160962,0.41,2,141561,0.24,0
725,54,43891,43073,0.19,0,38740,0.16,0
726,23,30986,75211,0.18,0,59082,0.16,1
727,32,41039,37634,0.07,1,24233,0.16,0
728,21,103119,257601,0.07,0,194450,0.16,0
729,64,47859,80036,0.6,1,64286,0.16,1
730,25,68217,150868,0.16,0,98898,0.16,0
731,50,54365,151869,0.06,0,108768,0.16,0
732,50,55538,84476,0.54,2,53445,0.24,0
733,37,56617,61281,0.14,0,47443,0.16,0
734,43,62797,167536,0.17,0,117784,0.16,0
735,35,32628,29497,0.45,1,20819,0.16,0
736,57,42725,88812,0.21,0,65541,0.16,0
737,41,57219,160678,0.16,0,108599,0.16,0
738,34,53196,116286,0.17,0,91290,0.16,0
739,22,38925,38504,0.18,1,30860,0.16,1
740,31,60373,53171,0.41,0,35907,0.16,1
741,59,33337,37696,0.27,0,31331,0.16,0
742,58,26595,39321,0.15,0,24224,0.16,0
743,54,56811,51010,0.15,1,41192,0.16,0
744,58,26923,67160,0.22,0,49054,0.16,0
745,54,56390,78528,0.41,0,61764,0.16,0
746,38,18447,52393,0.18,0,37691,0.16,0
747,50,34115,88911,0.12,0,63422,0.16,0
748,35,41614,115355,0.09,1,74186,0.16,0
749,47,21953,27138,0.3,0,22086,0.16,0
750,54,40686,78700,0.21,2,54305,0.24,1
751,58,88655,115572,0.12,1,84263,0.16,0
752,53,25973,29670,0.12,0,24550,0.16,0
753,44,41246,83222,0.16,0,55674,0.16,0
754,35,114843,292274,0.1,1,214888,0.16,0
755,50,28827,21158,0.59,0,14720,0.16,0
756,62,98578,117250,0.29,0,95509,0.16,0
757,37,42637,43184,0.08,0,38380,0.16,0
758,25,51583,128744,0.49,1,113959,0.16,0
759,49,93502,264931,0.22,1,198463,0.16,0
760,24,38462,26917,0.56,0,17514,0.16,1
761,30,67205,97315,0.25,0,86594,0.16,0
762,37,76290,212564,0.15,0,184366,0.16,0
763,30,35404,48205,0.51,0,31215,0.16,0
764,37,33499,76433,0.29,0,52127,0.16,0
765,40,43726,32867,0.25,1,20814,0.16,0
766,44,44415,71551,0.24,0,63452,0.16,0
767,25,28581,50252,0.19,0,31218,0.16,0
768,54,35567,85153,0.06,0,61163,0.16,0
769,26,8660,10583,0.26,1,9010,0.16,0
770,22,41475,48130,0.31,0,36719,0.16,0
771,33,76664,96398,0.4,1,72773,0.16,0
772,63,21304,40248,0.51,0,28775,0.16,0
773,63,38887,104606,0.36,0,63041,0.16,0
774,31,166236,428448,0.41,0,276257,0.16,0
775,43,48470,31256,0.33,0,24167,0.16,0
776,36,96606,260583,0.03,0,219065,0.16,0
777,51,29556,21805,0.2,1,17315,0.16,0
778,31,61353,94383,0.34,1,78146,0.16,0
779,36,27143,65509,0.4,0,43361,0.16,0
780,28,59906,42160,0.3,0,32409,0.16,0
781,24,74691,44889,0.28,2,31928,0.24,0
782,60,66335,87893,0.78,0,61551,0.16,0
783,24,41255,95910,0.35,0,69763,0.16,0
784,45,56244,101486,0.28,0,87420,0.16,0
785,23,56514,87173,0.41,0,75449,0.16,0
786,52,68390,173210,0.33,0,144891,0.16,0
787,23,46079,111362,0.37,2,79374,0.24,0
788,47,78086,192490,0.06,1,116903,0.16,0
789,49,100438,165654,0.11,0,117635,0.16,1
790,52,41817,22941,0.41,0,19446,0.16,0
791,39,50172,46677,0.14,0,29379,0.16,0
792,41,31181,73376,0.39,2,58741,0.24,0
793,25,58112,138477,0.13,0,118767,0.16,0
794,38,58297,170853,0.28,0,126494,0.16,0
795,48,50462,49223,0.12,0,30158,0.16,0
796,62,52401,42304,0.16,0,31766,0.16,0
797,42,128144,108534,0.2,0,87670,0.16,1
798,41,11575,11134,0.25,1,8873,0.16,0
799,26,38241,69643,0.11,0,52481,0.16,0
800,21,41280,121281,0.11,0,94702,0.16,0
801,25,101565,200446,0.16,0,136910,0.16,0
802,61,62171,112325,0.27,0,74550,0.16,0
803,32,62934,137409,0.23,0,118987,0.16,0
804,46,92035,63027,0.47,0,43271,0.16,0
805,54,44802,113724,0.3,2,91857,0.24,1
806,34,67925,143810,0.13,0,94218,0.16,0
807,46,37594,34886,0.6,1,25432,0.16,0
808,47,28950,60123,0.16,0,38630,0.16,0
809,29,120220,239300,0.25,0,164727,0.16,0
810,46,58954,39035,0.09,1,25521,0.16,0
811,42,67665,78987,0.63,3,70040,0.24,0
812,50,28564,42199,0.47,2,25519,0.24,0
813,63,63270,70370,0.24,0,49561,0.16,0
814,37,119266,132135,0.1,1,104231,0.16,0
815,46,42671,82456,0.35,1,71200,0.16,0
816,56,26162,43877,0.24,0,39443,0.16,0
817,21,53744,116529,0.27,0,91198,0.16,1
818,28,29203,84426,0.46,0,73909,0.16,0
819,55,22496,48397,0.47,1,42809,0.16,0
820,35,33949,66378,0.16,1,50519,0.16,0
821,42,38318,100350,0.38,1,63697,0.16,0
822,34,29922,62243,0.15,0,46716,0.16,0
823,46,95152,86959,0.19,0,64801,0.16,0
824,48,126096,162269,0.22,0,124040,0.16,0
825,43,66772,155805,0.11,0,109962,0.16,0
826,34,59402,139354,0.26,0,111563,0.16,0
827,44,45659,135494,0.22,1,100190,0.16,0
828,22,31314,64739,0.68,0,49937,0.16,0
829,46,109256,300329,0.54,0,207385,0.16,1
830,34,47504,30233,0.37,0,22133,0.16,0
831,27,38898,74511,0.14,0,60652,0.16,0
832,23,81420,227945,0.52,0,144106,0.16,0
833,43,47249,57554,0.31,0,48365,0.16,0
834,63,79909,70894,0.28,0,51535,0.16,0
835,38,39939,54967,0.5,1,49060,0.16,1
836,58,81537,202259,0.27,0,153590,0.16,0
837,55,80008,56945,0.59,1,35137,0.16,0
838,35,95074,190228,0.08,1,143308,0.16,0
839,45,34381,28848,0.26,0,21888,0.16,0
840,57,47027,74717,0.16,0,59767,0.16,0
841,48,129817,378409,0.22,0,245736,0.16,0
842,30,43338,42811,0.56,1,31808,0.16,0
843,59,73534,43020,0.23,0,30807,0.16,0
844,37,154088,241611,0.09,1,211470,0.16,0
845,59,19447,37809,0.05,0,26043,0.16,0
846,42,42626,53017,0.3,0,32099,0.16,0
847,46,49066,90988,0.4,0,68166,0.16,0
848,64,19941,57499,0.2,3,51107,0.24,0
849,45,39027,49932,0.43,1,39582,0.16,0
850,37,30161,38412,0.22,0,29970,0.16,0
851,33,75270,128479,0.3,0,109167,0.16,0
852,40,20612,36860,0.08,0,23831,0.16,0
853,45,126078,63469,0.29,0,44816,0.16,0
854,24,69213,141172,0.53,0,93526,0.16,0
855,30,28943,86637,0.33,0,61968,0.16,0
856,23,81896,100733,0.08,1,62138,0.16,0
857,61,66071,137231,0.35,1,99234,0.16,0
858,38,48079,24595,0.11,0,15848,0.16,0
859,56,34175,68719,0.16,1,54028,0.16,0
860,42,64462,104278,0.54,0,77593,0.16,0
861,54,52128,95171,0.28,2,76162,0.24,0
862,28,34730,64589,0.37,2,47309,0.24,1
863,60,25043,23600,0.2,1,18593,0.16,0
864,64,32038,77689,0.33,0,48939,0.16,0
865,39,38114,71984,0.08,0,46753,0.16,1
866,62,87661,103044,0.21,0,91730,0.16,0
867,61,75386,214356,0.61,0,182643,0.16,0
868,57,39142,20820,0.09,0,15983,0.16,0
869,26,39910,92385,0.13,2,83110,0.24,0
870,46,80472,116932,0.7,1,71419,0.16,1
871,54,56031,101212,0.36,1,90418,0.16,0
872,26,55642,68371,0.24,1,42251,0.16,0
873,57,34486,44939,0.3,0,35624,0.16,0
874,53,46087,24790,0.08,1,19213,0.16,0
875,42,49125,114196,0.3,0,98505,0.16,0
876,41,46835,106643,0.24,0,82668,0.16,0
877,26,70758,151131,0.76,0,100689,0.16,1
878,26,71874,193691,0.59,1,128728,0.16,1
879,24,30962,85243,0.21,0,69913,0.16,0
880,50,38173,72189,0.45,0,61380,0.16,0
881,31,34763,76897,0.12,0,57352,0.16,0
882,50,98151,51774,0.31,0,43590,0.16,0
883,51,151258,395669,0.16,1,255965,0.16,0
884,44,38878,98790,0.23,0,75037,0.16,0
885,29,45091,24828,0.26,0,18456,0.16,0
886,23,74694,138711,0.08,0,117736,0.16,0
887,51,34420,95227,0.23,0,83393,0.16,0
888,60,75542,72027,0.73,2,45664,0.24,1
889,57,48511,67023,0.13,0,51929,0.16,0
890,56,20498,27213,0.17,0,19724,0.16,0
891,44,25585,35559,0.1,0,26423,0.16,0
892,51,41401,25035,0.24,0,21285,0.16,0
893,26,90352,108200,0.14,0,86696,0.16,0
894,22,31373,38812,0.4,0,29202,0.16,0
895,40,37532,100010,0.4,0,76860,0.16,0
896,48,54478,75195,0.57,2,64392,0.24,0
897,31,21282,34435,0.32,0,29308,0.16,0
898,24,56912,82627,0.4,0,58059,0.16,0
899,35,22654,18161,0.26,0,11513,0.16,0
900,26,65094,193712,0.23,1,125331,0.16,0
901,50,32715,83899,0.32,0,58455,0.16,0
902,58,30606,56691,0.02,0,50433,0.16,0
903,22,56184,95002,0.32,1,83567,0.16,0
904,35,72911,154800,0.41,0,134734,0.16,0
905,31,59167,77868,0.09,0,59889,0.16,0
906,28,54383,34027,0.44,0,25498,0.16,0
907,46,54770,82746,0.25,0,55825,0.16,0
908,64,59347,175663,0.07,2,141156,0.24,0
909,25,61329,58622,0.15,0,50663,0.16,0
910,26,40249,73223,0.3,1,62401,0.16,1
911,46,67999,35448,0.39,0,29357,0.16,1
912,24,32889,26478,0.1,0,17825,0.16,0
913,39,84600,166491,0.41,0,128661,0.16,0
914,40,72491,90145,0.37,0,60169,0.16,0
915,53,145866,403204,0.35,1,339154,0.16,0
916,40,63381,96049,0.33,0,84204,0.16,1
917,32,77230,78781,0.48,0,69433,0.16,0
918,21,22465,41874,0.25,0,36682,0.16,0
919,46,78499,195261,0.42,0,133847,0.16,0
920,34,88276,48423,0.15,0,32101,0.16,0
921,58,104022,183474,0.12,0,114622,0.16,0
922,57,52064,126701,0.4,0,104498,0.16,0
923,31,41317,31358,0.45,0,27865,0.16,0
924,56,28431,78384,0.58,2,49827,0.24,1
925,33,29761,34561,0.33,1,25689,0.16,0
926,63,48397,44840,0.75,4,30576,0.24,1
927,23,20420,40291,0.3,0,32991,0.16,0
928,53,33385,31301,0.14,0,26898,0.16,0
929,26,51264,112742,0.69,0,79510,0.16,1
930,30,50695,87461,0.5,0,70428,0.16,0
931,25,30191,23394,0.32,0,16832,0.16,0
932,43,26451,73566,0.34,1,65075,0.16,0
933,30,28502,62220,0.18,1,37372,0.16,0
934,64,43895,81863,0.08,0,67988,0.16,0
935,22,142187,204159,0.24,1,125139,0.16,0
936,33,83297,69732,0.12,0,57004,0.16,0
937,60,54562,123790,0.26,0,109552,0.16,0
938,22,64663,163865,0.3,0,141834,0.16,0
939,40,81465,66357,0.4,1,42179,0.16,0
940,21,68720,119326,0.44,0,74197,0.16,0
941,57,42019,71941,0.13,1,63000,0.16,0
942,29,32119,44156,0.44,1,30129,0.16,0
943,37,46044,113883,0.32,1,74343,0.16,0
944,29,80993,60649,0.12,0,40634,0.16,0
945,31,42821,43358,0.19,0,32984,0.16,0
946,35,28216,14221,0.17,0,8822,0.16,0
947,44,20708,29663,0.33,0,18032,0.16,0
948,58,46142,56659,0.24,1,43962,0.16,0
949,55,29353,78298,0.29,0,57234,0.16,0
950,50,39408,93181,0.26,0,81044,0.16,0
951,51,101530,72206,0.1,0,55423,0.16,0
952,25,47718,112251,0.49,0,86936,0.16,0
953,64,33683,73715,0.3,2,64551,0.24,0
954,34,57203,68890,0.2,0,43292,0.16,0
955,31,128088,68994,0.24,0,50883,0.16,0
956,29,46149,36361,0.35,1,26207,0.16,0
957,54,15096,16980,0.34,0,14166,0.16,0
958,32,67848,172439,0.42,0,125191,0.16,0
959,55,58291,96954,0.42,0,72245,0.16,0
960,55,51280,143378,0.06,1,106304,0.16,0
961,21,43932,108638,0.15,0,90983,0.16,0
962,60,32740,39869,0.31,0,31966,0.16,0
963,42,104556,273247,0.58,2,198935,0.24,1
964,49,19552,15481,0.14,0,9620,0.16,0
965,28,42003,24794,0.34,0,21080,0.16,0
966,31,41515,83916,0.17,1,75346,0.16,1
967,61,75110,101725,0.33,1,83728,0.16,0
968,57,90928,120349,0.17,0,87834,0.16,0
969,34,43766,97073,0.45,0,69705,0.16,1
970,50,53986,141727,0.36,0,110448,0.16,0
971,55,56330,73535,0.39,0,48835,0.16,0
972,41,83005,108946,0.27,0,70486,0.16,0
973,57,82155,150723,0.05,0,95522,0.16,0
974,25,37451,79881,0.27,1,71149,0.16,0
975,39,61019,61462,0.32,0,49045,0.16,0
976,34,59374,165160,0.17,0,126620,0.16,0
977,46,46260,98813,0.23,0,85454,0.16,0
978,24,59094,121905,0.46,0,85171,0.16,0
979,45,49518,136693,0.34,0,102923,0.16,1
980,62,53047,146842,0.09,1,94306,0.16,0
981,45,24884,20874,0.06,0,16321,0.16,0
982,38,30977,26723,0.42,2,23235,0.24,1
983,60,73782,177436,0.25,1,146216,0.16,0
984,28,26761,77398,0.1,0,59743,0.16,0
985,59,62010,134331,0.1,0,101574,0.16,0
986,60,47065,71929,0.24,0,56143,0.16,0
987,34,82069,181264,0.34,0,142947,0.16,0
988,52,67805,72688,0.18,0,56970,0.16,0
989,58,39079,117038,0.2,0,86616,0.16,0
990,53,43843,69171,0.18,0,54489,0.16,0
991,43,18164,51389,0.23,1,38863,0.16,1
992,35,45926,72425,0.17,0,52629,0.16,0
993,53,25975,73258,0.08,0,55424,0.16,0
994,45,43942,58847,0.19,0,49789,0.16,0
995,37,35633,85567,0.15,0,74632,0.16,0
996,53,31624,90998,0.29,1,72032,0.16,0
997,22,88775,187754,0.37,1,161190,0.16,1
998,34,25897,56815,0.06,0,34164,0.16,1
999,60,30286,22933,0.16,0,20231,0.16,0
1000,60,34575,58277,0.41,1,35106,0.16,0
1001,59,38539,104706,0.42,0,92194,0.16,0
1002,26,31622,34856,0.25,1,22792,0.16,0
1003,26,40963,101215,0.11,0,63559,0.16,0
1004,23,57015,124821,0.31,0,108046,0.16,1
1005,27,68523,72460,0.26,0,43837,0.16,0
1006,28,66879,80721,0.06,1,68465,0.16,0
1007,62,18880,29620,0.13,0,19572,0.16,0
1008,35,59284,48187,0.18,1,34685,0.16,0
1009,49,61141,170181,0.64,2,102532,0.24,0
1010,53,35199,82661,0.32,0,73688,0.16,0
1011,50,112853,159394,0.14,0,116809,0.16,0
1012,59,84443,105483,0.59,0,77009,0.16,0
1013,47,44733,99483,0.15,0,60382,0.16,0
1014,56,36388,56785,0.28,1,37240,0.16,0
1015,49,111940,120149,0.53,0,79123,0.16,0
1016,58,48556,76493,0.37,0,46147,0.16,0
1017,53,51150,136992,0.31,0,89195,0.16,0
1018,57,50829,34132,0.46,0,30102,0.16,0
1019,47,155057,220319,0.29,2,170708,0.24,0
1020,53,43991,127831,0.16,0,77376,0.16,0
1021,24,48444,26018,0.08,0,17290,0.16,0
1022,42,32353,88213,0.73,0,63886,0.16,0
1023,22,40346,57980,0.23,0,37772,0.16,0
1024,30,29269,28502,0.5,0,18444,0.16,0
1025,25,32683,17565,0.48,0,15590,0.16,1
1026,30,19831,13411,0.22,2,12040,0.24,0
1027,53,76172,70810,0.33,1,55729,0.16,0
1028,58,53017,29876,0.41,0,25693,0.16,0
1029,33,55246,74008,0.31,1,54068,0.16,0
1030,51,47752,29235,0.69,0,17593,0.16,0
1031,56,50811,113335,0.15,2,87840,0.24,0
1032,44,110146,280571,0.41,1,182321,0.16,0
1033,35,33376,90737,0.38,1,70129,0.16,0
1034,49,56341,105516,0.19,0,91542,0.16,0
1035,28,56190,161055,0.31,2,132862,0.24,0
1036,25,86768,44608,0.74,3,30224,0.24,1
1037,49,61042,50972,0.58,0,42961,0.16,0
1038,24,62596,77175,0.21,0,62774,0.16,0
1039,32,26130,64608,0.36,0,56891,0.16,0
1040,22,32713,88765,0.25,0,69798,0.16,0
1041,47,27352,55944,0.2,1,50027,0.16,1
1042,51,14215,20726,0.49,1,15717,0.16,0
1043,56,59790,129422,0.26,0,98042,0.16,0
1044,56,43009,40955,0.39,0,24806,0.16,0
1045,46,59846,98427,0.38,2,86709,0.24,0
1046,63,49898,88262,0.26,0,64368,0.16,0
1047,47,55282,42134,0.33,0,36255,0.16,0
1048,25,95708,55958,0.79,1,40050,0.16,1
1049,40,49199,116860,0.5,0,102627,0.16,0
1050,31,68493,125805,0.08,0,111308,0.16,0
1051,30,42145,56078,0.35,0,33999,0.16,0
1052,60,74042,117954,0.32,1,95862,0.16,0
1053,58,26375,76336,0.52,1,46536,0.16,1
1054,26,19559,28600,0.4,3,18004,0.24,0
1055,28,140551,106635,0.44,0,65275,0.16,0
1056,43,122780,203692,0.35,1,124067,0.16,0
1057,46,18531,39287,0.05,2,28420,0.24,0
1058,63,48143,25529,0.29,1,18780,0.16,0
1059,32,52836,70316,0.2,0,52080,0.16,0
1060,46,70367,104409,0.28,1,67523,0.16,0
1061,33,116962,194073,0.11,1,132041,0.16,0
1062,60,28833,36162,0.37,1,29872,0.16,0
1063,38,29618,64191,0.21,0,45252,0.16,0
1064,45,48992,140203,0.26,1,95080,0.16,0
1065,53,30279,84326,0.08,0,59148,0.16,0
1066,60,12618,27267,0.29,1,23679,0.16,0
1067,63,43755,77324,0.26,1,67065,0.16,0
1068,32,75265,193019,0.36,0,141164,0.16,0
1069,64,48521,125661,0.13,0,107750,0.16,0
1070,56,66971,172378,0.25,1,122408,0.16,0
1071,24,62349,55778,0.07,1,34774,0.16,0
1072,25,29334,16532,0.15,0,12168,0.16,0
1073,57,50716,150017,0.17,0,130742,0.16,0
1074,28,22866,66291,0.71,2,41136,0.24,1
1075,62,37950,72520,0.11,0,48914,0.16,0
1076,48,50273,149947,0.15,0,92229,0.16,0
1077,51,48992,118872,0.3,2,98418,0.24,0
1078,29,25707,46104,0.47,1,38881,0.16,0
1079,49,28438,41898,0.31,1,36363,0.16,0
1080,34,56697,112382,0.15,1,70156,0.16,0
1081,60,74138,132670,0.22,0,105577,0.16,0
1082,61,44201,131918,0.38,2,100009,0.24,0
1083,42,43108,74410,0.26,2,50420,0.24,0
1084,31,78091,202240,0.12,0,162493,0.16,0
1085,43,33321,84437,0.3,0,51095,0.16,0
1086,21,116251,78878,0.87,1,50301,0.16,0
1087,57,25018,17950,0.03,1,15686,0.16,0
1088,41,82805,177991,0.27,0,140898,0.16,0
1089,46,64188,73673,0.08,0,46591,0.16,1
1090,56,163580,350685,0.24,0,279526,0.16,0
1091,43,27984,24110,0.58,3,16322,0.24,1
1092,21,15259,22776,0.15,1,15968,0.16,0
1093,60,91557,69233,0.43,1,43808,0.16,0
1094,35,23490,28310,0.06,0,23162,0.16,0
1095,41,66695,48070,0.1,0,33012,0.16,0
1096,29,88528,259072,0.25,0,167518,0.16,0
1097,29,59271,88174,0.24,0,78761,0.16,0
1098,30,55055,151564,0.26,1,98626,0.16,0
1099,46,59902,175388,0.12,0,138073,0.16,0
1100,61,74511,206686,0.18,0,132029,0.16,0
1101,55,65744,107649,0.34,1,95496,0.16,0
1102,45,26681,65294,0.32,0,48149,0.16,0
1103,46,122088,107956,0.46,1,84399,0.16,0
1104,31,50289,37067,0.3,1,22856,0.16,0
1105,58,63523,171020,0.15,0,151123,0.16,0
1106,22,69947,40415,0.23,0,32291,0.16,0
1107,27,87374,256077,0.3,1,164503,0.16,1
1108,38,82954,180867,0.14,0,137079,0.16,0
1109,47,52358,81104,0.28,0,68953,0.16,0
1110,54,50702,43271,0.63,2,35685,0.24,0
1111,47,60132,138789,0.51,1,121428,0.16,0
1112,37,84968,162100,0.37,0,143394,0.16,0
1113,63,28104,64015,0.26,0,39033,0.16,0
1114,64,67646,104499,0.64,0,82737,0.16,0
1115,44,31471,20948,0.04,0,12925,0.16,0
1116,45,123699,159253,0.23,1,95811,0.16,0
1117,27,58903,75840,0.06,0,47351,0.16,0
1118,26,39814,20770,0.03,0,18639,0.16,0
1119,44,60740,31824,0.23,0,19106,0.16,0
1120,53,49246,65344,0.43,0,52138,0.16,0
1121,49,45247,104930,0.43,2,82258,0.24,0
1122,63,19838,40868,0.33,0,34199,0.16,0
1123,42,29375,32240,0.24,0,25836,0.16,0
1124,46,45696,91707,0.3,2,80896,0.24,0
1125,48,21074,44644,0.42,0,38228,0.16,0
1126,41,36549,66023,0.31,1,45185,0.16,0
1127,27,38179,68851,0.56,1,59422,0.16,1
1128,37,33199,47287,0.29,1,32333,0.16,0
1129,40,72126,58312,0.42,0,46518,0.16,0
1130,61,31568,46206,0.59,0,31125,0.16,0
1131,40,51236,69851,0.05,0,61572,0.16,0
1132,42,41085,81345,0.13,0,66021,0.16,0
1133,48,46193,121979,0.25,1,90738,0.16,0
1134,60,109447,157432,0.78,0,132370,0.16,0
1135,27,53628,121968,0.39,2,74173,0.24,0
1136,21,59072,149427,0.31,0,118159,0.16,0
1137,52,33432,34414,0.2,0,20970,0.16,0
1138,33,67042,184642,0.41,1,123415,0.16,0
1139,50,65642,44381,0.2,1,30789,0.16,0
1140,43,62555,172295,0.51,0,142175,0.16,0
1141,39,26780,24345,0.14,0,21315,0.16,0
1142,52,36584,49129,0.37,0,34912,0.16,0
1143,50,100387,202087,0.21,1,158720,0.16,0
1144,49,34756,96072,0.56,1,80048,0.16,0
1145,49,107472,122437,0.26,1,104531,0.16,0
1146,50,37301,89855,0.41,2,79865,0.24,0
1147,36,52791,120157,0.19,2,100296,0.24,0
1148,60,44641,40144,0.35,0,24477,0.16,0
1149,39,32131,54579,0.08,0,34417,0.16,0
1150,38,32363,55138,0.24,1,46875,0.16,0
1151,21,34471,43486,0.21,0,29740,0.16,0
1152,34,52787,129317,0.31,0,80790,0.16,0
1153,22,76512,215368,0.45,2,191095,0.24,0
1154,48,51101,117094,0.46,0,83607,0.16,0
1155,50,48209,141367,0.22,0,100355,0.16,0
1156,58,89786,56221,0.13,0,35678,0.16,0
1157,24,50044,29678,0.11,0,25156,0.16,0
1158,21,37367,102185,0.37,0,75158,0.16,0
1159,28,29766,81692,0.45,1,56428,0.16,0
1160,49,92524,71040,0.57,0,60256,0.16,0
1161,59,41576,57940,0.3,0,49604,0.16,0
1162,23,36706,95012,0.19,0,77356,0.16,0
1163,52,35153,28872,0.59,0,21006,0.16,1
1164,30,89957,105121,0.39,1,72518,0.16,0
1165,30,36809,81071,0.15,0,61165,0.16,0
1166,39,80437,237671,0.22,1,182395,0.16,0
1167,54,43686,108902,0.24,1,83860,0.16,0
1168,53,26790,65455,0.41,1,53949,0.16,0
1169,43,41512,56317,0.16,1,34801,0.16,0
1170,48,48223,103841,0.39,0,82506,0.16,0
1171,52,46277,36221,0.47,1,31172,0.16,0
1172,27,45707,136237,0.6,0,87110,0.16,0
1173,49,41732,71005,0.41,0,54400,0.16,0
1174,28,33106,69423,0.23,0,55985,0.16,0
1175,21,49284,132595,0.08,0,117777,0.16,1
1176,23,64245,32277,0.45,0,20298,0.16,0
1177,44,23592,69359,0.27,0,56740,0.16,0
1178,43,93857,131202,0.34,0,101664,0.16,0
1179,28,7720,10414,0.16,0,7315,0.16,0
1180,57,50900,43909,0.05,0,27013,0.16,0
1181,23,61885,163714,0.06,0,114403,0.16,0
1182,53,36254,97055,0.38,0,82290,0.16,0
1183,48,16934,9313,0.25,2,7361,0.24,1
1184,28,46706,29859,0.28,0,19959,0.16,0
1185,54,53361,149189,0.31,0,133955,0.16,0
1186,55,27601,22278,0.4,0,18352,0.16,0
1187,52,32368,66429,0.43,0,43621,0.16,0
1188,44,79328,162553,0.53,0,135626,0.16,1
1189,34,51991,139040,0.45,0,118095,0.16,0
1190,52,23055,44533,0.17,1,38351,0.16,0
1191,63,61384,97295,0.28,0,79965,0.16,0
1192,36,30783,90377,0.34,0,56404,0.16,0
1193,24,33276,35673,0.1,0,30111,0.16,0
1194,57,54112,62596,0.51,1,54978,0.16,0
1195,41,51649,36770,0.4,1,27573,0.16,0
1196,34,40082,117772,0.44,1,97553,0.16,0
1197,51,38097,86324,0.11,0,64853,0.16,0
1198,38,43243,22929,0.12,0,18164,0.16,0
1199,27,33180,75012,0.35,0,59566,0.16,0
1200,30,84499,127622,0.23,1,93907,0.16,1
1201,27,22368,65289,0.2,1,46120,0.16,0
1202,53,43458,51865,0.04,0,37901,0.16,0
1203,43,23630,53775,0.65,3,41639,0.24,1
1204,41,78276,161920,0.21,1,122757,0.16,0
1205,39,43427,23021,0.55,0,18245,0.16,0
1206,39,28901,78409,0.06,0,48133,0.16,0
1207,56,69045,58621,0.27,0,43262,0.16,0
1208,49,15584,33645,0.41,1,20898,0.16,1
1209,38,56412,137581,0.08,0,113721,0.16,0
1210,22,87172,181084,0.3,0,123200,0.16,1
1211,21,53625,39831,0.21,0,28030,0.16,0
1212,25,38053,111797,0.3,1,89019,0.16,0
1213,40,26341,28765,0.49,0,20250,0.16,0
1214,31,84225,174317,0.5,0,142750,0.16,0
1215,62,77941,194302,0.43,1,166819,0.16,0
1216,22,35501,101110,0.28,0,79983,0.16,1
1217,23,35978,72316,0.17,1,46780,0.16,0
1218,43,88732,101831,0.43,2,74832,0.24,0
1219,32,63946,165722,0.18,0,135854,0.16,0
1220,40,20064,18219,0.36,0,12420,0.16,0
1221,25,44451,24701,0.37,0,21849,0.16,0
1222,57,43639,120896,0.46,1,106754,0.16,0
1223,58,55482,107550,0.14,0,75448,0.16,0
1224,50,49169,33145,0.11,0,25991,0.16,0
1225,29,37935,73947,0.71,0,52982,0.16,0
1226,54,53593,46225,0.33,1,37803,0.16,0
1227,64,39187,22668,0.21,1,18993,0.16,0
1228,55,270247,213849,0.56,1,138999,0.16,0
1229,42,52123,127063,0.45,1,96080,0.16,0
1230,64,48661,116258,0.27,0,81827,0.16,0
1231,44,123180,247689,0.21,1,217365,0.16,0
1232,37,24780,25357,0.35,0,16711,0.16,0
1233,30,46398,108915,0.46,1,96275,0.16,0
1234,50,30491,46349,0.2,0,33639,0.16,0
1235,43,67339,119653,0.32,2,103147,0.24,1
1236,52,38285,105057,0.27,1,77667,0.16,0
1237,37,65515,107748,0.12,1,84490,0.16,0
1238,37,63197,130559,0.21,0,117036,0.16,0
1239,34,72416,210323,0.46,0,172358,0.16,0
1240,29,63720,103766,0.31,0,68323,0.16,0
1241,60,43825,83347,0.08,0,56591,0.16,0
1242,22,24371,47792,0.21,1,35314,0.16,0
1243,45,81189,89452,0.29,0,69397,0.16,0
1244,59,99162,232267,0.51,0,143616,0.16,0
1245,29,30670,71049,0.3,0,43557,0.16,0
1246,42,70822,73222,0.2,1,53980,0.16,1
1247,63,27304,14562,0.08,0,11024,0.16,0
1248,24,54269,162663,0.22,1,101490,0.16,0
1249,46,60156,117542,0.26,0,87291,0.16,0
1250,49,39612,37733,0.33,0,31475,0.16,0
1251,54,51407,62146,0.1,0,47524,0.16,0
1252,43,74914,153160,0.53,1,113847,0.16,0
1253,57,46410,39171,0.28,0,24342,0.16,0
1254,31,34976,20747,0.33,1,18551,0.16,0
1255,26,26585,66361,0.48,0,50590,0.16,0
1256,38,40320,92317,0.11,0,67837,0.16,0
1257,41,27245,34710,0.38,0,21593,0.16,0
1258,62,40591,26231,0.5,0,21535,0.16,0
1259,56,38846,66647,0.07,0,45499,0.16,0
1260,61,73280,87237,0.26,0,54442,0.16,0
1261,58,50855,76000,0.56,1,62017,0.16,0
1262,54,175190,207586,0.16,0,154488,0.16,0
1263,37,17911,16803,0.25,1,10365,0.16,1
1264,57,57336,84139,0.52,0,71931,0.16,0
1265,45,39113,113906,0.21,0,83631,0.16,1
1266,58,30393,35425,0.1,0,22784,0.16,0
1267,32,48296,64712,0.38,0,45401,0.16,0
1268,43,46522,61553,0.14,0,37462,0.16,0
1269,62,84028,142908,0.36,0,127762,0.16,0
1270,42,51309,133853,0.16,0,110420,0.16,0
1271,41,34668,52185,0.43,1,32075,0.16,0
1272,47,57936,145730,0.13,0,97943,0.16,0
1273,51,43703,34417,0.43,0,25568,0.16,0
1274,26,27924,76435,0.24,1,62302,0.16,1
1275,47,43292,41701,0.24,0,32965,0.16,0
1276,60,55021,32902,0.26,1,24096,0.16,0
1277,54,50824,45532,0.34,1,34786,0.16,0
1278,32,57823,56485,0.27,1,34621,0.16,1
1279,27,37675,66732,0.07,0,60037,0.16,0
1280,30,57457,93358,0.22,0,80298,0.16,0
1281,37,52055,119189,0.36,2,83055,0.24,0
1282,46,52266,32790,0.37,1,20733,0.16,1
1283,41,49820,86899,0.08,0,68525,0.16,0
1284,48,145516,193707,0.09,0,169481,0.16,0
1285,22,85396,177347,0.3,0,142842,0.16,1
1286,63,56822,34618,0.6,0,21478,0.16,0
1287,21,32856,19297,0.32,1,13774,0.16,0
1288,56,42354,66416,0.15,0,54166,0.16,0
1289,46,109962,278022,0.78,0,187004,0.16,0
1290,49,36994,80563,0.19,0,63875,0.16,0
1291,41,45122,24445,0.16,0,18951,0.16,0
1292,31,43883,41521,0.16,1,26111,0.16,0
1293,60,58920,62857,0.46,1,51617,0.16,1
1294,31,39406,61380,0.23,0,44884,0.16,0
1295,56,53553,105327,0.29,1,68277,0.16,0
1296,59,39848,41487,0.27,0,36428,0.16,0
1297,60,94585,137742,0.13,0,113447,0.16,0
1298,55,34782,68167,0.62,0,55696,0.16,0
1299,54,79923,116574,0.36,1,85575,0.16,0
1300,44,36586,31387,0.18,0,24894,0.16,1
1301,42,31988,55312,0.29,1,43819,0.16,0
1302,25,34530,45233,0.07,0,28998,0.16,0
1303,53,20832,55422,0.66,0,47882,0.16,0
1304,56,61040,148880,0.63,2,125832,0.24,0
1305,40,27392,26726,0.32,1,17136,0.16,0
1306,39,40988,36134,0.17,0,25179,0.16,0
1307,55,71740,98225,0.06,0,60969,0.16,0
1308,63,70592,108036,0.08,0,76008,0.16,0
1309,37,23960,67807,0.24,0,55530,0.16,1
1310,63,57255,71800,0.62,0,43157,0.16,0
1311,54,86703,231406,0.06,1,174025,0.16,0
1312,29,35652,62864,0.53,0,54073,0.16,0
1313,46,63372,171995,0.22,0,119257,0.16,0
1314,22,27677,62408,0.07,0,51003,0.16,0
1315,29,59446,135000,0.75,1,83213,0.16,0
1316,29,52346,94065,0.62,1,72162,0.16,0
1317,60,68225,177436,0.29,1,153140,0.16,0
1318,37,66142,75141,0.14,0,54279,0.16,0
1319,21,24915,68974,0.13,0,54271,0.16,0
1320,45,52484,109793,0.14,0,86763,0.16,0
1321,63,101362,161852,0.23,0,132650,0.16,0
1322,60,16437,48579,0.48,0,32476,0.16,0
1323,62,79496,211064,0.11,0,173995,0.16,0
1324,45,109190,265337,0.19,0,178113,0.16,0
1325,59,23334,27645,0.1,1,21545,0.16,0
1326,55,35054,102860,0.32,0,66656,0.16,0
1327,23,63504,149708,0.3,0,122891,0.16,0
1328,57,31474,63358,0.05,1,43476,0.16,0
1329,64,96982,271985,0.3,0,216341,0.16,0
1330,64,83237,75367,0.32,0,48751,0.16,0
1331,50,24526,20786,0.64,0,13912,0.16,0
1332,58,33808,64549,0.55,2,54554,0.24,0
1333,54,72035,46230,0.06,0,29028,0.16,0
1334,32,70638,152575,0.33,0,96014,0.16,0
1335,39,148630,163768,0.46,1,136287,0.16,0
1336,57,31573,25181,0.48,1,16040,0.16,1
1337,64,101682,154936,0.22,0,134561,0.16,0
1338,37,31040,51677,0.13,0,33165,0.16,0
1339,30,62954,58308,0.13,0,46906,0.16,0
1340,32,76586,46245,0.5,1,36050,0.16,0
1341,36,10971,16842,0.24,0,13782,0.16,0
1342,44,77311,185454,0.02,0,149942,0.16,0
1343,39,97957,263063,0.62,0,186690,0.16,0
1344,28,84790,63072,0.39,1,55745,0.16,0
1345,51,136853,247935,0.43,0,186572,0.16,0
1346,41,79426,92015,0.27,0,82037,0.16,1
1347,37,37473,53833,0.21,0,38453,0.16,1
1348,43,91081,258087,0.08,0,195674,0.16,0
1349,57,36425,50273,0.19,0,38973,0.16,0
1350,36,51083,72198,0.3,2,55518,0.24,0
1351,26,74301,76046,0.07,0,60723,0.16,0
1352,28,61330,177859,0.1,0,121993,0.16,0
1353,45,96332,158101,0.32,2,97940,0.24,1
1354,38,170133,327672,0.19,0,216110,0.16,0
1355,45,27759,45328,0.31,0,34815,0.16,0
1356,32,41599,47102,0.14,1,40380,0.16,0
1357,35,57422,145049,0.45,0,107700,0.16,0
1358,46,38886,22210,0.1,0,15465,0.16,0
1359,61,47199,105046,0.03,0,86071,0.16,0
1360,46,72251,143467,0.47,0,103092,0.16,0
1361,52,67606,58188,0.28,0,49261,0.16,1
1362,30,55473,50744,0.17,0,30627,0.16,0
1363,36,52778,113370,0.49,3,71970,0.24,0
1364,27,43829,56116,0.33,0,35396,0.16,0
1365,37,98939,115199,0.21,0,70327,0.16,0
1366,43,112610,72958,0.62,1,47453,0.16,0
1367,46,81585,197126,0.28,2,176646,0.24,0
1368,41,27592,74682,0.13,0,55597,0.16,0
1369,42,42997,109625,0.14,0,79662,0.16,0
1370,27,54167,90192,0.53,0,78742,0.16,1
1371,34,30627,56197,0.28,0,47120,0.16,0
1372,35,50998,56388,0.12,0,38437,0.16,0
1373,27,49568,46204,0.29,1,38872,0.16,0
1374,29,84294,215582,0.52,2,134695,0.24,0
1375,28,38210,95366,0.16,1,77699,0.16,1
1376,43,87697,214278,0.04,0,129751,0.16,0
1377,49,30373,50370,0.28,2,33398,0.24,0
1378,38,32567,86669,0.29,0,75075,0.16,0
1379,51,40551,114174,0.4,1,81296,0.16,1
1380,50,50208,66317,0.31,0,49138,0.16,0
1381,59,14643,15547,0.43,0,12345,0.16,0
1382,55,61675,102421,0.23,0,82773,0.16,0
1383,38,115228,109272,0.36,0,70334,0.16,0
1384,62,67889,183979,0.37,0,161591,0.16,1
1385,59,44119,59339,0.29,0,45718,0.16,0
1386,37,28501,55304,0.45,0,43117,0.16,0
1387,34,19801,39340,0.42,0,31166,0.16,0
1388,51,21557,38532,0.4,1,32979,0.16,0
1389,44,45916,40925,0.29,1,27137,0.16,0
1390,55,140569,418544,0.4,1,365562,0.16,0
1391,64,12600,11737,0.03,1,9791,0.16,0
1392,54,69571,165493,0.29,1,110409,0.16,0
1393,23,34931,86573,0.26,0,72689,0.16,0
1394,57,41450,35767,0.25,0,26871,0.16,0
1395,63,30673,86893,0.09,0,67139,0.16,0
1396,60,24742,42541,0.5,1,38191,0.16,0
1397,46,52199,108167,0.26,0,65326,0.16,0
1398,43,55904,117703,0.33,0,103679,0.16,0
1399,64,68471,120672,0.23,0,98667,0.16,0
1400,59,21107,18047,0.4,1,12714,0.16,0
1401,35,75885,180559,0.16,0,147837,0.16,0
1402,24,76565,149643,0.3,1,98883,0.16,0
1403,49,60611,48288,0.03,1,36410,0.16,0
1404,42,39716,89392,0.23,1,75517,0.16,0
1405,45,57194,129081,0.04,0,85558,0.16,0
1406,33,45241,84655,0.31,1,65029,0.16,0
1407,38,79559,57789,0.11,0,35408,0.16,0
1408,53,40811,56384,0.42,0,47983,0.16,0
1409,36,51741,32457,0.06,0,22885,0.16,0
1410,62,20554,34818,0.28,0,24313,0.16,0
1411,64,57105,157959,0.04,0,106917,0.16,0
1412,22,33698,17038,0.4,0,13898,0.16,0
1413,55,63337,73888,0.45,2,48194,0.24,0
1414,62,72708,181744,0.16,0,110895,0.16,0
1415,54,36134,18957,0.32,1,12957,0.16,0
1416,50,49791,26161,0.08,0,20898,0.16,0
1417,33,53489,108424,0.11,0,66688,0.16,0
1418,33,58925,145721,0.48,1,106106,0.16,0
1419,38,72760,177626,0.26,1,149562,0.16,0
1420,52,68152,166900,0.3,0,121513,0.16,0
1421,52,40540,56857,0.16,0,43537,0.16,0
1422,55,109006,295058,0.29,1,214873,0.16,0
1423,59,71395,37988,0.17,0,24775,0.16,0
1424,49,98970,126728,0.39,1,112943,0.16,0
1425,49,58299,78293,0.42,0,51446,0.16,1
1426,64,60048,54879,0.04,0,43140,0.16,0
1427,36,46230,61974,0.26,0,42253,0.16,0
1428,64,39265,77144,0.17,1,65339,0.16,0
1429,30,79831,143751,0.22,0,120490,0.16,0
1430,50,55954,72660,0.55,0,53534,0.16,0
1431,45,45899,108932,0.43,0,71553,0.16,0
1432,59,29398,67232,0.28,0,41308,0.16,0
1433,40,106676,128196,0.36,0,95251,0.16,0
1434,25,51860,67836,0.05,0,44041,0.16,0
1435,21,26546,32354,0.49,1,28625,0.16,0
1436,50,51057,41975,0.3,0,26905,0.16,1
1437,23,44335,105603,0.09,0,70827,0.16,0
1438,34,43435,26742,0.12,1,22208,0.16,0
1439,50,65390,57311,0.53,0,41799,0.16,0
1440,24,44366,33862,0.37,0,23952,0.16,0
1441,38,42076,107855,0.37,2,76449,0.24,0
1442,57,96877,59097,0.24,0,44846,0.16,0
1443,45,20541,44400,0.42,1,33767,0.16,1
1444,21,47777,29200,0.22,0,20358,0.16,0
1445,35,77997,192349,0.2,0,155464,0.16,0
1446,29,67068,186568,0.02,0,127981,0.16,0
1447,35,81635,140176,0.52,0,94189,0.16,0
1448,44,134697,338271,0.28,0,290973,0.16,0
1449,24,114631,259756,0.05,0,164568,0.16,0
1450,32,27508,68469,0.22,1,61002,0.16,0
1451,57,21908,52950,0.4,0,40757,0.16,0
1452,57,57723,58497,0.33,0,51375,0.16,0
1453,63,24907,43559,0.01,0,38968,0.16,0
1454,26,18709,54275,0.09,0,39346,0.16,0
1455,59,57418,78021,0.29,0,51333,0.16,0
1456,44,65089,190464,0.52,0,167815,0.16,0
1457,31,115332,225809,0.49,1,193053,0.16,0
1458,33,71985,119065,0.5,0,77895,0.16,0
1459,54,127999,274480,0.37,0,177166,0.16,0
1460,45,58558,148713,0.13,0,133421,0.16,0
1461,27,27774,41258,0.03,0,31911,0.16,0
1462,24,73946,43065,0.1,0,31702,0.16,0
1463,28,95526,217036,0.34,1,170872,0.16,1
1464,40,59607,172289,0.17,1,146530,0.16,0
1465,49,101242,208808,0.36,0,126192,0.16,0
1466,30,46091,44756,0.14,0,28208,0.16,1
1467,63,64405,72172,0.41,2,58099,0.24,0
1468,54,44928,124647,0.44,1,100180,0.16,0
1469,46,161058,85989,0.18,0,77011,0.16,0
1470,61,74654,139742,0.27,0,84971,0.16,0
1471,23,28047,25149,0.11,0,15686,0.16,0
1472,26,123784,149396,0.14,0,111161,0.16,0
1473,25,33976,43063,0.24,2,34341,0.24,1
1474,25,49357,51736,0.11,0,35053,0.16,0
1475,43,61954,153700,0.26,1,104034,0.16,0
1476,29,64537,85867,0.22,0,52522,0.16,0
1477,55,62433,85140,0.1,0,52267,0.16,0
1478,40,27819,45414,0.03,0,28471,0.16,1
1479,62,62537,172335,0.11,0,106976,0.16,0
1480,55,84992,188719,0.15,2,163064,0.24,0
1481,38,83778,54822,0.18,1,39590,0.16,0
1482,37,25567,15293,0.15,0,12656,0.16,0
1483,44,35318,67668,0.1,0,43184,0.16,0
1484,23,29078,79023,0.27,0,47675,0.16,0
1485,52,58099,76000,0.15,0,68360,0.16,0
1486,55,22565,25259,0.22,0,21195,0.16,0
1487,58,27962,66283,0.24,0,56325,0.16,0
1488,33,35151,70485,0.42,0,55024,0.16,0
1489,45,19962,38178,0.31,0,25167,0.16,1
1490,29,48344,42216,0.31,0,25630,0.16,0
1491,24,17098,16070,0.08,0,13242,0.16,0
1492,34,62484,75260,0.19,0,63471,0.16,0
1493,57,40194,40881,0.24,0,30428,0.16,0
1494,54,35882,105084,0.38,0,82657,0.16,0
1495,31,38934,21278,0.27,1,19013,0.16,0
1496,61,47562,98222,0.33,1,68877,0.16,0
1497,23,65935,118287,0.35,1,101134,0.16,0
1498,48,94707,123888,0.15,1,106776,0.16,0
1499,49,81385,221283,0.29,0,138304,0.16,0
1500,29,149618,325479,0.29,1,241682,0.16,0
1501,23,68709,205844,0.06,0,159294,0.16,0
1502,45,52583,48462,0.66,1,31180,0.16,0
1503,54,39006,28071,0.35,1,20305,0.16,0
1504,32,39660,33651,0.12,0,24763,0.16,0
1505,62,64184,75302,0.15,0,51455,0.16,1
1506,29,29740,45858,0.45,1,28755,0.16,1
1507,35,54966,146017,0.14,0,102877,0.16,0
1508,60,48560,58708,0.17,0,45993,0.16,0
1509,45,34062,94968,0.22,0,67564,0.16,0
1510,25,28981,48029,0.44,0,32204,0.16,0
1511,31,173227,366838,0.37,1,241935,0.16,0
1512,54,24384,28310,0.36,1,20445,0.16,0
1513,44,47387,42176,0.55,0,37554,0.16,0
1514,35,90336,241526,0.25,0,190611,0.16,0
1515,58,63865,49416,0.02,0,31214,0.16,0
1516,28,38685,94200,0.3,0,60420,0.16,0
1517,25,27009,52734,0.31,1,41059,0.16,1
1518,46,52307,138762,0.37,2,93588,0.24,1
1519,38,13098,30053,0.43,1,25539,0.16,0
1520,26,53366,64261,0.05,1,39894,0.16,0
1521,57,49881,96573,0.39,0,64788,0.16,0
1522,33,83705,44588,0.15,0,35243,0.16,0
1523,48,27676,46718,0.15,0,37233,0.16,0
1524,25,41700,29816,0.38,1,24271,0.16,0
1525,33,60989,95896,0.42,0,82475,0.16,0
1526,37,54327,42050,0.38,0,37453,0.16,0
1527,60,25051,72364,0.45,1,47779,0.16,0
1528,52,35463,64105,0.23,1,43443,0.16,0
1529,49,98711,274717,0.17,0,197332,0.16,1
1530,23,55807,31023,0.33,0,22176,0.16,0
1531,60,21331,44669,0.12,0,31537,0.16,0
1532,54,76238,96622,0.38,0,59775,0.16,0
1533,60,22034,34804,0.13,0,29890,0.16,0
1534,47,42044,112792,0.18,0,90124,0.16,0
1535,33,64967,191656,0.28,0,160261,0.16,0
1536,53,89935,100388,0.45,0,90341,0.16,0
1537,26,15230,43719,0.21,0,32650,0.16,0
1538,44,69968,155456,0.45,0,99480,0.16,0
1539,39,75422,217104,0.46,1,184519,0.16,0
1540,36,37104,70717,0.04,0,58184,0.16,0
1541,60,51300,148866,0.45,1,123626,0.16,0
1542,48,10657,29105,0.1,0,18869,0.16,0
1543,53,12406,10191,0.11,0,8421,0.16,0
1544,61,85328,108961,0.07,0,84745,0.16,0
1545,33,37442,41472,0.22,0,25512,0.16,0
1546,63,41228,79580,0.35,1,54722,0.16,0
1547,45,55123,138193,0.44,0,92049,0.16,1
1548,62,40824,97917,0.34,0,67302,0.16,0
1549,56,38974,90297,0.32,1,59590,0.16,0
1550,47,59709,85871,0.15,0,61771,0.16,0
1551,58,23207,19704,0.47,1,13105,0.16,0
1552,27,87549,89865,0.18,1,64597,0.16,0
1553,25,43690,102854,0.54,0,62224,0.16,0
1554,63,29648,25759,0.53,1,21142,0.16,0
1555,51,27719,29309,0.41,0,20636,0.16,0
1556,43,50077,78189,0.3,1,53658,0.16,0
1557,62,42058,28611,0.49,0,24538,0.16,1
1558,30,22597,23314,0.34,1,19224,0.16,0
1559,52,36282,31725,0.24,0,27249,0.16,0
1560,63,32708,94143,0.5,0,81138,0.16,0
1561,50,92127,90175,0.8,2,73844,0.24,1
1562,59,52324,138890,0.33,1,85732,0.16,0
1563,51,107438,84553,0.33,0,53157,0.16,0
1564,38,34372,91917,0.35,1,57172,0.16,0
1565,56,42380,84700,0.75,0,57120,0.16,0
1566,22,59472,156070,0.33,0,134088,0.16,0
1567,34,66308,176934,0.08,0,108192,0.16,0
1568,33,70297,139956,0.52,1,86349,0.16,0
1569,49,31448,87873,0.12,0,55824,0.16,0
1570,32,31893,62625,0.07,0,48440,0.16,0
1571,59,41039,93626,0.38,0,65139,0.16,0
1572,22,102791,158318,0.15,0,139675,0.16,0
1573,52,29722,82780,0.23,0,53028,0.16,0
1574,33,37666,96440,0.07,0,81142,0.16,1
1575,47,70610,64734,0.55,1,51363,0.16,1
1576,61,68746,133433,0.11,0,106205,0.16,0
1577,37,64712,177444,0.12,0,125192,0.16,0
1578,60,51042,126719,0.24,0,76203,0.16,0
1579,51,28779,83642,0.09,0,59382,0.16,0
1580,54,34704,37419,0.43,0,29202,0.16,1
1581,44,86098,122142,0.29,1,100303,0.16,0
1582,55,72172,127598,0.22,0,97728,0.16,0
1583,26,25147,27200,0.06,0,24325,0.16,0
1584,39,75714,112443,0.19,0,87251,0.16,0
1585,50,94314,173900,0.22,0,108673,0.16,0
1586,27,50358,49267,0.43,1,42197,0.16,1
1587,30,60666,69263,0.12,0,55122,0.16,0
1588,61,81287,66013,0.36,1,49848,0.16,0
1589,52,34618,79048,0.22,0,65905,0.16,0
1590,54,157125,220584,0.13,0,178030,0.16,0
1591,48,90358,94936,0.38,0,83984,0.16,0
1592,35,63704,112648,0.25,0,83275,0.16,0
1593,50,48182,32311,0.06,1,26275,0.16,0
1594,57,62779,176315,0.23,0,130074,0.16,0
1595,49,22468,27774,0.18,1,18981,0.16,0
1596,42,138835,377098,0.08,0,262402,0.16,0
1597,24,86201,150338,0.44,0,116903,0.16,0
1598,40,101926,267594,0.48,0,175044,0.16,0
1599,52,49780,55637,0.21,0,41817,0.16,0
1600,56,40939,38408,0.11,0,31034,0.16,0
1601,24,34991,91799,0.34,1,69852,0.16,0
1602,47,73628,76006,0.28,0,58430,0.16,0
1603,37,37938,89741,0.08,0,59566,0.16,1
1604,32,44637,60771,0.32,0,48452,0.16,0
1605,42,64421,152708,0.53,0,118994,0.16,0
1606,37,35254,97622,0.16,0,74195,0.16,0
1607,30,82617,244058,0.24,2,197400,0.24,1
1608,21,48587,67998,0.5,0,55098,0.16,1
1609,42,23061,32719,0.25,0,26424,0.16,0
1610,46,35066,103566,0.18,0,66507,0.16,0
1611,38,94286,250218,0.27,1,194343,0.16,0
1612,34,30684,18801,0.39,0,15221,0.16,0
1613,49,76652,148216,0.23,0,115980,0.16,0
1614,32,52095,49652,0.63,0,32664,0.16,0
1615,56,44987,134287,0.19,0,81532,0.16,0
1616,55,172180,145889,0.15,0,114165,0.16,0
1617,32,25793,48964,0.4,1,32616,0.16,0
1618,27,33858,73234,0.16,0,62123,0.16,0
1619,49,48449,137724,0.19,1,121281,0.16,0
1620,31,164041,429483,0.25,0,365729,0.16,0
1621,53,48506,54054,0.45,0,35197,0.16,0
1622,26,56225,108601,0.32,1,91826,0.16,1
1623,35,41443,119518,0.27,0,78111,0.16,0
1624,52,58648,137194,0.24,0,94588,0.16,0
1625,31,42748,94936,0.43,0,80550,0.16,0
1626,43,69401,165677,0.53,0,106626,0.16,0
1627,46,72192,94301,0.49,0,61894,0.16,0
1628,54,43605,101300,0.21,0,86462,0.16,0
1629,54,27924,30217,0.56,0,27078,0.16,0
1630,49,51368,80660,0.17,0,63782,0.16,0
1631,24,98820,269266,0.19,0,211429,0.16,0
1632,37,32424,17749,0.35,0,13527,0.16,0
1633,55,57928,88965,0.16,0,59906,0.16,0
1634,33,26826,31307,0.22,0,19139,0.16,0
1635,61,29146,29043,0.53,0,21349,0.16,0
1636,59,93918,243852,0.44,0,208270,0.16,0
1637,35,69269,155248,0.2,0,134533,0.16,0
1638,49,58365,45617,0.45,0,34289,0.16,1
1639,49,15353,26655,0.33,0,23507,0.16,0
1640,31,37181,61990,0.06,0,47679,0.16,0
1641,52,66396,56856,0.17,0,47067,0.16,0
1642,22,23753,59368,0.21,0,43491,0.16,0
1643,34,41070,58183,0.33,0,36343,0.16,0
1644,40,71921,172958,0.56,0,147245,0.16,1
1645,42,23027,22570,0.31,1,19927,0.16,0
1646,31,21170,27260,0.43,1,22273,0.16,0
1647,47,23227,17139,0.35,2,12386,0.24,0
1648,23,57944,49756,0.32,1,42695,0.16,0
1649,37,37104,100476,0.33,0,79305,0.16,0
1650,64,76040,58762,0.39,2,35306,0.24,0
1651,48,52078,38502,0.08,0,33904,0.16,0
1652,49,125525,357864,0.26,0,264418,0.16,0
1653,41,26403,55835,0.41,1,36421,0.16,0
1654,36,57866,43532,0.19,0,28509,0.16,0
1655,57,32938,96485,0.39,1,67767,0.16,1
1656,40,66178,57425,0.67,2,35187,0.24,0
1657,26,52050,125745,0.14,1,86971,0.16,1
1658,39,29835,17516,0.1,0,10988,0.16,0
1659,25,45316,93412,0.05,1,61706,0.16,0
1660,23,50845,94915,0.49,0,57462,0.16,0
1661,21,36328,37054,0.25,1,29802,0.16,1
1662,58,70515,148636,0.31,1,114847,0.16,0
1663,35,29273,59793,0.46,1,37529,0.16,0
1664,54,139455,348062,0.43,0,289802,0.16,0
1665,55,78971,212407,0.17,0,171288,0.16,0
1666,45,58359,103602,0.59,0,66960,0.16,0
1667,44,203344,350918,0.34,0,214910,0.16,0
1668,32,41996,86259,0.51,0,55249,0.16,0
1669,38,66548,154592,0.32,0,98176,0.16,0
1670,35,54794,76187,0.23,0,59662,0.16,0
1671,64,73037,128662,0.18,0,79174,0.16,0
1672,36,103575,203292,0.28,0,140939,0.16,0
1673,47,64503,191634,0.08,0,135620,0.16,0
1674,28,82528,162520,0.36,0,101690,0.16,0
1675,45,37227,39477,0.34,0,27751,0.16,1
1676,37,44219,87110,0.3,0,67063,0.16,0
1677,49,111206,283436,0.43,0,197457,0.16,0
1678,28,66067,174648,0.48,2,153551,0.24,0
1679,35,55501,138787,0.42,0,95177,0.16,0
1680,47,33636,91507,0.09,0,72774,0.16,0
1681,27,79482,106260,0.28,2,80928,0.24,0
1682,23,33165,58666,0.64,0,41802,0.16,1
1683,49,28621,70092,0.13,0,62428,0.16,0
1684,64,51920,60285,0.31,0,51704,0.16,0
1685,44,14746,21071,0.37,2,13911,0.24,0
1686,23,66538,171527,0.29,2,152957,0.24,1
1687,40,59187,143541,0.24,1,86946,0.16,0
1688,35,41093,120320,0.21,0,72582,0.16,0
1689,45,42999,128564,0.5,3,80819,0.24,0
1690,50,46181,50885,0.46,0,35960,0.16,0
1691,34,33038,90891,0.39,0,64485,0.16,1
1692,27,53760,39582,0.14,0,24411,0.16,0
1693,37,43273,98424,0.16,0,80994,0.16,0
1694,64,51856,54461,0.2,0,37919,0.16,0
1695,40,45348,56720,0.52,0,50163,0.16,0
1696,56,41098,117778,0.14,1,105937,0.16,0
1697,29,56344,65239,0.28,0,52651,0.16,0
1698,58,72442,158136,0.1,0,100350,0.16,0
1699,42,37707,35645,0.11,0,26917,0.16,0
1700,22,59738,43816,0.34,0,36604,0.16,0
1701,44,63558,85694,0.29,0,75022,0.16,0
1702,28,25798,53156,0.14,0,38697,0.16,0
1703,31,79879,89453,0.21,0,53677,0.16,1
1704,33,137067,171391,0.26,0,123753,0.16,0
1705,37,46908,106566,0.05,0,82247,0.16,0
1706,28,44999,34063,0.42,0,21572,0.16,1
1707,41,44068,71269,0.16,1,56575,0.16,0
1708,38,66856,190829,0.26,1,146711,0.16,0
1709,50,63284,94446,0.13,0,70205,0.16,0
1710,38,22129,35085,0.39,0,26759,0.16,1
1711,51,31791,74566,0.05,0,45406,0.16,1
1712,58,63174,154620,0.15,0,127695,0.16,0
1713,52,45592,110515,0.19,2,89476,0.24,0
1714,31,27362,81940,0.34,0,54099,0.16,1
1715,45,103790,70434,0.33,1,43879,0.16,0
1716,53,32864,97133,0.22,0,69721,0.16,0
1717,58,49905,143500,0.37,1,118709,0.16,0
1718,61,44992,118344,0.27,0,85042,0.16,0
1719,28,28585,46745,0.14,0,38180,0.16,0
1720,31,53770,143956,0.66,0,119905,0.16,1
1721,42,59638,62744,0.37,1,38510,0.16,0
1722,44,38799,96188,0.25,0,69122,0.16,0
1723,61,41435,39905,0.05,0,35774,0.16,0
1724,37,66187,168009,0.29,0,102130,0.16,0
1725,32,18259,37181,0.55,3,32291,0.24,0
1726,52,32128,23937,0.35,0,15201,0.16,0
1727,35,54541,149349,0.39,0,116963,0.16,0
1728,36,37670,73264,0.43,0,64833,0.16,1
1729,42,37402,80063,0.27,0,62832,0.16,0
1730,48,76945,93009,0.38,0,61110,0.16,0
1731,40,35715,95683,0.21,0,63364,0.16,0
1732,53,131872,245677,0.18,1,149628,0.16,0
1733,30,20388,31658,0.1,0,22373,0.16,0
1734,60,16220,29775,0.56,0,23088,0.16,0
1735,52,76074,171796,0.22,0,144840,0.16,0
1736,53,29972,67065,0.48,0,51963,0.16,0
1737,22,30226,42133,0.16,0,36808,0.16,0
1738,53,80207,117354,0.34,1,94754,0.16,1
1739,53,38229,72849,0.2,0,55793,0.16,0
1740,61,77279,217232,0.28,0,143767,0.16,0
1741,33,36126,85386,0.24,0,71343,0.16,0
1742,50,58762,86734,0.22,1,59923,0.16,0
1743,53,37960,50964,0.36,0,35484,0.16,0
1744,33,30948,55987,0.07,0,35372,0.16,0
1745,46,116459,311525,0.28,0,191669,0.16,0
1746,42,85667,44692,0.27,0,32919,0.16,0
1747,59,34087,77589,0.2,0,49409,0.16,0
1748,22,44837,55431,0.24,0,38889,0.16,0
1749,58,102550,104702,0.2,1,89136,0.16,0
1750,59,29908,15861,0.29,0,11084,0.16,0
1751,46,30728,84240,0.38,0,66226,0.16,0
1752,35,62008,172420,0.18,0,147468,0.16,0
1753,54,152549,99697,0.18,1,64279,0.16,0
1754,62,50358,90872,0.36,2,80328,0.24,0
1755,64,82859,73034,0.7,0,56094,0.16,0
1756,60,29474,70640,0.24,0,57973,0.16,0
1757,31,58719,127037,0.35,0,108928,0.16,0
1758,23,40953,50897,0.24,0,42433,0.16,1
1759,26,124655,98776,0.13,1,66411,0.16,0
1760,29,109026,281074,0.07,0,189816,0.16,0
1761,26,153231,334906,0.24,0,218869,0.16,0
1762,29,34622,17901,0.25,1,11789,0.16,0
1763,59,49898,103272,0.55,0,86889,0.16,0
1764,51,59135,149359,0.41,0,114725,0.16,0
1765,52,35304,69793,0.56,1,44570,0.16,0
1766,61,52340,81743,0.12,0,56623,0.16,0
1767,32,77225,151345,0.38,2,94318,0.24,0
1768,28,37228,76290,0.2,1,64719,0.16,0
1769,28,34486,72423,0.36,1,56824,0.16,1
1770,48,33361,97334,0.34,0,63201,0.16,0
1771,40,25037,23700,0.26,1,20172,0.16,1
1772,27,75131,154599,0.51,0,134361,0.16,0
1773,31,34446,33412,0.39,1,27118,0.16,0
1774,40,32677,33490,0.31,0,25093,0.16,0
1775,36,63865,138787,0.29,0,115430,0.16,0
1776,24,48761,136037,0.31,0,97264,0.16,0
1777,26,37693,33833,0.48,0,24839,0.16,0
1778,42,73520,213661,0.56,2,155726,0.24,1
1779,46,36948,47974,0.64,0,42817,0.16,0
1780,23,16506,24400,0.5,2,17058,0.24,1
1781,61,95475,84419,0.16,1,63226,0.16,0
1782,62,32399,66080,0.49,0,57216,0.16,1
1783,34,34218,68129,0.5,1,42623,0.16,0
1784,31,34294,55064,0.3,0,37823,0.16,1
1785,38,50503,85361,0.29,0,70450,0.16,0
1786,32,42739,87932,0.28,0,72237,0.16,0
1787,43,80341,157367,0.15,1,120713,0.16,0
1788,32,111586,160199,0.15,0,129503,0.16,0
1789,33,34905,94602,0.28,0,64810,0.16,0
1790,45,30668,66523,0.15,0,52848,0.16,0
1791,39,37761,38271,0.48,0,23507,0.16,0
1792,56,61054,79355,0.28,1,71076,0.16,1
1793,28,46250,114223,0.09,0,90474,0.16,0
1794,49,38169,29058,0.31,2,18998,0.24,0
1795,52,25629,60883,0.2,0,49704,0.16,0
1796,64,16245,22695,0.38,0,17969,0.16,0
1797,38,29662,55741,0.27,0,49569,0.16,0
1798,26,92245,110822,0.3,1,76099,0.16,1
1799,38,60961,180818,0.16,0,111547,0.16,0
1800,39,44543,123143,0.16,0,80657,0.16,0
1801,42,70607,199191,0.37,0,144539,0.16,0
1802,57,25746,24766,0.36,1,16624,0.16,0
1803,52,50431,131333,0.34,0,108084,0.16,0
1804,61,20066,36891,0.16,0,22660,0.16,0
1805,23,58279,132272,0.12,1,84467,0.16,0
1806,48,55812,58254,0.27,0,40346,0.16,0
1807,30,56480,128772,0.3,0,98907,0.16,0
1808,55,87887,244824,0.15,0,168327,0.16,0
1809,49,72257,84447,0.07,0,64898,0.16,0
1810,35,26783,29016,0.24,0,20120,0.16,0
1811,53,88553,67392,0.54,1,55800,0.16,0
1812,27,44146,51519,0.18,0,42372,0.16,0
1813,32,18304,33669,0.11,0,28182,0.16,0
1814,50,46426,119862,0.28,0,106317,0.16,0
1815,41,67748,81094,0.48,1,68747,0.16,0
1816,51,29527,60614,0.04,0,51442,0.16,0
1817,44,95456,162177,0.41,1,115845,0.16,0
1818,40,30894,37735,0.33,1,26163,0.16,0
1819,57,38540,68443,0.13,0,45620,0.16,0
1820,24,35158,32342,0.09,0,23709,0.16,1
1821,48,20858,43779,0.25,0,31209,0.16,0
1822,64,29834,23543,0.09,2,15688,0.24,0
1823,40,34340,79924,0.08,1,47997,0.16,0
1824,44,45933,43373,0.17,3,31952,0.24,0
1825,52,10929,32736,0.08,0,29271,0.16,0
1826,61,70141,179503,0.17,1,147010,0.16,0
1827,56,69796,94894,0.31,0,83684,0.16,0
1828,54,88497,138543,0.19,0,103920,0.16,0
1829,56,23252,26692,0.41,0,23915,0.16,0
1830,22,42344,102378,0.11,0,67544,0.16,0
1831,35,78489,113951,0.31,0,87263,0.16,0
1832,54,81940,195669,0.21,0,132691,0.16,0
1833,56,102689,56068,0.07,0,37487,0.16,0
1834,26,51604,43298,0.15,0,38132,0.16,0
1835,59,47667,67326,0.17,1,52044,0.16,0
1836,62,22494,17371,0.27,1,10857,0.16,0
1837,32,83486,167207,0.33,1,118760,0.16,1
1838,23,38942,24419,0.24,2,20790,0.24,0
1839,38,49859,132096,0.41,1,82971,0.16,1
1840,60,48222,115890,0.38,0,70295,0.16,0
1841,41,14804,15405,0.49,3,13151,0.24,0
1842,35,32671,55850,0.09,0,44928,0.16,0
1843,53,61509,100230,0.12,0,62246,0.16,0
1844,55,47844,110623,0.63,0,72471,0.16,0
1845,46,61753,92862,0.47,0,57692,0.16,0
1846,28,72542,42243,0.28,0,26226,0.16,1
1847,56,32479,38466,0.15,2,33466,0.24,0
1848,50,37889,63103,0.18,0,52128,0.16,0
1849,43,45679,134124,0.31,1,101113,0.16,1
1850,62,72167,195059,0.14,0,135701,0.16,0
1851,64,43606,41578,0.35,0,32572,0.16,0
1852,34,20119,46438,0.13,0,31841,0.16,0
1853,34,44396,126176,0.14,0,81088,0.16,0
1854,22,70730,36919,0.19,0,27542,0.16,0
1855,57,96616,222445,0.09,0,189875,0.16,0
1856,25,56403,92970,0.3,0,74881,0.16,0
1857,58,23318,51313,0.42,2,42869,0.24,0
1858,61,40007,80573,0.55,1,52665,0.16,0
1859,34,62163,184105,0.31,0,163571,0.16,0
1860,59,75592,92376,0.23,1,57515,0.16,1
1861,45,63166,155726,0.6,2,117280,0.24,1
1862,40,43225,46968,0.45,0,33424,0.16,1
1863,22,75301,119654,0.31,1,93052,0.16,1
1864,59,35586,104567,0.26,0,92252,0.16,0
1865,26,53762,129853,0.29,3,82219,0.24,0
1866,37,71317,91967,0.28,0,58824,0.16,0
1867,45,65402,133970,0.3,0,93839,0.16,0
1868,48,66141,41287,0.27,0,32714,0.16,0
1869,22,65313,76154,0.36,0,49035,0.16,1
1870,55,29017,66622,0.15,1,42582,0.16,0
1871,57,49453,95208,0.25,1,79737,0.16,0
1872,25,31112,52087,0.04,0,43672,0.16,0
1873,21,42415,94466,0.41,0,75965,0.16,1
1874,60,27325,40882,0.26,0,29563,0.16,0
1875,32,58249,32933,0.41,2,25427,0.24,0
1876,56,18350,29407,0.12,0,23069,0.16,1
1877,43,66745,183904,0.22,0,147809,0.16,0
1878,51,49398,130486,0.26,0,87437,0.16,0
1879,31,126890,193189,0.24,0,145797,0.16,0
1880,30,44253,24584,0.29,0,22112,0.16,0
1881,23,44247,92510,0.57,0,60388,0.16,0
1882,34,68958,162257,0.23,0,101127,0.16,0
1883,36,45558,56291,0.26,0,34942,0.16,0
1884,30,56241,95140,0.13,0,76122,0.16,0
1885,49,80595,240144,0.24,0,202779,0.16,0
1886,30,42883,83229,0.33,0,55862,0.16,0
1887,32,89110,122765,0.23,1,74919,0.16,1
1888,50,21171,43796,0.53,0,35667,0.16,0
1889,61,109287,103828,0.41,0,85575,0.16,0
1890,21,20048,20010,0.1,0,13588,0.16,0
1891,25,96383,271059,0.31,0,163853,0.16,0
1892,40,19278,21167,0.37,0,17777,0.16,0
1893,28,131965,168515,0.12,0,119359,0.16,0
1894,63,53126,98784,0.25,1,74673,0.16,0
1895,32,30563,84024,0.21,1,73100,0.16,1
1896,21,124562,305628,0.27,1,202229,0.16,0
1897,40,28440,17333,0.12,0,11077,0.16,0
1898,48,43753,97681,0.21,0,75664,0.16,0
1899,63,180296,317348,0.38,0,253821,0.16,0
1900,57,59740,100893,0.31,1,72446,0.16,1
1901,57,17800,39674,0.41,2,24183,0.24,0
1902,32,42759,42356,0.5,1,26547,0.16,0
1903,57,40909,120833,0.32,0,82199,0.16,1
1904,64,53866,113833,0.29,0,75823,0.16,0
1905,48,47943,67798,0.35,0,47084,0.16,0
1906,35,64403,128838,0.07,0,98125,0.16,0
1907,26,22833,23773,0.11,0,14662,0.16,0
1908,64,37273,77699,0.22,0,51897,0.16,0
1909,40,57292,32687,0.37,0,27457,0.16,0
1910,34,33487,45306,0.27,1,29472,0.16,0
1911,22,84793,200857,0.23,0,138546,0.16,0
1912,29,33824,85234,0.61,3,62827,0.24,0
1913,57,52662,59629,0.42,1,38680,0.16,0
1914,40,46514,85982,0.14,0,71162,0.16,0
1915,46,29515,53753,0.37,0,32703,0.16,0
1916,49,50526,78499,0.36,1,57190,0.16,0
1917,21,25438,27246,0.5,0,20816,0.16,1
1918,55,39269,88672,0.21,0,56510,0.16,0
1919,26,49768,56282,0.51,1,45381,0.16,0
1920,57,24012,66694,0.11,0,41962,0.16,0
1921,25,66953,121938,0.08,0,93509,0.16,0
1922,53,55836,149428,0.27,1,129869,0.16,0
1923,34,63959,78468,0.34,0,50965,0.16,1
1924,32,49081,123571,0.06,0,95308,0.16,0
1925,62,27574,21622,0.1,0,18320,0.16,0
1926,40,49019,118482,0.24,0,78740,0.16,0
1927,44,66939,98223,0.1,0,59489,0.16,0
1928,63,27033,45279,0.49,0,27457,0.16,0
1929,54,28129,25794,0.33,1,17372,0.16,0
1930,45,43345,23691,0.45,1,19303,0.16,1
1931,49,40714,88165,0.05,1,61870,0.16,0
1932,59,48626,95758,0.54,1,71225,0.16,0
1933,51,42368,87111,0.25,1,53776,0.16,0
1934,63,53103,60404,0.33,1,52215,0.16,0
1935,43,90301,99167,0.07,0,71695,0.16,0
1936,64,64163,165267,0.36,0,138233,0.16,0
1937,58,50416,121156,0.2,0,73294,0.16,0
1938,40,28187,37826,0.21,0,30636,0.16,1
1939,43,34166,71561,0.66,1,53701,0.16,0
1940,36,74672,191935,0.14,0,130133,0.16,0
1941,62,38783,105570,0.24,0,86012,0.16,0
1942,28,30215,15546,0.15,0,11614,0.16,0
1943,41,139946,354575,0.36,0,276701,0.16,0
1944,21,105053,144550,0.16,1,118602,0.16,0
1945,28,46063,105758,0.4,1,66292,0.16,0
1946,49,28528,40752,0.13,1,32879,0.16,0
1947,52,70381,141861,0.13,0,103305,0.16,0
1948,58,38367,81221,0.11,0,71403,0.16,0
1949,25,76440,115614,0.02,0,99840,0.16,0
1950,42,38386,68402,0.27,0,56485,0.16,0
1951,54,111602,258446,0.34,0,211909,0.16,0
1952,21,37821,63946,0.16,1,55341,0.16,0
1953,46,159910,85544,0.28,1,71749,0.16,0
1954,63,54042,28764,0.32,0,25563,0.16,0
1955,30,97944,210900,0.15,0,181157,0.16,0
1956,50,37419,97966,0.23,0,68463,0.16,0
1957,38,25446,62678,0.18,0,50729,0.16,0
1958,37,15473,19743,0.22,0,16974,0.16,0
1959,46,92809,155716,0.28,0,131276,0.16,0
1960,28,50716,55047,0.38,2,43311,0.24,0
1961,60,26270,78097,0.06,0,58657,0.16,0
1962,32,94759,109092,0.23,0,68185,0.16,0
1963,47,87377,134617,0.3,1,93711,0.16,0
1964,28,97850,215546,0.13,0,168462,0.16,0
1965,45,25087,67485,0.14,1,52192,0.16,0
1966,24,91418,57473,0.1,0,47408,0.16,0
1967,53,59398,74398,0.48,1,64192,0.16,0
1968,21,100088,192415,0.4,0,147879,0.16,1
1969,39,64303,131549,0.38,0,104295,0.16,0
1970,51,53450,36082,0.09,0,26258,0.16,0
1971,36,92041,198826,0.19,0,122794,0.16,0
1972,34,75052,136606,0.07,0,95367,0.16,0
1973,25,84194,216300,0.28,0,164789,0.16,0
1974,61,38406,40536,0.24,1,30316,0.16,0
1975,46,44971,44411,0.17,0,34150,0.16,0
1976,48,20600,51156,0.32,0,40291,0.16,0
1977,22,37046,83711,0.4,2,51960,0.24,1
1978,26,72780,180434,0.4,0,108927,0.16,0
1979,29,64996,159554,0.13,0,106642,0.16,1
1980,53,30038,22828,0.31,1,17381,0.16,0
1981,61,93076,111361,0.15,0,78182,0.16,0
1982,45,216758,249317,0.4,0,193091,0.16,0
1983,33,31214,88537,0.43,1,70068,0.16,1
1984,29,44225,76008,0.44,0,49590,0.16,0
1985,33,35925,27936,0.19,0,21681,0.16,0
1986,51,46749,57218,0.12,0,51425,0.16,0
1987,61,56215,150642,0.34,0,133880,0.16,0
1988,31,34590,90545,0.18,2,63922,0.24,1
1989,24,42682,117411,0.33,1,77619,0.16,0
1990,54,51206,75340,0.36,0,65686,0.16,0
1991,58,62056,130525,0.24,0,107751,0.16,0
1992,24,102052,121996,0.12,0,81862,0.16,0
1993,58,48667,46334,0.36,0,32408,0.16,0
1994,39,37015,20534,0.45,0,14974,0.16,0
1995,26,69436,73505,0.27,0,52720,0.16,0
1996,54,59879,120412,0.28,0,94459,0.16,0
1997,38,44515,122884,0.36,2,100403,0.24,0
1998,33,62474,52075,0.36,0,45298,0.16,0
1999,61,40474,113125,0.38,0,73855,0.16,0
2000,43,37601,51267,0.18,2,36383,0.24,0
2001,39,18964,29717,0.33,0,24514,0.16,0
2002,31,41607,58767,0.16,1,47532,0.16,1
2003,21,20307,30897,0.34,1,26866,0.16,0
2004,44,35607,40876,0.11,1,33224,0.16,0
2005,27,65495,147135,0.47,0,93372,0.16,0
2006,45,23096,55325,0.23,0,45142,0.16,1
2007,41,44581,114028,0.33,1,69435,0.16,1
2008,35,50652,68543,0.43,0,52678,0.16,0
2009,21,43508,104922,0.26,0,84037,0.16,0
2010,32,38535,80699,0.4,2,68396,0.24,0
2011,27,57681,166974,0.18,0,130270,0.16,0
2012,35,61824,96566,0.48,0,76339,0.16,0
2013,41,49058,146230,0.61,0,94410,0.16,0
2014,39,39621,93148,0.15,0,57632,0.16,0
2015,49,75536,184360,0.41,0,116253,0.16,0
2016,45,25454,14362,0.3,0,9607,0.16,0
2017,53,69126,120520,0.19,0,88472,0.16,1
2018,52,60466,110099,0.29,1,79035,0.16,0
2019,55,54150,32571,0.36,3,22488,0.24,0
2020,64,48778,62451,0.13,0,54113,0.16,0
2021,58,19053,55046,0.27,0,34480,0.16,0
2022,46,98093,153542,0.1,0,98765,0.16,0
2023,31,74558,72079,0.18,0,52653,0.16,0
2024,55,30312,54056,0.31,1,34535,0.16,0
2025,28,71639,41866,0.51,1,27073,0.16,1
2026,34,53874,96432,0.41,0,85836,0.16,0
2027,30,36625,72725,0.25,1,54417,0.16,0
2028,22,88955,124024,0.11,1,78320,0.16,0
2029,29,39520,95102,0.19,0,58544,0.16,0
2030,23,96573,81052,0.12,0,66502,0.16,0
2031,41,64032,172595,0.29,1,123470,0.16,0
2032,46,79085,228445,0.65,2,156564,0.24,0
2033,28,65482,32943,0.17,0,26563,0.16,0
2034,22,63982,166788,0.1,0,135033,0.16,0
2035,26,54590,96365,0.35,1,68239,0.16,1
2036,48,34084,56358,0.22,2,49888,0.24,0
2037,49,50577,55467,0.11,1,39934,0.16,0
2038,46,77512,125438,0.49,0,89548,0.16,0
2039,45,70236,202003,0.19,0,168337,0.16,0
2040,32,62983,64681,0.23,0,54640,0.16,0
2041,25,17190,16289,0.33,0,11177,0.16,0
2042,54,44063,48678,0.37,0,39269,0.16,1
2043,57,41808,78581,0.05,0,62218,0.16,0
2044,35,28236,79787,0.06,0,48677,0.16,0
2045,64,77024,149018,0.2,1,98146,0.16,0
2046,56,17806,19741,0.16,2,12440,0.24,0
2047,35,74482,119255,0.3,0,103225,0.16,0
2048,63,95284,140639,0.17,0,124706,0.16,0
2049,43,44138,27207,0.08,0,23057,0.16,0
2050,26,47232,83912,0.3,2,58178,0.24,0
2051,64,79521,64810,0.3,0,55609,0.16,0
2052,63,33462,87188,0.12,0,53834,0.16,0
2053,41,68212,127720,0.24,0,102889,0.16,0
2054,43,30979,80902,0.03,0,51553,0.16,0
2055,63,26669,77076,0.05,0,46536,0.16,0
2056,36,56839,162444,0.4,0,106015,0.16,0
2057,35,48371,36330,0.16,0,32298,0.16,1
2058,45,20733,59338,0.41,0,49028,0.16,0
2059,56,99474,247627,0.53,0,187061,0.16,0
2060,31,39840,97374,0.22,1,85794,0.16,0
2061,35,63280,45898,0.22,1,33268,0.16,1
2062,24,109380,103778,0.15,0,63520,0.16,0
2063,41,55481,162998,0.06,0,126874,0.16,0
2064,33,92655,95752,0.1,0,81246,0.16,0
2065,42,31839,29375,0.36,2,20145,0.24,1
2066,39,99757,140246,0.29,0,97497,0.16,0
2067,54,32437,90284,0.43,2,72359,0.24,0
2068,34,36843,62282,0.34,0,52400,0.16,0
2069,24,23686,66355,0.6,2,48453,0.24,1
2070,47,56061,74888,0.37,0,46931,0.16,0
2071,49,67202,71658,0.22,1,59044,0.16,0
2072,48,71926,125007,0.44,0,90999,0.16,0
2073,55,23961,48849,0.44,1,42647,0.16,0
2074,28,59129,87436,0.1,0,59101,0.16,1
2075,36,60233,82222,0.28,0,60760,0.16,0
2076,62,66661,69670,0.07,0,56602,0.16,0
2077,56,33310,39556,0.13,0,26643,0.16,0
2078,50,14007,30574,0.28,0,20425,0.16,0
2079,38,69789,99427,0.18,1,81389,0.16,1
2080,22,45573,31873,0.63,0,20844,0.16,1
2081,33,56394,47674,0.16,1,30308,0.16,0
2082,24,46755,66903,0.38,1,45339,0.16,0
2083,46,55119,154953,0.37,1,131105,0.16,0
2084,45,70866,102583,0.15,0,88134,0.16,0
2085,50,19370,12621,0.47,0,7967,0.16,1
2086,31,86726,133990,0.43,2,84802,0.24,1
2087,27,44753,97205,0.19,0,82735,0.16,0
2088,51,110584,219397,0.49,0,193898,0.16,0
2089,64,38959,46634,0.36,0,34698,0.16,0
2090,30,34863,77403,0.63,0,66158,0.16,0
2091,59,45516,94516,0.06,0,81926,0.16,0
2092,33,62943,58564,0.13,0,41476,0.16,1
2093,51,42737,38692,0.04,0,29072,0.16,0
2094,27,65267,121915,0.02,0,94038,0.16,0
2095,62,40394,86790,0.08,0,72248,0.16,0
2096,62,49883,144898,0.54,1,106901,0.16,0
2097,56,149982,233195,0.4,2,175413,0.24,1
2098,40,58608,141382,0.2,0,87989,0.16,1
2099,24,61007,48274,0.3,0,29748,0.16,0
2100,27,23475,63946,0.32,1,52557,0.16,0
2101,21,96485,200955,0.35,0,149646,0.16,1
2102,64,83552,173167,0.18,0,108556,0.16,0
2103,62,34295,29360,0.15,1,19737,0.16,0
2104,33,82732,49553,0.06,0,39800,0.16,0
2105,42,57809,130279,0.43,0,97895,0.16,0
2106,41,50171,39767,0.16,0,33336,0.16,0
2107,42,93477,76410,0.23,0,54864,0.16,0
2108,48,37943,36757,0.06,0,23323,0.16,0
2109,29,34160,25427,0.12,1,17297,0.16,0
2110,46,54381,112214,0.36,0,71029,0.16,0
2111,29,63838,99268,0.13,0,73869,0.16,0
2112,35,79471,92602,0.13,0,68734,0.16,0
2113,30,45457,72816,0.32,0,45306,0.16,0
2114,44,32051,83664,0.56,1,55004,0.16,0
2115,62,173560,489039,0.06,0,435714,0.16,0
2116,28,28472,48934,0.35,0,43798,0.16,0
2117,44,50390,96591,0.41,4,67883,0.24,0
2118,36,72392,82744,0.43,1,53237,0.16,0
2119,46,87165,155502,0.23,0,102089,0.16,0
2120,47,36916,87501,0.02,0,54638,0.16,0
2121,57,19197,33217,0.51,2,20782,0.24,1
2122,24,36492,45804,0.14,0,30134,0.16,0
2123,44,75407,147427,0.08,1,109262,0.16,0
2124,39,67423,193277,0.15,0,157300,0.16,0
2125,56,68532,186404,0.11,0,120679,0.16,0
2126,59,69970,169544,0.19,0,122933,0.16,0
2127,30,95802,114054,0.22,0,71358,0.16,0
2128,45,33258,36713,0.32,0,28874,0.16,0
2129,38,26931,69922,0.08,1,50988,0.16,0
2130,39,58996,56240,0.44,2,47231,0.24,0
2131,56,29019,58445,0.35,0,50527,0.16,0
2132,30,26096,41683,0.51,1,28053,0.16,0
2133,53,90398,150961,0.15,0,108733,0.16,0
2134,25,55557,90911,0.07,0,68110,0.16,0
2135,55,49724,136734,0.33,0,122908,0.16,0
2136,64,50243,36061,0.62,0,31542,0.16,0
2137,54,46487,114230,0.29,0,101775,0.16,0
2138,53,90095,233123,0.47,0,172328,0.16,0
2139,41,22987,65678,0.16,0,59101,0.16,0
2140,37,22516,36734,0.34,0,22395,0.16,0
2141,42,30693,53717,0.12,0,47825,0.16,0
2142,57,56646,164456,0.35,2,108165,0.24,0
2143,35,120894,199006,0.24,0,177839,0.16,0
2144,55,75700,133146,0.15,0,98056,0.16,0
2145,48,65921,87716,0.31,0,67878,0.16,0
2146,27,47101,27274,0.15,0,23788,0.16,0
2147,52,25178,39847,0.38,1,35674,0.16,0
2148,31,63417,135568,0.5,0,88320,0.16,0
2149,30,134993,300341,0.12,0,235076,0.16,0
2150,29,43476,22445,0.5,0,18132,0.16,1
2151,34,37036,92687,0.13,0,75303,0.16,0
2152,33,43581,75440,0.62,0,50022,0.16,0
2153,45,66162,119214,0.02,0,74032,0.16,0
2154,22,51837,150553,0.1,0,107325,0.16,1
2155,55,77265,93579,0.45,1,78933,0.16,0
2156,27,48207,115895,0.16,0,103284,0.16,0
2157,41,43455,84169,0.2,0,61728,0.16,0
2158,38,54967,123785,0.26,0,108220,0.16,0
2159,23,37427,57807,0.34,1,47210,0.16,0
2160,62,117053,140231,0.48,1,89102,0.16,0
2161,59,73980,137995,0.28,0,97097,0.16,0
2162,61,28286,40656,0.33,0,33472,0.16,0
2163,31,33762,35695,0.12,0,26206,0.16,1
2164,59,65034,168964,0.29,1,134631,0.16,0
2165,44,53726,90774,0.3,0,75150,0.16,1
2166,39,57025,149307,0.26,0,133524,0.16,0
2167,24,44530,75036,0.35,1,65690,0.16,1
2168,46,61548,116448,0.13,1,81894,0.16,1
2169,58,45057,134639,0.09,2,113207,0.24,0
2170,62,64970,187033,0.13,1,133120,0.16,0
2171,52,72150,85081,0.15,0,67544,0.16,0
2172,59,109466,292453,0.09,0,180877,0.16,0
2173,56,37897,55936,0.23,0,46718,0.16,0
2174,60,48749,33057,0.48,2,29663,0.24,0
2175,57,26649,51684,0.42,2,39366,0.24,0
2176,53,122165,359486,0.29,0,316262,0.16,0
2177,56,18256,53595,0.21,0,46189,0.16,0
2178,23,113713,92808,0.5,0,56005,0.16,0
2179,29,51366,124721,0.25,1,78184,0.16,0
2180,28,60428,151497,0.34,1,110728,0.16,0
2181,53,45123,64158,0.11,0,43585,0.16,0
2182,26,49789,106871,0.27,0,77023,0.16,0
2183,61,65778,113164,0.34,0,85233,0.16,0
2184,59,21626,23134,0.31,2,17194,0.24,0
2185,24,35381,85026,0.05,1,55156,0.16,0
2186,33,32127,37167,0.15,1,23955,0.16,0
2187,22,61310,82837,0.24,0,59980,0.16,0
2188,25,49127,47901,0.49,0,38669,0.16,1
2189,64,66772,153453,0.56,1,119291,0.16,1
2190,47,53230,87659,0.37,0,54857,0.16,0
2191,52,83224,133860,0.38,0,91671,0.16,0
2192,41,33855,68096,0.02,0,49328,0.16,0
2193,28,50467,45075,0.29,0,31539,0.16,0
2194,58,85364,234357,0.37,0,172040,0.16,1
2195,28,77239,128430,0.09,0,93968,0.16,0
2196,23,23392,33130,0.22,0,28156,0.16,0
2197,64,29420,24028,0.58,1,20430,0.16,0
2198,23,47056,43286,0.2,0,38177,0.16,0
2199,42,43589,122088,0.07,0,92432,0.16,0
2200,26,47443,77879,0.34,0,53185,0.16,0
2201,22,72991,168277,0.47,1,135900,0.16,0
2202,43,56652,39729,0.58,1,32945,0.16,0
2203,64,58328,122993,0.28,1,86666,0.16,0
2204,22,68549,192197,0.23,0,162860,0.16,0
2205,58,83875,104836,0.21,0,84730,0.16,0
2206,37,10635,20715,0.16,1,18458,0.16,0
2207,55,40404,115173,0.34,1,81034,0.16,0
2208,54,31524,72451,0.4,0,63522,0.16,0
2209,43,62171,40772,0.41,0,28715,0.16,0
2210,50,38907,56292,0.16,0,48408,0.16,0
2211,28,50915,36375,0.35,0,25402,0.16,0
2212,42,75062,199161,0.36,1,173782,0.16,0
2213,64,36261,74485,0.56,0,45068,0.16,0
2214,56,58771,169904,0.07,0,122590,0.16,0
2215,25,106608,58569,0.18,0,36022,0.16,0
2216,33,74295,115730,0.17,0,83584,0.16,0
2217,49,22183,16879,0.61,3,12262,0.24,1
2218,51,42367,58306,0.33,0,50863,0.16,0
2219,36,58565,52984,0.39,0,44503,0.16,0
2220,62,64627,85435,0.46,2,58092,0.24,0
2221,50,43209,110103,0.32,0,93651,0.16,0
2222,36,35600,32102,0.41,0,21008,0.16,0
2223,32,50710,85403,0.57,0,68983,0.16,0
2224,37,28468,79823,0.3,0,54536,0.16,0
2225,36,84954,254602,0.3,0,226614,0.16,0
2226,32,124784,140582,0.39,1,123725,0.16,0
2227,28,59715,169526,0.08,1,117064,0.16,0
2228,40,43642,50339,0.28,0,30647,0.16,0
2229,23,78468,120355,0.43,1,95585,0.16,0
2230,36,72111,194325,0.32,0,126080,0.16,0
2231,50,42711,105301,0.22,0,66893,0.16,0
2232,43,47862,126533,0.29,1,110357,0.16,0
2233,48,36142,90378,0.27,2,69510,0.24,0
2234,60,53228,57893,0.31,0,50957,0.16,0
2235,25,56922,107980,0.23,0,73357,0.16,0
2236,40,33187,48556,0.22,1,33971,0.16,0
2237,60,28642,47238,0.14,1,41618,0.16,1
2238,64,25260,22352,0.19,0,16398,0.16,0
2239,21,60371,77843,0.11,0,52169,0.16,1
2240,50,48740,128874,0.28,1,93375,0.16,0
2241,41,47014,129001,0.35,1,90985,0.16,1
2242,40,61837,125243,0.4,2,104742,0.24,0
2243,26,31242,54538,0.26,0,39448,0.16,0
2244,42,28706,65509,0.02,0,40818,0.16,0
2245,38,55300,111823,0.34,0,87409,0.16,0
2246,28,20653,61116,0.5,0,52963,0.16,0
2247,59,43066,41998,0.07,0,36700,0.16,0
2248,52,168252,273007,0.22,0,203299,0.16,0
2249,53,24977,69825,0.17,0,42169,0.16,0
2250,36,39542,110197,0.19,0,85974,0.16,0
2251,32,16958,29479,0.3,3,21824,0.24,0
2252,58,43614,36505,0.13,0,32214,0.16,0
2253,54,131041,332502,0.08,0,287873,0.16,0
2254,34,61911,121525,0.27,1,105715,0.16,0
2255,56,36066,87745,0.2,0,73251,0.16,1
2256,53,145904,241662,0.25,0,163106,0.16,0
2257,43,20513,20712,0.54,1,16008,0.16,1
2258,22,61511,34444,0.2,1,29409,0.16,0
2259,61,50637,96101,0.3,0,80333,0.16,0
2260,41,43325,39105,0.42,1,33127,0.16,0
2261,22,73390,71029,0.15,0,52793,0.16,0
2262,47,27146,43182,0.04,0,29351,0.16,0
2263,29,57314,92000,0.35,2,56940,0.24,0
2264,21,53789,63792,0.34,0,43604,0.16,0
2265,31,31713,26315,0.1,0,15943,0.16,0
2266,23,129962,372000,0.44,1,259635,0.16,0
2267,43,44760,37110,0.45,1,32870,0.16,0
2268,46,45737,62976,0.09,1,42841,0.16,0
2269,24,29323,37010,0.14,0,32535,0.16,0
2270,38,45176,120432,0.04,0,107405,0.16,1
2271,26,157530,240257,0.1,0,151566,0.16,0
2272,55,43202,34998,0.32,1,29521,0.16,0
2273,42,63535,33397,0.15,1,29544,0.16,0
2274,63,78847,181732,0.05,1,120504,0.16,0
2275,35,44770,102355,0.23,0,73236,0.16,0
2276,42,39942,61688,0.18,0,52520,0.16,0
2277,57,62077,50640,0.18,1,32520,0.16,1
2278,62,43450,62093,0.13,0,47687,0.16,0
2279,32,41526,82001,0.49,0,55139,0.16,0
2280,62,78428,177236,0.39,2,147021,0.24,1
2281,58,47348,32935,0.23,0,25874,0.16,0
2282,38,89914,170006,0.09,0,133506,0.16,0
2283,55,46818,55727,0.3,1,48753,0.16,0
2284,50,25372,51839,0.44,2,41560,0.24,0
2285,44,8840,18743,0.35,1,12074,0.16,0
2286,62,19553,54289,0.1,0,35406,0.16,0
2287,50,21311,32519,0.29,0,22190,0.16,0
2288,34,56009,103279,0.42,0,63142,0.16,0
2289,26,30161,35304,0.17,0,25048,0.16,0
2290,23,18268,22221,0.57,1,15885,0.16,0
2291,36,45915,28241,0.03,0,22955,0.16,0
2292,27,28540,34681,0.13,0,24223,0.16,0
2293,34,61793,40756,0.32,0,34926,0.16,0
2294,29,61030,177584,0.3,0,127018,0.16,0
2295,35,64346,132595,0.29,1,119310,0.16,0
2296,41,13641,12725,0.32,1,9448,0.16,0
2297,55,50146,39711,0.43,0,34398,0.16,0
2298,22,46133,65753,0.45,0,43808,0.16,0
2299,47,26613,33775,0.45,0,20300,0.16,0
2300,22,16836,20171,0.05,1,15207,0.16,0
2301,55,46427,77555,0.18,0,58513,0.16,0
2302,38,83454,232184,0.21,1,205830,0.16,0
2303,34,13482,25887,0.28,0,17048,0.16,0
2304,40,32329,58291,0.63,2,38422,0.24,0
2305,38,52353,131739,0.18,0,95620,0.16,0
2306,30,86030,43880,0.24,1,33142,0.16,0
2307,45,41932,41657,0.46,0,33014,0.16,0
2308,22,128733,224055,0.29,1,154246,0.16,0
2309,45,19977,45213,0.52,1,30721,0.16,0
2310,53,17881,30622,0.15,2,26094,0.24,0
2311,56,81540,74143,0.33,1,55499,0.16,0
2312,51,15141,42772,0.29,0,37616,0.16,0
2313,34,61744,81604,0.28,1,65693,0.16,0
2314,21,42308,104523,0.07,0,64671,0.16,0
2315,36,31241,85242,0.13,0,53887,0.16,0
2316,23,39603,54102,0.52,0,46574,0.16,0
2317,55,25731,67242,0.05,0,44594,0.16,0
2318,61,41807,95191,0.27,0,61911,0.16,0
2319,26,49449,136513,0.33,0,118260,0.16,0
2320,45,39810,44916,0.58,0,39810,0.16,0
2321,33,36590,103483,0.53,1,82341,0.16,0
2322,54,55662,36918,0.34,0,23275,0.16,0
2323,28,112396,279211,0.11,0,169376,0.16,1
2324,41,42911,68192,0.21,0,53165,0.16,0
2325,54,73865,69782,0.44,1,43103,0.16,0
2326,24,30239,21122,0.19,0,16147,0.16,0
2327,45,25158,37079,0.76,2,26717,0.24,0
2328,35,61491,90595,0.21,0,55244,0.16,0
2329,24,43618,46884,0.26,1,41548,0.16,0
2330,32,86227,89571,0.17,0,53982,0.16,0
2331,52,95102,142537,0.28,0,100666,0.16,0
2332,52,74573,113745,0.23,0,95738,0.16,0
2333,48,73767,118463,0.73,2,105709,0.24,0
2334,33,8842,23624,0.26,1,14494,0.16,0
2335,51,61221,124164,0.32,0,109914,0.16,0
2336,34,75466,41588,0.18,0,29150,0.16,0
2337,40,25954,46658,0.14,0,30213,0.16,0
2338,38,49236,118468,0.41,1,100353,0.16,0
2339,49,29104,18656,0.41,1,14790,0.16,1
2340,26,81941,127542,0.53,2,80322,0.24,1
2341,52,30394,49482,0.39,1,38868,0.16,0
2342,49,32977,95140,0.31,1,80391,0.16,1
2343,63,38869,65657,0.22,0,50207,0.16,0
2344,22,150950,358468,0.24,1,251928,0.16,1
2345,43,81010,101850,0.43,1,67643,0.16,0
2346,39,109787,268787,0.36,0,221790,0.16,0
2347,51,19800,25871,0.51,0,18620,0.16,0
2348,25,25987,40931,0.6,0,34774,0.16,0
2349,39,95730,162617,0.11,1,134851,0.16,0
2350,54,20331,57250,0.47,0,47272,0.16,0
2351,30,35036,22199,0.14,0,18606,0.16,0
2352,45,136991,135918,0.15,0,104206,0.16,0
2353,22,30280,68564,0.45,0,57174,0.16,0
2354,31,19722,38338,0.32,1,33110,0.16,0
2355,51,50198,56664,0.3,0,39114,0.16,0
2356,35,20133,24622,0.19,0,16633,0.16,0
2357,29,91000,129062,0.29,0,95200,0.16,0
2358,43,31337,50949,0.12,0,39018,0.16,0
2359,39,28349,72150,0.33,0,43899,0.16,0
2360,29,49746,26591,0.23,1,17404,0.16,0
2361,55,40045,109925,0.21,0,66688,0.16,0
2362,41,55613,85230,0.17,0,65500,0.16,0
2363,29,63624,68474,0.08,0,56924,0.16,0
2364,48,43974,77879,0.3,1,66036,0.16,0
2365,27,27426,58943,0.42,0,45240,0.16,0
2366,36,70633,43218,0.42,0,26464,0.16,0
2367,36,34658,79347,0.55,0,61669,0.16,0
2368,53,31743,76243,0.06,0,54880,0.16,1
2369,24,52645,48194,0.25,0,41188,0.16,0
2370,24,18688,17187,0.3,0,12408,0.16,0
2371,59,59601,60164,0.48,1,49061,0.16,0
2372,60,54061,134696,0.07,0,88686,0.16,0
2373,37,85897,101359,0.44,0,88892,0.16,0
2374,57,38169,95034,0.18,0,65438,0.16,0
2375,59,95074,176011,0.39,2,105912,0.24,0
2376,49,63883,154464,0.09,0,96458,0.16,0
2377,56,48368,91134,0.3,0,60951,0.16,0
2378,58,121582,162849,0.51,0,105794,0.16,0
2379,59,51410,142754,0.06,0,93808,0.16,0
2380,57,37828,86559,0.45,0,66976,0.16,0
2381,55,52152,89187,0.28,0,66177,0.16,0
2382,27,37440,78383,0.54,0,63773,0.16,0
2383,47,59090,120520,0.21,0,100887,0.16,0
2384,48,94877,132380,0.56,0,99947,0.16,0
2385,42,48825,76139,0.14,0,59225,0.16,0
2386,34,51280,66440,0.21,2,55325,0.24,0
2387,27,73051,219064,0.1,0,137346,0.16,0
2388,57,88753,173082,0.23,1,126383,0.16,0
2389,42,39092,28542,0.29,0,21649,0.16,0
2390,25,53432,96058,0.12,0,74864,0.16,0
2391,22,73213,45751,0.23,0,34896,0.16,0
2392,47,57813,70626,0.21,0,49807,0.16,0
2393,41,19321,31201,0.08,0,21411,0.16,0
2394,58,80126,147085,0.25,0,107700,0.16,0
2395,35,63668,187212,0.57,0,116067,0.16,0
2396,41,65971,194980,0.27,0,144548,0.16,0
2397,30,27008,20125,0.37,0,17905,0.16,0
2398,43,52901,97619,0.14,1,60149,0.16,1
2399,59,74732,190026,0.3,0,122734,0.16,0
2400,25,31562,34537,0.54,0,27253,0.16,1
2401,21,35944,85417,0.56,1,69377,0.16,0
2402,33,75375,203252,0.06,0,150931,0.16,0
2403,41,35117,75719,0.14,1,66257,0.16,0
2404,46,44167,58267,0.15,0,43380,0.16,0
2405,41,29222,82050,0.2,0,51921,0.16,0
2406,38,121779,329874,0.33,0,245325,0.16,0
2407,57,63596,145607,0.57,2,109848,0.24,1
2408,52,43144,60797,0.32,0,44298,0.16,0
2409,56,39293,97436,0.41,0,85195,0.16,0
2410,37,26524,34223,0.28,0,25454,0.16,0
2411,55,46395,52536,0.08,0,42435,0.16,0
2412,31,68359,122194,0.47,1,91962,0.16,0
2413,41,32698,97859,0.48,1,80044,0.16,0
2414,46,51677,129750,0.22,0,82089,0.16,0
2415,24,40794,94824,0.3,0,83774,0.16,1
2416,54,97739,159317,0.03,0,124829,0.16,0
2417,38,35655,45633,0.41,0,31592,0.16,0
2418,60,72299,190851,0.54,0,127868,0.16,0
2419,55,98421,188902,0.16,0,155148,0.16,0
2420,61,40596,102835,0.16,1,69947,0.16,0
2421,49,36523,62797,0.16,0,46134,0.16,0
2422,49,77757,185442,0.36,3,145574,0.24,0
2423,58,20118,53702,0.19,0,46040,0.16,1
2424,62,60797,89886,0.16,0,76293,0.16,0
2425,41,22299,11905,0.51,0,9525,0.16,0
2426,62,90328,102731,0.34,0,69805,0.16,0
2427,33,43215,120452,0.31,0,78122,0.16,0
2428,61,46845,103942,0.42,0,79373,0.16,0
2429,37,34128,79963,0.15,0,69124,0.16,0
2430,29,22217,29175,0.38,1,21078,0.16,1
2431,61,92312,207995,0.21,0,170784,0.16,0
2432,21,45002,95210,0.37,1,80891,0.16,1
2433,22,243868,230683,0.13,0,156578,0.16,0
2434,49,32692,95517,0.17,0,84943,0.16,0
2435,53,35477,49137,0.22,0,33241,0.16,0
2436,30,31300,41416,0.29,1,32172,0.16,0
2437,60,44887,63869,0.12,0,51120,0.16,0
2438,41,107754,78584,0.16,1,60187,0.16,0
2439,48,81232,167533,0.11,0,131759,0.16,0
2440,31,23103,25333,0.15,0,16804,0.16,0
2441,54,89505,224503,0.14,0,144422,0.16,0
2442,28,68967,102442,0.27,0,61939,0.16,0
2443,42,62360,102669,0.08,0,80352,0.16,1
2444,28,34817,73674,0.26,0,64625,0.16,0
2445,35,36135,86893,0.28,0,69878,0.16,0
2446,37,52498,56581,0.58,1,44999,0.16,0
2447,43,37175,108392,0.14,0,82353,0.16,0
2448,44,94496,194265,0.16,1,152584,0.16,0
2449,39,36389,18707,0.25,1,15282,0.16,1
2450,25,18520,28503,0.08,0,18394,0.16,1
2451,52,25572,40711,0.26,1,33346,0.16,0
2452,64,26397,66597,0.43,0,43059,0.16,0
2453,21,42972,54267,0.31,0,37352,0.16,0
2454,43,54613,72529,0.24,0,50900,0.16,0
2455,57,50357,34053,0.13,0,23349,0.16,0
2456,28,61725,74617,0.38,1,56513,0.16,0
2457,33,43211,99057,0.44,0,75931,0.16,1
2458,28,43982,91785,0.14,1,77638,0.16,0
2459,43,117704,82803,0.19,3,64019,0.24,0
2460,63,89561,70460,0.19,0,63339,0.16,0
2461,21,60123,86716,0.1,0,70105,0.16,0
2462,44,77523,182907,0.46,1,149778,0.16,0
2463,55,18711,48317,0.29,2,43453,0.24,1
2464,44,32491,17433,0.4,1,11684,0.16,0
2465,37,39493,52230,0.12,0,41471,0.16,0
2466,25,32683,51006,0.43,0,44191,0.16,1
2467,40,22632,62867,0.4,1,55975,0.16,0
2468,41,60492,106073,0.47,0,77852,0.16,0
2469,60,98014,115093,0.15,1,83933,0.16,0
2470,51,48707,71848,0.08,0,45150,0.16,0
2471,56,67784,107850,0.23,0,93966,0.16,0
2472,31,47989,104375,0.15,0,91957,0.16,0
2473,35,39307,23691,0.64,0,20501,0.16,0
2474,39,77621,114384,0.33,3,76363,0.24,0
2475,27,24002,50797,0.22,0,35075,0.16,0
2476,48,19308,23329,0.17,0,20635,0.16,0
2477,63,23833,47174,0.24,0,36996,0.16,0
2478,25,75116,104651,0.11,0,82643,0.16,0
2479,25,51205,122728,0.18,1,88990,0.16,0
2480,50,59175,38552,0.08,0,30246,0.16,0
2481,52,113375,316872,0.43,0,205382,0.16,1
2482,28,27400,25455,0.08,0,22522,0.16,0
2483,30,89508,80232,0.19,0,70897,0.16,0
2484,58,40208,104605,0.37,1,89660,0.16,0
2485,52,37265,99617,0.32,0,67420,0.16,1
2486,48,51052,37392,0.2,0,32261,0.16,0
2487,37,55208,153025,0.4,0,123955,0.16,0
2488,51,44122,52207,0.17,0,35180,0.16,0
2489,28,66513,136122,0.54,1,115785,0.16,0
2490,60,51155,34349,0.23,1,21546,0.16,0
2491,45,44370,64409,0.34,0,52501,0.16,0
2492,29,39809,64761,0.25,0,58234,0.16,0
2493,22,55225,110426,0.28,0,80537,0.16,0
2494,35,24876,45104,0.38,0,35473,0.16,0
2495,23,28645,47371,0.19,0,31498,0.16,0
2496,56,40793,118263,0.26,0,87509,0.16,0
2497,24,64372,61961,0.09,0,39188,0.16,0
2498,34,143118,128088,0.08,0,103573,0.16,0
2499,61,45267,103369,0.29,0,85985,0.16,0
2500,61,20188,13856,0.69,0,10759,0.16,1
2501,45,33020,56372,0.33,1,46356,0.16,1
2502,30,68148,116542,0.71,0,94043,0.16,1
2503,41,30177,38477,0.3,1,33739,0.16,0
2504,56,25517,72113,0.04,0,53620,0.16,0
2505,32,67970,81996,0.33,0,62442,0.16,0
2506,47,61848,75522,0.18,1,53745,0.16,0
2507,60,23475,25487,0.34,1,17990,0.16,0
2508,22,31335,27088,0.16,1,22898,0.16,0
2509,33,91339,128790,0.32,0,113162,0.16,0
2510,52,75088,165360,0.37,0,114582,0.16,0
2511,51,26938,63449,0.32,0,46051,0.16,0
2512,36,18134,45943,0.23,0,32421,0.16,0
2513,52,56064,55719,0.32,0,47717,0.16,0
2514,52,42275,24903,0.38,0,22022,0.16,0
2515,54,53684,157654,0.4,0,137253,0.16,0
2516,31,67327,36075,0.26,0,21788,0.16,0
2517,30,30389,88179,0.32,1,57476,0.16,1
2518,35,39494,101579,0.07,0,88226,0.16,0
2519,37,31271,86939,0.47,1,65862,0.16,0
2520,60,31836,46734,0.19,2,33332,0.24,0
2521,38,65015,64560,0.2,0,46617,0.16,0
2522,29,52682,106215,0.17,0,89988,0.16,0
2523,45,22438,52799,0.04,0,44544,0.16,0
2524,60,70442,58266,0.15,0,49435,0.16,0
2525,34,41149,102627,0.11,0,87679,0.16,0
2526,45,72083,73631,0.45,0,45712,0.16,0
2527,42,29514,51035,0.35,0,42201,0.16,0
2528,50,30858,81502,0.29,0,63837,0.16,0
2529,40,55595,54681,0.24,0,36970,0.16,0
2530,41,28332,31298,0.42,1,24342,0.16,0
2531,64,42725,28067,0.69,1,22598,0.16,0
2532,52,26768,23195,0.26,1,17891,0.16,0
2533,41,40308,34919,0.06,1,24644,0.16,0
2534,55,48246,48659,0.34,0,32764,0.16,0
2535,52,49396,60040,0.46,1,37578,0.16,0
2536,50,40848,103650,0.16,0,63958,0.16,0
2537,59,57911,161537,0.5,0,114001,0.16,0
2538,32,52780,79998,0.39,0,53675,0.16,0
2539,61,46878,38464,0.28,0,28786,0.16,0
2540,38,35849,37982,0.31,0,29211,0.16,0
2541,41,83627,195730,0.23,0,139729,0.16,0
2542,33,59465,130440,0.08,0,93140,0.16,0
2543,41,29200,85206,0.68,2,70253,0.24,1
2544,28,67808,36360,0.52,1,21880,0.16,0
2545,60,75943,180508,0.3,0,162338,0.16,0
2546,27,47061,83038,0.35,1,60807,0.16,0
2547,43,48652,134120,0.12,0,104100,0.16,0
2548,64,17510,33976,0.28,0,22869,0.16,0
2549,52,32153,51980,0.32,2,34458,0.24,0
2550,31,74745,161795,0.65,0,129733,0.16,0
2551,42,33146,85642,0.32,1,76376,0.16,0
2552,42,45255,54588,0.07,0,47628,0.16,0
2553,63,31910,24532,0.22,0,21577,0.16,0
2554,45,55017,87066,0.15,0,65511,0.16,0
2555,42,59687,61853,0.13,1,43772,0.16,0
2556,48,60490,95202,0.58,1,78995,0.16,0
2557,49,27731,82572,0.11,0,62974,0.16,0
2558,33,51707,100068,0.44,0,84450,0.16,0
2559,38,107827,240885,0.15,0,195041,0.16,0
2560,22,71270,156424,0.25,1,110924,0.16,1
2561,49,51362,131063,0.01,0,81325,0.16,1
2562,41,18667,53393,0.19,1,36758,0.16,0
2563,35,43274,92911,0.07,0,78899,0.16,0
2564,47,111656,188725,0.3,1,139358,0.16,0
2565,51,94779,122698,0.33,0,103856,0.16,0
2566,35,61741,86479,0.21,1,69990,0.16,1
2567,43,34212,45714,0.43,2,31665,0.24,0
2568,44,50319,65976,0.37,0,48317,0.16,0
2569,64,72167,161406,0.15,0,128645,0.16,0
2570,33,78454,154497,0.26,0,133353,0.16,1
2571,42,57314,57599,0.29,0,35240,0.16,0
2572,63,75170,219801,0.28,1,197300,0.16,0
2573,57,47603,74704,0.03,0,53954,0.16,0
2574,53,46562,89176,0.16,0,56983,0.16,0
2575,23,38969,87933,0.25,1,61498,0.16,0
2576,39,60613,123298,0.05,0,103413,0.16,0
2577,43,80835,103277,0.54,4,79759,0.24,0
2578,49,69858,174244,0.24,0,110340,0.16,0
2579,50,26661,20672,0.57,0,14811,0.16,0
2580,59,27385,52647,0.45,1,32464,0.16,0
2581,64,85120,100721,0.48,1,62448,0.16,0
2582,45,53545,109199,0.18,0,72753,0.16,0
2583,57,54601,57057,0.21,0,40246,0.16,0
2584,28,53990,131222,0.2,0,106022,0.16,0
2585,62,117691,125792,0.45,4,76119,0.24,1
2586,36,39216,106902,0.44,0,74252,0.16,0
2587,28,85675,227371,0.31,0,160808,0.16,0
2588,21,55094,77461,0.04,0,53671,0.16,0
2589,64,22020,32249,0.18,2,20726,0.24,0
2590,25,32453,73141,0.27,1,62773,0.16,0
2591,23,36188,26270,0.28,0,18293,0.16,0
2592,21,84673,59465,0.25,0,50743,0.16,0
2593,24,90549,76134,0.2,0,50019,0.16,1
2594,60,58508,111527,0.43,0,91096,0.16,0
2595,55,37745,32932,0.04,0,21740,0.16,0
2596,52,31085,37116,0.41,0,26080,0.16,0
2597,62,86577,183307,0.28,1,147238,0.16,0
2598,54,25789,13901,0.55,1,10625,0.16,0
2599,63,46539,44239,0.24,1,30083,0.16,0
2600,45,159889,451658,0.1,0,390406,0.16,0
2601,30,37801,81610,0.59,0,60533,0.16,0
2602,41,25955,32803,0.31,0,27440,0.16,0
2603,59,20277,12435,0.12,0,10677,0.16,0
2604,47,163080,320472,0.31,0,235541,0.16,0
2605,47,58355,61690,0.24,0,43178,0.16,0
2606,22,31744,92071,0.38,0,70529,0.16,0
2607,61,44597,98889,0.22,1,61779,0.16,0
2608,33,35190,103293,0.16,0,83164,0.16,0
2609,29,19306,50625,0.2,0,41831,0.16,0
2610,56,72697,124135,0.44,0,78434,0.16,0
2611,42,49856,108382,0.47,0,74662,0.16,0
2612,62,69737,176453,0.52,1,146475,0.16,0
2613,46,49181,95678,0.34,0,66490,0.16,0
2614,32,52345,34218,0.19,0,26835,0.16,0
2615,37,16035,26876,0.4,0,20972,0.16,1
2616,34,77182,63785,0.12,1,43233,0.16,0
2617,34,28448,65063,0.32,1,53984,0.16,0
2618,54,32336,71190,0.48,2,53264,0.24,1
2619,40,37649,112279,0.41,1,71415,0.16,0
2620,31,17512,36285,0.61,1,22878,0.16,1
2621,36,36633,91595,0.35,0,80164,0.16,0
2622,51,35380,41420,0.12,0,29600,0.16,0
2623,26,40582,54788,0.16,0,41978,0.16,0
2624,39,20939,58473,0.39,3,46325,0.24,1
2625,57,77952,186147,0.34,0,152121,0.16,0
2626,24,59815,127894,0.37,2,92591,0.24,0
2627,24,31824,36122,0.05,0,26962,0.16,1
2628,40,36652,82336,0.13,0,67449,0.16,1
2629,30,74538,202512,0.32,2,161480,0.24,0
2630,44,43099,46417,0.38,0,36450,0.16,0
2631,55,26363,59720,0.38,0,42781,0.16,0
2632,46,47014,69779,0.43,1,62083,0.16,0
2633,57,28454,22675,0.28,1,14860,0.16,0
2634,58,34408,82876,0.03,0,52624,0.16,0
2635,41,47795,43868,0.17,0,30083,0.16,0
2636,60,83083,94069,0.16,0,63541,0.16,0
2637,59,134815,331288,0.12,0,294268,0.16,0
2638,41,96887,228201,0.2,1,137493,0.16,1
2639,30,47290,53695,0.28,0,46393,0.16,0
2640,58,151550,432282,0.37,0,312068,0.16,0
2641,24,64804,67280,0.19,0,51821,0.16,1
2642,40,30036,89629,0.54,3,72425,0.24,0
2643,37,51393,120503,0.31,0,73926,0.16,0
2644,27,35296,52282,0.18,0,39486,0.16,1
2645,24,26266,21692,0.36,0,13273,0.16,0
2646,49,27252,35462,0.12,0,22322,0.16,0
2647,34,45541,44828,0.04,2,35334,0.24,0
2648,23,71474,146850,0.32,0,100219,0.16,0
2649,44,83625,116417,0.26,1,74816,0.16,0
2650,57,26308,32556,0.16,0,20017,0.16,0
2651,36,42123,100793,0.79,0,84789,0.16,1
2652,24,62523,67305,0.18,0,53168,0.16,0
2653,44,52887,104040,0.43,0,63426,0.16,0
2654,54,69374,68436,0.18,0,54070,0.16,0
2655,50,39444,90208,0.23,0,56916,0.16,0
2656,38,92638,191094,0.32,0,133428,0.16,0
2657,39,48916,122064,0.16,0,97404,0.16,0
2658,51,71600,48060,0.28,0,32941,0.16,0
2659,39,40522,41545,0.13,0,34377,0.16,0
2660,39,50473,44726,0.27,0,33794,0.16,0
2661,42,22070,21549,0.27,0,14540,0.16,0
2662,44,32261,24438,0.66,0,18742,0.16,1
2663,32,44190,84190,0.32,0,51376,0.16,0
2664,50,51535,102223,0.21,0,74794,0.16,0
2665,58,187325,488679,0.37,2,340928,0.24,1
2666,51,40499,62544,0.28,1,45379,0.16,0
2667,56,24628,45092,0.39,1,35324,0.16,0
2668,39,114833,342002,0.26,1,248682,0.16,1
2669,56,84071,153817,0.14,2,117873,0.24,0
2670,50,27494,53171,0.34,0,33679,0.16,0
2671,53,61860,184948,0.14,0,128160,0.16,0
2672,38,74429,222194,0.09,0,161490,0.16,0
2673,48,53205,83003,0.11,0,51138,0.16,0
2674,31,57694,120428,0.08,0,106523,0.16,0
2675,53,35734,60819,0.45,2,53021,0.24,0
2676,37,63063,145157,0.09,0,101606,0.16,0
2677,26,38342,109120,0.61,1,86008,0.16,0
2678,24,13059,16639,0.2,0,12347,0.16,0
2679,40,54075,137739,0.43,0,105891,0.16,0
2680,47,21205,45317,0.19,0,28843,0.16,0
2681,35,81368,97679,0.14,0,74507,0.16,0
2682,26,27850,69436,0.25,0,46945,0.16,0
2683,34,14378,22542,0.05,0,17657,0.16,0
2684,31,20238,16210,0.23,0,13458,0.16,1
2685,59,48014,143251,0.31,0,124714,0.16,0
2686,29,53812,84168,0.48,0,51349,0.16,0
2687,46,24189,44843,0.36,0,33950,0.16,0
2688,36,28675,72258,0.47,0,52202,0.16,1
2689,25,48823,141693,0.72,0,94572,0.16,0
2690,30,79707,213791,0.14,0,145205,0.16,0
2691,23,26767,48518,0.39,0,41096,0.16,0
2692,33,59253,110461,0.14,1,90717,0.16,0
2693,63,20550,24705,0.13,0,21517,0.16,0
2694,50,57408,95125,0.7,0,79474,0.16,0
2695,26,71531,205086,0.17,0,126548,0.16,0
2696,37,63710,147638,0.35,1,93525,0.16,0
2697,39,80595,42690,0.07,0,34312,0.16,0
2698,62,77953,61681,0.72,1,49195,0.16,0
2699,55,123434,346791,0.25,0,300904,0.16,0
2700,46,51756,135693,0.28,0,102862,0.16,0
2701,25,123617,212053,0.24,0,163870,0.16,0
2702,49,30575,62447,0.21,0,47255,0.16,0
2703,57,44237,54151,0.43,1,43526,0.16,0
2704,40,46281,114873,0.49,2,82543,0.24,1
2705,41,29103,58447,0.37,1,45828,0.16,0
2706,30,15058,33685,0.72,0,25170,0.16,0
2707,25,75708,108813,0.12,0,96166,0.16,0
2708,56,30792,48531,0.68,3,35223,0.24,0
2709,26,40118,40888,0.06,0,26102,0.16,0
2710,46,108260,310720,0.45,0,263100,0.16,0
2711,24,65253,187040,0.19,0,140510,0.16,0
2712,59,117020,297743,0.05,0,192995,0.16,0
2713,59,52065,147806,0.59,0,129820,0.16,0
2714,55,64714,139997,0.32,1,89122,0.16,0
2715,21,43462,47227,0.62,0,29304,0.16,0
2716,44,32069,76982,0.23,1,52367,0.16,1
2717,56,64595,84825,0.4,1,67560,0.16,0
2718,26,39420,63119,0.15,0,39990,0.16,0
2719,61,67660,80236,0.27,0,71431,0.16,0
2720,64,36855,57458,0.62,0,43697,0.16,1
2721,51,44905,98714,0.23,0,76218,0.16,0
2722,40,46740,36294,0.32,1,32124,0.16,0
2723,44,83992,64087,0.23,0,47444,0.16,0
2724,45,39649,87601,0.26,0,70854,0.16,0
2725,56,88742,217324,0.18,0,132745,0.16,0
2726,41,31181,58578,0.41,0,35795,0.16,0
2727,50,56102,53527,0.28,0,44047,0.16,0
2728,44,34759,54811,0.51,1,48301,0.16,0
2729,64,85637,205138,0.19,0,167592,0.16,0
2730,62,32554,72085,0.24,1,46592,0.16,0
2731,50,34256,26536,0.51,0,22509,0.16,1
2732,42,26156,76450,0.24,0,59443,0.16,0
2733,48,51612,54626,0.1,1,33847,0.16,0
2734,27,65875,69232,0.11,0,49566,0.16,0
2735,55,62415,102962,0.4,0,85699,0.16,0
2736,48,45609,60117,0.27,0,39791,0.16,0
2737,34,35232,104285,0.16,2,88326,0.24,0
2738,30,42644,29476,0.18,1,22766,0.16,0
2739,36,43466,55032,0.05,0,40459,0.16,0
2740,36,55620,81027,0.57,2,48673,0.24,0
2741,51,53740,93166,0.38,1,63154,0.16,0
2742,62,116991,63294,0.05,0,53524,0.16,0
2743,45,50001,35295,0.62,2,22308,0.24,0
2744,33,58712,67197,0.28,1,50577,0.16,0
2745,26,50803,95763,0.38,2,58349,0.24,0
2746,64,41632,100725,0.22,0,68276,0.16,0
2747,29,58514,129680,0.35,0,84234,0.16,0
2748,56,39722,76169,0.17,0,55228,0.16,0
2749,63,47614,71091,0.35,0,55354,0.16,0
2750,40,87521,234270,0.2,1,171400,0.16,0
2751,38,38457,63432,0.11,0,53678,0.16,0
2752,63,59496,74258,0.13,0,48338,0.16,0
2753,41,14176,29391,0.3,1,23096,0.16,0
2754,24,44682,99653,0.27,0,85473,0.16,0
2755,53,38328,57345,0.35,0,44736,0.16,0
2756,47,52058,29691,0.12,1,21821,0.16,0
2757,27,43559,32030,0.3,0,26296,0.16,0
2758,26,52615,137535,0.53,0,86320,0.16,0
2759,35,40565,26017,0.16,1,23145,0.16,0
2760,38,59466,117745,0.08,0,82601,0.16,0
2761,52,20799,19951,0.51,0,13170,0.16,0
2762,31,51829,55577,0.24,0,49336,0.16,0
2763,40,30682,36307,0.35,0,21839,0.16,0
2764,44,87898,52363,0.65,0,43792,0.16,0
2765,35,30436,28703,0.49,1,20832,0.16,1
2766,27,80628,171435,0.07,0,144565,0.16,0
2767,41,48738,85135,0.43,0,73023,0.16,0
2768,62,19645,48981,0.38,0,34017,0.16,0
2769,46,31630,20657,0.35,2,17905,0.24,0
2770,64,74899,203893,0.15,1,182888,0.16,0
2771,34,72802,217750,0.18,0,192641,0.16,0
2772,57,25599,13806,0.11,1,10472,0.16,0
2773,41,107090,312606,0.21,0,206331,0.16,0
2774,38,48422,52763,0.24,0,44441,0.16,0
2775,25,76299,170250,0.5,0,150242,0.16,0
2776,23,26744,32927,0.47,0,29254,0.16,0
2777,43,39027,70425,0.19,0,60684,0.16,0
2778,46,60352,107187,0.3,0,71218,0.16,0
2779,57,41915,58796,0.12,0,46665,0.16,0
2780,44,11379,26101,0.26,1,22885,0.16,0
2781,39,44560,89079,0.23,0,66467,0.16,0
2782,45,18354,32499,0.5,0,27460,0.16,1
2783,41,28700,84868,0.11,0,53583,0.16,0
2784,32,24308,69278,0.43,0,57606,0.16,0
2785,61,86359,249455,0.43,2,154521,0.24,0
2786,53,101030,273115,0.32,0,209079,0.16,0
2787,24,58150,66168,0.33,0,48202,0.16,0
2788,62,43693,60075,0.38,1,39350,0.16,0
2789,27,49720,53580,0.33,0,39173,0.16,0
2790,42,86329,256003,0.33,1,208878,0.16,0
2791,53,18183,16031,0.34,1,13280,0.16,0
2792,37,28636,40556,0.33,1,35548,0.16,1
2793,44,80985,80791,0.14,1,65378,0.16,0
2794,54,89871,95140,0.21,0,85521,0.16,0
2795,48,65831,73580,0.25,0,50466,0.16,0
2796,63,29071,61025,0.37,0,39446,0.16,0
2797,61,80400,55485,0.28,0,34911,0.16,0
2798,59,96830,187010,0.45,0,145003,0.16,0
2799,42,70201,178887,0.3,1,125920,0.16,0
2800,37,14086,34036,0.06,0,22497,0.16,0
2801,54,52171,45802,0.2,0,30406,0.16,0
2802,26,65684,183050,0.29,0,128882,0.16,0
2803,26,37880,91867,0.07,0,74031,0.16,0
2804,54,53816,27621,0.12,0,21556,0.16,0
2805,21,37921,88865,0.19,2,74448,0.24,1
2806,30,31863,74672,0.28,1,51927,0.16,0
2807,41,104328,181743,0.37,0,147987,0.16,0
2808,25,54586,33567,0.66,1,28900,0.16,1
2809,22,28198,54979,0.32,0,46815,0.16,0
2810,42,24629,59463,0.2,1,47434,0.16,0
2811,22,31872,37519,0.32,0,32072,0.16,0
2812,30,31959,69276,0.18,0,43400,0.16,0
2813,54,52747,73044,0.31,1,54282,0.16,0
2814,36,62491,120897,0.11,0,82718,0.16,0
2815,59,62457,91275,0.66,1,68158,0.16,0
2816,42,33689,42428,0.23,2,27068,0.24,0
2817,32,77677,205050,0.21,1,129835,0.16,0
2818,44,90573,215979,0.22,0,136721,0.16,0
2819,60,43045,58697,0.13,0,36834,0.16,1
2820,58,29259,46421,0.21,0,34642,0.16,0
2821,30,51541,114898,0.16,0,73056,0.16,0
2822,55,144356,364888,0.34,0,310807,0.16,0
2823,52,28878,63845,0.2,1,43800,0.16,1
2824,27,37681,69797,0.32,0,61938,0.16,0
2825,41,50448,145591,0.15,0,112129,0.16,0
2826,40,64268,156515,0.26,0,123647,0.16,0
2827,46,18164,14331,0.74,0,11275,0.16,1
2828,24,94178,178500,0.11,0,124948,0.16,0
2829,42,93540,142544,0.05,0,122715,0.16,0
2830,35,39640,98598,0.03,0,88518,0.16,0
2831,60,189720,116043,0.51,0,75253,0.16,0
2832,41,90567,138278,0.35,0,103380,0.16,0
2833,35,88187,114263,0.31,2,85810,0.24,0
2834,42,88767,75715,0.15,0,63200,0.16,0
2835,48,87496,126607,0.69,0,92313,0.16,0
2836,34,48486,105796,0.18,0,84975,0.16,0
2837,47,46143,64793,0.3,0,45847,0.16,0
2838,61,30583,59637,0.15,0,36890,0.16,0
2839,60,36728,72795,0.22,0,53716,0.16,0
2840,48,41963,82573,0.41,0,68239,0.16,0
2841,46,50651,92378,0.39,0,73370,0.16,0
2842,22,109004,86382,0.16,1,65467,0.16,0
2843,45,17132,17922,0.49,1,15664,0.16,0
2844,23,96034,240101,0.16,1,178764,0.16,0
2845,28,29556,51897,0.09,0,36781,0.16,0
2846,64,46524,105385,0.27,0,75757,0.16,1
2847,53,34125,65682,0.19,0,53669,0.16,0
2848,62,123888,73927,0.36,2,51651,0.24,0
2849,55,38178,95083,0.24,0,75311,0.16,0
2850,26,63622,42042,0.28,0,30090,0.16,0
2851,59,65292,186600,0.48,0,144189,0.16,0
2852,43,27446,28501,0.25,0,19064,0.16,1
2853,45,46705,83182,0.33,0,54869,0.16,0
2854,63,89515,58987,0.08,0,44955,0.16,0
2855,39,31678,86713,0.38,0,59003,0.16,0
2856,25,74197,218870,0.57,0,137764,0.16,0
2857,31,41541,35963,0.2,1,24426,0.16,1
2858,32,87713,108717,0.44,2,78115,0.24,0
2859,30,117447,63384,0.32,0,44092,0.16,0
2860,28,17963,44322,0.23,1,34677,0.16,0
2861,44,25107,32103,0.05,0,22705,0.16,0
2862,48,39369,77639,0.35,1,51047,0.16,0
2863,61,101998,60999,0.4,0,53257,0.16,0
2864,56,63974,146414,0.2,0,113253,0.16,0
2865,57,26307,47971,0.25,0,32067,0.16,0
2866,41,68834,159175,0.43,1,111336,0.16,0
2867,28,31043,76797,0.11,0,59204,0.16,0
2868,29,75755,54778,0.44,0,34987,0.16,0
2869,35,64182,124848,0.55,1,89299,0.16,1
2870,60,30975,65817,0.39,0,43169,0.16,0
2871,38,47430,84984,0.04,0,60284,0.16,0
2872,62,90430,86453,0.11,0,63172,0.16,0
2873,40,19033,47373,0.21,0,36239,0.16,0
2874,26,56985,170592,0.09,0,103517,0.16,0
2875,32,28185,82389,0.38,1,66560,0.16,0
2876,22,48625,118830,0.03,0,103804,0.16,0
2877,27,61628,95231,0.26,0,65766,0.16,0
2878,36,134132,180172,0.18,0,113715,0.16,0
2879,23,48380,32480,0.06,0,28277,0.16,0
2880,23,102003,157157,0.23,0,114408,0.16,0
2881,47,32200,28661,0.31,1,23111,0.16,0
2882,63,38272,43470,0.44,0,34086,0.16,0
2883,60,65744,179462,0.46,1,153719,0.16,0
2884,58,54224,158405,0.59,0,118206,0.16,0
2885,53,41597,119441,0.29,0,96821,0.16,0
2886,48,41037,40355,0.28,1,24780,0.16,0
2887,21,95477,262775,0.01,0,158444,0.16,0
2888,28,42437,36231,0.25,0,30193,0.16,0
2889,57,29424,52055,0.35,1,43251,0.16,0
2890,52,31970,67429,0.74,1,43544,0.16,1
2891,63,68524,113487,0.09,1,89108,0.16,0
2892,57,151487,436220,0.39,0,305511,0.16,0
2893,24,37722,50284,0.25,0,33131,0.16,1
2894,50,143531,261003,0.48,0,230061,0.16,0
2895,26,48755,33573,0.06,0,29550,0.16,0
2896,39,42620,112114,0.28,1,89976,0.16,0
2897,52,31096,47682,0.24,0,42834,0.16,1
2898,29,44399,99956,0.45,0,65279,0.16,0
2899,32,33588,74082,0.59,0,62855,0.16,0
2900,31,32267,70685,0.3,0,54308,0.16,0
2901,36,21460,37927,0.28,0,24822,0.16,0
2902,21,118546,141519,0.55,1,111426,0.16,1
2903,41,83465,172166,0.44,0,154540,0.16,0
2904,50,56151,163089,0.48,0,108727,0.16,0
2905,33,45615,117908,0.27,1,87299,0.16,0
2906,54,48884,37734,0.12,0,23752,0.16,0
2907,24,33241,18547,0.04,0,12593,0.16,0
2908,48,27807,48590,0.47,1,33471,0.16,0
2909,58,70172,171189,0.26,2,132166,0.24,0
2910,51,42997,55240,0.15,0,34249,0.16,0
2911,47,57691,129983,0.28,1,112466,0.16,0
2912,25,21349,60413,0.17,0,53646,0.16,0
2913,45,41868,68975,0.52,0,55460,0.16,0
2914,23,27537,30577,0.24,0,24492,0.16,1
2915,53,62444,174493,0.22,0,120411,0.16,0
2916,24,80631,135513,0.06,0,117607,0.16,0
2917,45,101706,154552,0.57,1,130773,0.16,0
2918,40,35793,49516,0.43,0,31467,0.16,0
2919,54,27890,43439,0.3,1,35401,0.16,0
2920,46,39763,86848,0.16,0,55382,0.16,0
2921,25,34556,54747,0.16,0,36735,0.16,0
2922,55,60816,79703,0.41,0,67447,0.16,0
2923,48,24309,57347,0.31,1,42603,0.16,0
2924,49,20390,20541,0.03,0,15118,0.16,0
2925,29,41223,41422,0.46,0,28008,0.16,0
2926,58,70491,157976,0.17,0,124065,0.16,0
2927,26,29327,78208,0.15,1,50240,0.16,0
2928,39,74948,82669,0.24,2,69370,0.24,0
2929,64,58845,57539,0.19,0,43729,0.16,0
2930,31,106233,231138,0.58,0,197277,0.16,0
2931,22,32822,67350,0.07,0,50399,0.16,0
2932,64,21955,35526,0.35,0,24442,0.16,0
2933,64,66122,48907,0.41,0,29519,0.16,0
2934,29,56383,41129,0.05,0,29756,0.16,0
2935,41,54244,132537,0.22,0,117144,0.16,0
2936,44,29030,47302,0.37,1,40248,0.16,0
2937,54,72227,191034,0.11,0,171841,0.16,0
2938,42,35713,69170,0.25,0,44752,0.16,1
2939,23,54232,111004,0.08,1,87837,0.16,0
2940,32,38957,110462,0.56,0,70706,0.16,0
2941,48,58523,53346,0.4,0,46492,0.16,0
2942,50,26968,50094,0.36,0,35285,0.16,0
2943,46,62933,40613,0.15,0,35255,0.16,0
2944,41,68104,95162,0.37,1,62895,0.16,0
2945,48,51947,45206,0.85,1,29283,0.16,0
2946,46,111518,108126,0.73,0,70679,0.16,0
2947,53,54370,154246,0.41,1,128631,0.16,0
2948,41,77604,157280,0.39,1,135109,0.16,0
2949,55,51339,140175,0.03,0,85802,0.16,0
2950,54,74213,119393,0.19,0,76957,0.16,0
2951,61,22773,45411,0.29,1,27291,0.16,0
2952,38,49834,28915,0.2,0,17874,0.16,0
2953,31,27904,46704,0.24,1,29281,0.16,0
2954,43,52586,100446,0.09,0,69147,0.16,0
2955,42,59402,32192,0.13,0,21371,0.16,0
2956,37,73405,181583,0.18,0,145016,0.16,0
2957,25,62627,77567,0.05,0,69752,0.16,0
2958,64,41422,67568,0.32,0,53937,0.16,0
2959,31,33630,61848,0.45,1,37119,0.16,0
2960,50,15195,45288,0.29,1,28937,0.16,0
2961,35,50737,37949,0.46,0,24015,0.16,0
2962,47,86589,163497,0.15,0,118580,0.16,0
2963,55,51750,94520,0.58,1,64598,0.16,0
2964,53,46986,31587,0.38,0,28087,0.16,0
2965,40,52655,109777,0.22,1,71447,0.16,0
2966,36,40382,49150,0.38,1,39306,0.16,0
2967,54,54040,41039,0.14,0,26633,0.16,0
2968,22,40035,37897,0.62,0,28904,0.16,0
2969,55,31274,80030,0.4,1,48615,0.16,0
2970,60,47209,35893,0.44,0,22056,0.16,0
2971,48,46697,77858,0.18,0,47454,0.16,0
2972,59,125189,123709,0.3,2,80024,0.24,0
2973,26,32766,29679,0.25,0,17843,0.16,1
2974,29,45264,45910,0.13,1,34326,0.16,0
2975,40,43116,74675,0.25,1,53493,0.16,1
2976,21,39189,42891,0.16,0,26537,0.16,0
2977,28,63357,47000,0.24,0,29302,0.16,0
2978,43,150088,375745,0.26,0,312761,0.16,0
2979,23,41755,77228,0.15,0,46906,0.16,0
2980,24,63446,56602,0.47,3,49584,0.24,0
2981,45,18841,31626,0.44,0,22493,0.16,0
2982,58,40264,27013,0.24,1,17371,0.16,1
2983,35,106683,208146,0.12,0,178644,0.16,0
2984,41,47691,64419,0.17,0,45501,0.16,0
2985,55,63017,47818,0.28,1,36882,0.16,0
2986,34,35904,34435,0.17,0,25758,0.16,0
2987,56,55758,76068,0.36,0,59285,0.16,0
2988,32,110900,279026,0.06,0,182376,0.16,0
2989,37,27445,25644,0.5,2,18433,0.24,1
2990,59,146279,113243,0.45,0,77980,0.16,0
2991,29,22629,40502,0.32,2,33736,0.24,0
2992,55,38455,72939,0.36,0,60897,0.16,0
2993,33,32274,23418,0.41,0,21035,0.16,0
2994,35,42777,51811,0.51,1,46604,0.16,0
2995,38,32065,37096,0.19,2,23334,0.24,0
2996,53,30873,29809,0.03,0,22036,0.16,0
2997,26,27082,34911,0.53,0,28783,0.16,0
2998,47,67644,40097,0.31,1,32129,0.16,0
2999,43,43521,92650,0.13,0,69075,0.16,0
3000,47,38186,113458,0.07,0,71457,0.16,0
3001,54,56451,117706,0.24,0,87176,0.16,0
3002,58,23217,32566,0.4,0,28882,0.16,0
3003,34,57135,123970,0.32,1,90673,0.16,0
3004,56,46775,90219,0.34,0,54901,0.16,0
3005,28,47499,124299,0.37,1,89536,0.16,0
3006,55,63550,130575,0.16,0,96673,0.16,0
3007,39,111498,232494,0.48,0,191051,0.16,0
3008,50,57612,60732,0.22,0,40593,0.16,0
3009,34,44358,68269,0.36,0,52874,0.16,1
3010,40,27137,36934,0.14,0,24082,0.16,0
3011,45,14832,7839,0.19,0,6152,0.16,0
3012,60,52257,67056,0.17,0,50733,0.16,0
3013,44,26112,44786,0.26,1,38419,0.16,0
3014,34,13764,27522,0.34,0,20329,0.16,0
3015,46,41132,116667,0.09,0,79993,0.16,0
3016,58,55256,60659,0.42,1,46058,0.16,0
3017,43,71121,62662,0.13,0,48114,0.16,0
3018,42,83335,222805,0.04,0,139847,0.16,0
3019,39,75951,216811,0.35,0,167178,0.16,0
3020,23,76978,132393,0.16,0,107008,0.16,0
3021,62,23528,18541,0.23,1,16044,0.16,0
3022,39,45487,77940,0.05,0,51757,0.16,1
3023,29,65507,50676,0.53,0,37342,0.16,0
3024,48,50170,135858,0.19,0,83894,0.16,0
3025,40,45361,102986,0.23,0,66862,0.16,1
3026,27,49714,54826,0.29,1,48113,0.16,1
3027,34,55423,150569,0.24,0,132731,0.16,0
3028,29,47171,98811,0.15,0,60511,0.16,0
3029,39,32107,92569,0.34,1,70380,0.16,0
3030,34,20922,61744,0.08,0,39593,0.16,0
3031,58,44266,22496,0.23,1,18252,0.16,0
3032,56,50450,40387,0.18,1,31784,0.16,0
3033,60,50175,93692,0.41,0,70734,0.16,0
3034,37,78941,228110,0.57,3,172431,0.24,0
3035,50,86275,257581,0.29,1,202147,0.16,0
3036,29,46536,89280,0.11,0,65362,0.16,0
3037,53,46703,43644,0.29,0,35769,0.16,0
3038,45,65288,59257,0.1,0,48215,0.16,0
3039,34,60674,146202,0.1,0,102538,0.16,0
3040,31,39289,77786,0.15,0,63481,0.16,0
3041,55,68152,127576,0.31,0,89670,0.16,0
3042,61,45561,75832,0.25,0,58879,0.16,0
3043,34,46048,106501,0.22,0,70659,0.16,0
3044,50,60888,161057,0.47,1,111888,0.16,0
3045,61,42167,53020,0.33,1,35285,0.16,0
3046,24,51397,54084,0.23,0,48497,0.16,1
3047,24,56884,123751,0.22,1,96955,0.16,0
3048,48,73761,205559,0.53,0,164925,0.16,0
3049,28,71258,97651,0.24,0,77270,0.16,1
3050,22,56023,66169,0.32,0,40268,0.16,1
3051,61,13301,14169,0.36,0,11555,0.16,0
3052,42,55363,62904,0.12,0,52442,0.16,0
3053,61,59810,50080,0.25,0,35164,0.16,0
3054,36,66201,131868,0.49,0,102325,0.16,0
3055,49,30393,36534,0.49,0,22222,0.16,0
3056,50,16965,34563,0.11,1,22939,0.16,0
3057,32,73356,51905,0.56,2,34135,0.24,0
3058,55,26575,20958,0.38,0,14185,0.16,0
3059,31,90317,166215,0.13,0,118773,0.16,0
3060,41,36705,65291,0.29,0,43452,0.16,0
3061,41,29331,34574,0.12,0,23116,0.16,0
3062,25,58384,149920,0.19,0,132961,0.16,0
3063,40,66708,64547,0.26,0,43630,0.16,0
3064,57,64750,90757,0.53,2,69888,0.24,0
3065,23,62994,118981,0.06,0,94312,0.16,0
3066,64,34410,91806,0.43,1,63632,0.16,0
3067,53,22846,35328,0.1,0,21922,0.16,0
3068,29,40342,60371,0.35,0,44800,0.16,0
3069,29,27643,53871,0.51,1,48308,0.16,0
3070,24,60856,78610,0.13,0,53898,0.16,0
3071,55,75896,172506,0.25,1,103734,0.16,0
3072,37,53441,59946,0.24,1,50296,0.16,0
3073,54,48997,125333,0.34,0,84653,0.16,0
3074,44,41973,49565,0.03,0,42386,0.16,1
3075,52,80031,238632,0.19,0,161468,0.16,0
3076,21,19629,25344,0.15,0,21832,0.16,0
3077,28,26820,72335,0.19,0,63233,0.16,0
3078,43,122194,182483,0.47,0,141282,0.16,0
3079,60,26173,29186,0.1,0,24812,0.16,0
3080,32,63928,68109,0.24,1,58579,0.16,0
3081,32,70855,186028,0.1,0,131123,0.16,0
3082,35,18711,23798,0.31,0,18980,0.16,0
3083,61,20595,27729,0.08,0,21666,0.16,0
3084,39,92259,91565,0.14,0,66709,0.16,0
3085,46,30137,87497,0.01,0,72362,0.16,0
3086,49,30551,33968,0.41,2,25186,0.24,0
3087,42,37781,42262,0.19,0,28745,0.16,0
3088,60,30174,86289,0.23,0,58952,0.16,0
3089,41,63776,175527,0.12,0,105347,0.16,0
3090,58,27145,30464,0.24,1,18967,0.16,1
3091,40,18345,48830,0.13,0,31366,0.16,0
3092,49,87393,98278,0.07,0,79864,0.16,0
3093,24,27820,19784,0.23,0,12564,0.16,0
3094,27,33657,85855,0.29,0,57172,0.16,0
3095,48,74230,180296,0.22,1,133913,0.16,0
3096,48,50773,62789,0.27,1,43986,0.16,0
3097,24,85491,62010,0.14,0,51749,0.16,0
3098,42,74799,76003,0.21,0,47915,0.16,0
3099,32,39076,94862,0.27,1,84856,0.16,0
3100,23,81712,237934,0.18,1,201657,0.16,0
3101,42,53310,61173,0.35,1,45839,0.16,0
3102,64,36344,92518,0.2,0,59032,0.16,0
3103,22,56681,60639,0.37,0,38136,0.16,0
3104,44,25470,56008,0.26,0,36274,0.16,0
3105,54,74378,52736,0.51,0,34487,0.16,0
3106,47,69707,136851,0.63,0,113079,0.16,0
3107,61,52061,61066,0.2,0,54454,0.16,0
3108,21,18785,52872,0.32,0,43710,0.16,0
3109,28,87308,106897,0.1,0,88774,0.16,0
3110,43,60994,91253,0.28,0,80672,0.16,0
3111,58,48461,126080,0.03,0,79355,0.16,0
3112,26,44786,71464,0.21,1,45007,0.16,0
3113,42,37482,41081,0.16,0,35690,0.16,0
3114,45,41264,77116,0.42,1,59025,0.16,0
3115,38,72013,187232,0.12,0,126275,0.16,0
3116,37,37859,59928,0.36,0,39553,0.16,0
3117,32,42738,35567,0.67,0,27816,0.16,0
3118,26,45991,67041,0.54,2,53031,0.24,0
3119,46,46625,134568,0.35,2,111369,0.24,0
3120,47,35993,24477,0.31,0,19430,0.16,0
3121,28,45021,68482,0.5,2,55897,0.24,0
3122,39,58200,123388,0.14,0,100464,0.16,0
3123,62,31182,21711,0.1,0,13362,0.16,0
3124,21,45126,61478,0.26,0,50006,0.16,0
3125,49,128732,367072,0.16,0,237806,0.16,0
3126,55,47497,27386,0.47,0,20545,0.16,0
3127,60,30785,73248,0.13,0,49488,0.16,1
3128,34,29036,75593,0.41,1,60790,0.16,1
3129,55,26040,31056,0.17,0,21442,0.16,0
3130,40,110587,114655,0.09,0,100178,0.16,0
3131,33,81146,226158,0.07,0,138943,0.16,0
3132,58,25724,61994,0.24,3,45979,0.24,0
3133,28,54548,42735,0.18,0,31121,0.16,0
3134,63,90437,93194,0.39,0,61264,0.16,0
3135,40,48038,98640,0.51,1,61254,0.16,0
3136,53,38337,59366,0.17,1,39639,0.16,0
3137,46,150309,264609,0.08,0,169055,0.16,0
3138,59,18907,54430,0.33,1,35695,0.16,0
3139,41,182826,283487,0.16,0,243132,0.16,0
3140,62,50513,136597,0.26,1,111651,0.16,0
3141,63,93453,201097,0.29,0,129211,0.16,0
3142,61,26894,21624,0.19,0,18822,0.16,0
3143,29,34105,80531,0.52,1,69753,0.16,0
3144,44,28567,51435,0.48,0,34747,0.16,1
3145,57,46605,49529,0.25,1,30429,0.16,0
3146,61,57174,69973,0.59,1,56540,0.16,0
3147,37,83566,158218,0.21,0,122590,0.16,0
3148,44,20832,41752,0.04,1,29749,0.16,1
3149,41,53020,154841,0.26,1,95136,0.16,0
3150,59,76684,202200,0.31,1,129206,0.16,0
3151,61,84212,85441,0.46,1,66673,0.16,0
3152,59,39329,95765,0.05,0,76751,0.16,0
3153,33,39575,20607,0.22,0,13640,0.16,0
3154,31,46816,38600,0.62,0,28343,0.16,0
3155,39,53799,53758,0.16,1,46363,0.16,0
3156,31,94023,187387,0.44,0,125941,0.16,0
3157,33,26767,26411,0.43,0,22783,0.16,0
3158,21,33086,46756,0.54,0,32100,0.16,0
3159,60,25192,27886,0.15,0,23912,0.16,0
3160,64,60710,81566,0.06,1,63081,0.16,0
3161,39,85023,242836,0.17,0,200599,0.16,0
3162,32,24089,72108,0.2,0,50629,0.16,0
3163,28,51243,113467,0.51,1,72814,0.16,0
3164,28,82002,158326,0.26,2,102059,0.24,1
3165,32,72567,164808,0.05,0,107024,0.16,0
3166,53,72140,175237,0.28,0,115721,0.16,0
3167,46,27039,63474,0.11,0,54890,0.16,0
3168,59,72021,50755,0.08,0,37906,0.16,0
3169,48,44669,56985,0.23,1,37964,0.16,0
3170,25,83707,113722,0.2,0,89645,0.16,0
3171,28,61364,87329,0.11,2,54584,0.24,0
3172,45,32605,44368,0.07,0,29068,0.16,0
3173,47,56353,139064,0.13,0,106537,0.16,0
3174,43,73810,174856,0.06,0,130334,0.16,0
3175,50,38056,19465,0.13,0,12978,0.16,0
3176,43,52281,64878,0.33,0,39843,0.16,0
3177,40,25126,51738,0.36,1,40384,0.16,1
3178,38,64506,51647,0.18,0,44709,0.16,0
3179,38,47660,32313,0.26,0,26840,0.16,0
3180,22,77423,199054,0.24,0,131453,0.16,0
3181,24,63604,103783,0.25,2,83984,0.24,1
3182,50,39991,105544,0.49,2,70655,0.24,0
3183,53,32106,82155,0.2,1,68139,0.16,0
3184,56,28618,78225,0.28,0,64665,0.16,0
3185,38,38036,23608,0.38,1,15730,0.16,0
3186,57,76385,73736,0.15,0,44678,0.16,0
3187,39,20370,25266,0.3,2,19122,0.24,0
3188,48,29206,24549,0.55,0,19377,0.16,0
3189,60,75319,129072,0.21,0,88035,0.16,0
3190,40,95270,237931,0.64,0,172608,0.16,0
3191,53,29984,86292,0.42,2,63653,0.24,0
3192,32,29044,79113,0.09,0,64754,0.16,0
3193,35,99069,162804,0.17,0,107199,0.16,0
3194,61,46083,96370,0.18,0,60488,0.16,0
3195,59,31342,33747,0.19,0,22980,0.16,0
3196,22,82644,124587,0.38,1,93360,0.16,0
3197,49,63053,168853,0.19,1,108346,0.16,0
3198,61,70850,40596,0.49,2,27143,0.24,1
3199,30,32169,58930,0.43,0,44122,0.16,0
3200,22,59125,158572,0.03,0,129464,0.16,0
3201,31,91413,73589,0.11,0,44744,0.16,0
3202,33,67534,199655,0.3,0,153981,0.16,1
3203,30,77647,41228,0.36,2,29485,0.24,0
3204,34,98871,268464,0.48,1,206363,0.16,0
3205,38,60708,84030,0.35,0,66564,0.16,0
3206,29,36954,30735,0.07,0,18782,0.16,0
3207,59,76005,67902,0.1,1,51708,0.16,0
3208,48,28201,63535,0.39,0,56137,0.16,0
3209,23,43863,117412,0.18,0,85334,0.16,0
3210,40,65777,138307,0.17,1,120855,0.16,0
3211,26,9811,27684,0.43,0,24678,0.16,0
3212,47,55616,144946,0.37,4,113906,0.24,0
3213,22,56943,29757,0.21,1,22471,0.16,0
3214,49,27778,60377,0.3,0,50226,0.16,0
3215,58,57695,72787,0.3,0,60906,0.16,0
3216,23,53904,88200,0.01,0,69420,0.16,0
3217,36,49860,36650,0.23,0,21994,0.16,0
3218,50,88851,107087,0.42,0,85224,0.16,0
3219,60,76073,158362,0.32,1,136874,0.16,0
3220,22,67507,70609,0.23,0,43804,0.16,0
3221,37,29374,62238,0.28,0,42922,0.16,0
3222,61,48597,136439,0.5,0,116940,0.16,1
3223,32,88629,45409,0.17,2,35761,0.24,1
3224,55,44031,108511,0.29,0,68822,0.16,0
3225,63,106631,224276,0.43,0,174712,0.16,0
3226,21,68500,42235,0.42,1,33172,0.16,0
3227,35,115240,285267,0.36,1,180539,0.16,0
3228,46,28748,30510,0.34,0,19879,0.16,0
3229,57,45372,52838,0.16,0,40949,0.16,0
3230,41,47568,34904,0.59,0,25266,0.16,0
3231,51,66375,121861,0.35,0,81562,0.16,0
3232,45,33884,59146,0.09,1,46614,0.16,0
3233,43,21942,30015,0.17,0,19001,0.16,0
3234,44,59224,54597,0.14,0,34612,0.16,0
3235,58,40813,105904,0.36,1,63872,0.16,0
3236,48,38740,104247,0.14,0,83002,0.16,0
3237,41,34668,64186,0.5,1,56443,0.16,0
3238,63,52153,57919,0.34,1,35108,0.16,0
3239,38,28611,21180,0.42,0,15260,0.16,0
3240,56,44484,118832,0.07,1,77549,0.16,0
3241,55,32391,23973,0.34,0,19031,0.16,0
3242,29,36149,19265,0.26,0,14144,0.16,0
3243,58,58507,97911,0.61,0,76070,0.16,0
3244,50,67894,158069,0.5,0,134684,0.16,0
3245,64,42063,69144,0.27,0,53287,0.16,0
3246,54,79532,49987,0.41,1,38028,0.16,0
3247,52,30141,67065,0.26,0,43128,0.16,0
3248,23,22926,48278,0.23,0,35660,0.16,0
3249,23,25130,55382,0.31,0,43658,0.16,1
3250,48,28632,29433,0.22,0,23897,0.16,0
3251,64,25426,63291,0.7,0,39530,0.16,1
3252,35,134669,228657,0.72,1,184176,0.16,0
3253,61,22581,41568,0.17,0,27382,0.16,0
3254,43,78332,146055,0.41,2,116598,0.24,0
3255,60,48408,58913,0.37,0,40290,0.16,0
3256,31,54846,61720,0.1,0,47971,0.16,0
3257,52,31167,15954,0.34,0,10315,0.16,0
3258,56,57683,86035,0.11,1,76405,0.16,0
3259,53,31040,53163,0.31,0,43073,0.16,0
3260,44,77760,183281,0.4,1,123968,0.16,0
3261,59,81044,54021,0.42,0,45890,0.16,0
3262,54,45824,128764,0.03,0,114225,0.16,0
3263,48,47349,54919,0.24,0,41897,0.16,0
3264,57,60861,86227,0.02,0,60762,0.16,0
3265,27,59326,36835,0.28,1,24190,0.16,0
3266,24,81803,174472,0.3,0,137020,0.16,0
3267,57,80653,183268,0.38,0,123681,0.16,0
3268,21,48318,136352,0.06,0,118086,0.16,0
3269,21,38614,51822,0.09,0,35327,0.16,0
3270,40,73556,84105,0.24,0,53141,0.16,0
3271,39,45336,104962,0.13,1,94113,0.16,0
3272,49,51889,117632,0.25,1,84274,0.16,1
3273,30,63905,181669,0.2,0,144759,0.16,0
3274,38,79839,80900,0.25,2,54987,0.24,0
3275,48,55849,126399,0.11,1,85323,0.16,0
3276,55,36548,24383,0.41,1,17777,0.16,0
3277,63,120391,204775,0.12,0,174943,0.16,0
3278,51,105363,84129,0.2,0,64700,0.16,0
3279,47,29466,62846,0.08,0,47596,0.16,0
3280,31,31073,62259,0.23,1,44553,0.16,0
3281,58,33090,20584,0.19,0,13878,0.16,0
3282,25,74927,97333,0.29,0,80624,0.16,0
3283,28,122709,182539,0.37,1,110377,0.16,0
3284,54,38057,42629,0.09,0,37568,0.16,0
3285,32,53350,31832,0.29,0,26451,0.16,0
3286,58,33647,43642,0.44,1,30369,0.16,0
3287,21,114702,284640,0.61,1,242319,0.16,0
3288,51,74043,103680,0.08,0,72778,0.16,0
3289,24,32457,42467,0.21,0,29527,0.16,0
3290,25,17134,48906,0.2,0,33854,0.16,0
3291,50,82354,49748,0.31,1,35841,0.16,0
3292,44,36818,89034,0.1,0,75504,0.16,0
3293,23,74709,127583,0.08,0,86492,0.16,0
3294,31,56774,162439,0.37,0,127635,0.16,0
3295,24,19591,29066,0.13,0,18880,0.16,0
3296,46,32748,74341,0.55,0,66662,0.16,0
3297,47,41065,27712,0.26,0,18479,0.16,0
3298,63,34965,98668,0.51,2,83841,0.24,0
3299,47,51952,70725,0.26,0,47417,0.16,0
3300,62,59915,108446,0.21,1,79622,0.16,0
3301,26,119931,101486,0.11,0,68809,0.16,0
3302,35,62075,177776,0.21,2,146059,0.24,0
3303,50,103316,225479,0.41,1,180131,0.16,0
3304,62,38622,24519,0.52,1,15576,0.16,1
3305,57,87781,77951,0.14,0,65517,0.16,0
3306,57,40513,60752,0.48,0,52833,0.16,0
3307,62,30992,32291,0.58,0,20014,0.16,0
3308,57,30344,38280,0.45,1,24090,0.16,0
3309,55,13082,39163,0.2,1,24201,0.16,0
3310,43,75134,161284,0.31,0,109335,0.16,0
3311,26,25716,72147,0.51,0,63588,0.16,1
3312,24,99118,157547,0.35,0,103486,0.16,0
3313,38,44931,102249,0.32,1,90841,0.16,1
3314,29,22529,37155,0.12,0,25666,0.16,0
3315,49,28032,37017,0.39,0,30813,0.16,0
3316,33,53923,96949,0.26,0,75406,0.16,0
3317,37,19149,30030,0.47,2,20017,0.24,0
3318,52,65839,194314,0.37,0,166878,0.16,0
3319,42,22967,39972,0.18,0,24511,0.16,0
3320,24,33877,85633,0.63,1,51659,0.16,0
3321,25,54141,117326,0.21,1,85710,0.16,0
3322,57,61932,105226,0.27,2,76375,0.24,0
3323,61,73047,123111,0.35,0,98189,0.16,0
3324,33,25507,34554,0.27,0,21057,0.16,0
3325,54,42014,32243,0.29,0,25946,0.16,0
3326,42,84668,203514,0.39,0,155387,0.16,0
3327,43,42019,117453,0.31,0,82000,0.16,0
3328,23,56791,59340,0.53,1,44082,0.16,0
3329,62,53168,149624,0.19,0,92738,0.16,0
3330,54,93959,101547,0.33,0,74466,0.16,1
3331,52,38833,70877,0.36,0,54149,0.16,0
3332,41,24465,33249,0.29,0,26370,0.16,0
3333,64,30214,23756,0.44,2,14315,0.24,0
3334,41,53875,34054,0.35,0,28270,0.16,0
3335,64,22364,31608,0.33,1,21816,0.16,1
3336,31,37338,23088,0.33,0,16336,0.16,0
3337,59,50904,38713,0.17,0,31931,0.16,0
3338,24,33413,28592,0.22,0,25589,0.16,0
3339,21,57723,29137,0.59,1,22242,0.16,0
3340,48,70418,62188,0.2,0,39296,0.16,0
3341,44,61540,119584,0.32,1,94451,0.16,0
3342,55,22612,57633,0.7,0,51868,0.16,1
3343,33,51000,50162,0.23,0,30138,0.16,0
3344,54,53035,37240,0.37,1,22918,0.16,0
3345,31,40519,94157,0.38,1,69042,0.16,0
3346,56,57334,29837,0.17,0,18026,0.16,0
3347,37,56314,131516,0.55,0,91891,0.16,0
3348,55,46843,38776,0.47,0,25752,0.16,0
3349,38,29669,31766,0.31,0,24758,0.16,0
3350,60,48372,38706,0.05,0,25750,0.16,0
3351,42,124674,139428,0.49,0,96111,0.16,0
3352,44,40289,100538,0.18,0,88589,0.16,0
3353,39,82756,68800,0.19,1,54728,0.16,0
3354,57,49982,149216,0.01,0,124350,0.16,0
3355,59,32847,43283,0.04,0,32923,0.16,0
3356,41,42264,118547,0.17,0,74983,0.16,0
3357,28,48609,47397,0.17,0,34741,0.16,0
3358,48,68023,65964,0.4,0,43769,0.16,0
3359,25,161139,308313,0.45,1,209330,0.16,0
3360,37,50379,31562,0.22,0,26906,0.16,0
3361,57,26491,66293,0.1,0,57562,0.16,0
3362,56,21433,34272,0.72,1,22864,0.16,0
3363,39,39700,89245,0.23,0,65413,0.16,0
3364,47,27888,26119,0.21,0,23264,0.16,0
3365,54,64793,136447,0.18,1,106925,0.16,0
3366,31,65031,129098,0.12,1,108747,0.16,0
3367,32,45570,108873,0.23,0,82960,0.16,0
3368,41,68097,84678,0.42,1,63195,0.16,0
3369,31,50634,143441,0.34,0,117259,0.16,0
3370,59,124715,362079,0.04,0,251916,0.16,0
3371,48,67041,179020,0.15,0,141925,0.16,0
3372,25,76711,148058,0.21,0,111861,0.16,0
3373,37,23764,36851,0.77,1,30143,0.16,0
3374,40,27292,17602,0.35,0,11286,0.16,0
3375,61,62281,178626,0.43,0,143347,0.16,1
3376,32,22592,65052,0.32,0,51492,0.16,0
3377,26,35873,19612,0.14,0,17082,0.16,0
3378,37,88406,123080,0.09,0,87723,0.16,1
3379,39,35492,95831,0.03,0,82047,0.16,0
3380,46,26772,18797,0.19,0,11475,0.16,0
3381,64,68444,67856,0.21,1,46459,0.16,0
3382,64,138242,407356,0.45,0,255857,0.16,0
3383,52,32717,85660,0.24,0,57828,0.16,0
3384,26,90401,251329,0.46,1,176246,0.16,0
3385,56,30742,26296,0.7,2,20663,0.24,0
3386,58,46340,47650,0.44,0,29506,0.16,0
3387,31,47355,95351,0.29,1,63213,0.16,0
3388,53,33156,58167,0.39,0,47573,0.16,0
3389,44,75939,94639,0.06,0,76304,0.16,0
3390,43,22700,61508,0.11,0,47552,0.16,0
3391,35,54042,148803,0.31,2,120733,0.24,0
3392,47,83874,103098,0.32,0,84176,0.16,0
3393,31,72844,64786,0.08,0,42932,0.16,0
3394,37,62668,54692,0.37,0,41536,0.16,0
3395,34,108298,185304,0.37,0,151032,0.16,0
3396,47,43922,36556,0.16,0,29267,0.16,0
3397,38,22871,38499,0.35,0,28517,0.16,0
3398,48,52449,86794,0.4,0,63252,0.16,0
3399,24,46033,124762,0.27,1,84375,0.16,0
3400,27,17019,21112,0.02,0,15110,0.16,0
3401,55,27929,53110,0.54,1,42413,0.16,0
3402,29,26204,61808,0.41,0,44443,0.16,1
3403,28,32621,64908,0.41,0,50100,0.16,0
3404,37,41126,118655,0.04,0,104807,0.16,0
3405,37,41921,84080,0.34,0,51636,0.16,1
3406,53,33209,91479,0.3,0,75598,0.16,0
3407,52,26187,29136,0.22,1,23843,0.16,0
3408,28,59202,112595,0.11,0,84601,0.16,0
3409,39,51962,96559,0.66,0,62175,0.16,0
3410,58,52750,156858,0.1,0,110898,0.16,0
3411,23,119313,120657,0.52,1,83607,0.16,0
3412,25,53179,45334,0.15,0,36888,0.16,0
3413,33,40809,82808,0.42,0,62175,0.16,0
3414,51,46494,49247,0.15,0,34736,0.16,0
3415,36,51503,108047,0.43,2,85632,0.24,0
3416,52,66695,195497,0.31,0,132382,0.16,0
3417,42,47936,137397,0.28,0,108873,0.16,0
3418,49,18555,19997,0.08,1,17849,0.16,0
3419,42,39404,36536,0.17,0,24184,0.16,0
3420,63,49057,93298,0.12,0,58706,0.16,0
3421,23,94098,185085,0.17,0,162620,0.16,1
3422,30,33092,71333,0.22,0,50481,0.16,0
3423,62,21641,50937,0.38,1,40740,0.16,0
3424,41,50624,101369,0.49,2,71413,0.24,0
3425,36,75592,58915,0.14,1,50005,0.16,0
3426,32,40267,99676,0.23,0,74449,0.16,0
3427,22,161381,112771,0.23,1,78239,0.16,0
3428,61,143451,78895,0.06,0,66694,0.16,0
3429,44,47276,114603,0.16,0,77671,0.16,0
3430,55,53817,100685,0.1,0,82342,0.16,0
3431,50,97184,218321,0.21,0,152451,0.16,0
3432,50,46867,68279,0.15,0,50128,0.16,0
3433,55,32792,17305,0.36,1,13634,0.16,0
3434,39,76455,101496,0.16,1,80812,0.16,1
3435,28,61833,124923,0.44,0,92475,0.16,0
3436,46,32739,34842,0.42,0,22413,0.16,0
3437,60,56363,125098,0.1,1,103314,0.16,0
3438,27,45250,112491,0.3,0,97365,0.16,0
3439,50,40435,66138,0.43,0,57870,0.16,0
3440,27,33093,88997,0.45,1,56029,0.16,1
3441,23,52088,137358,0.33,1,112019,0.16,0
3442,21,42919,115672,0.4,0,76636,0.16,1
3443,56,56520,121664,0.37,2,76736,0.24,0
3444,45,73859,93208,0.09,0,57913,0.16,0
3445,57,55038,93736,0.26,0,56363,0.16,0
3446,21,55511,126358,0.48,2,110771,0.24,0
3447,35,37399,38386,0.34,2,29998,0.24,0
3448,57,88183,206975,0.6,1,161646,0.16,0
3449,33,32071,59979,0.28,0,50586,0.16,0
3450,60,21894,16202,0.47,0,13909,0.16,0
3451,28,28695,54325,0.23,0,32669,0.16,0
3452,25,82218,54834,0.29,1,45314,0.16,0
3453,29,61663,33037,0.19,1,23677,0.16,0
3454,21,94463,257323,0.41,0,179704,0.16,0
3455,56,25297,43632,0.33,1,35925,0.16,1
3456,55,156390,290607,0.4,0,211867,0.16,0
3457,22,42538,51038,0.12,0,45722,0.16,0
3458,60,20329,37748,0.45,2,32194,0.24,0
3459,43,146956,135518,0.25,1,89103,0.16,1
3460,29,25462,60195,0.39,0,45387,0.16,0
3461,54,40177,102787,0.22,0,83387,0.16,0
3462,34,44228,116748,0.12,0,81710,0.16,0
3463,24,61208,46923,0.19,1,30516,0.16,0
3464,50,33002,62518,0.09,0,45772,0.16,0
3465,51,82426,207868,0.16,0,132443,0.16,0
3466,58,71454,58630,0.22,0,39322,0.16,0
3467,31,49490,37058,0.35,0,30241,0.16,1
3468,55,95050,241650,0.04,0,174372,0.16,0
3469,28,47385,118075,0.23,1,86390,0.16,0
3470,23,42709,69262,0.1,1,54628,0.16,0
3471,34,133126,103076,0.36,2,73636,0.24,0
3472,33,56832,101746,0.46,1,74649,0.16,0
3473,52,29946,44529,0.26,2,36788,0.24,0
3474,54,32044,57562,0.22,0,43586,0.16,0
3475,39,49487,79166,0.26,1,67352,0.16,0
3476,58,14779,28394,0.46,0,22658,0.16,0
3477,36,35721,82795,0.51,1,61181,0.16,0
3478,22,46620,113619,0.7,2,99233,0.24,0
3479,60,45089,95699,0.06,0,69376,0.16,0
3480,37,26141,26071,0.43,0,23122,0.16,1
3481,54,39172,58476,0.17,0,50595,0.16,0
3482,62,88424,59956,0.14,0,41569,0.16,0
3483,36,79743,129916,0.23,0,78826,0.16,0
3484,58,51421,150450,0.44,1,103034,0.16,1
3485,22,47360,99660,0.22,1,73595,0.16,0
3486,22,45215,40084,0.29,0,34845,0.16,0
3487,46,55168,64626,0.23,0,42670,0.16,0
3488,33,51600,34130,0.08,0,30271,0.16,0
3489,51,57645,55110,0.18,2,49284,0.24,0
3490,54,63000,108335,0.2,0,80451,0.16,0
3491,59,26754,36442,0.33,1,23464,0.16,0
3492,23,41976,42391,0.34,0,35081,0.16,0
3493,28,54119,46893,0.36,1,33039,0.16,0
3494,43,30244,64727,0.09,0,45243,0.16,1
3495,34,34999,66332,0.38,1,41792,0.16,0
3496,47,43960,114586,0.23,0,102309,0.16,0
3497,49,45052,43165,0.1,0,37476,0.16,0
3498,59,54627,143120,0.45,1,98550,0.16,0
3499,59,32079,62386,0.08,1,38630,0.16,0
3500,21,79539,92707,0.13,0,69128,0.16,0
3501,37,44867,53117,0.47,0,34661,0.16,0
3502,61,52712,77800,0.23,1,58180,0.16,0
3503,50,40744,67240,0.22,1,55987,0.16,0
3504,33,55150,38950,0.29,0,27737,0.16,0
3505,41,113052,294500,0.28,0,227698,0.16,0
3506,39,40556,32601,0.49,0,24931,0.16,0
3507,39,37337,63795,0.23,0,45967,0.16,0
3508,45,32367,47172,0.34,0,42002,0.16,0
3509,42,47581,84728,0.06,0,59508,0.16,0
3510,51,47306,128611,0.21,0,78473,0.16,0
3511,37,50298,149521,0.35,0,127662,0.16,0
3512,43,61952,34115,0.1,0,29996,0.16,0
3513,52,58167,86267,0.2,0,64327,0.16,1
3514,30,48471,123311,0.46,0,77019,0.16,0
3515,30,130209,171421,0.35,1,107420,0.16,0
3516,56,69240,146968,0.52,2,113228,0.24,0
3517,28,28434,84751,0.2,0,53871,0.16,0
3518,40,22638,47923,0.1,0,31573,0.16,0
3519,52,34619,26932,0.24,0,22469,0.16,0
3520,34,52909,137951,0.17,0,91952,0.16,0
3521,48,33198,96826,0.32,0,69297,0.16,1
3522,44,35817,81708,0.17,0,58147,0.16,0
3523,35,49663,76861,0.44,0,56265,0.16,0
3524,42,41316,118618,0.2,0,86126,0.16,0
3525,50,17608,51440,0.16,1,38918,0.16,0
3526,24,84001,238377,0.11,1,180981,0.16,0
3527,33,74792,114397,0.18,0,76335,0.16,0
3528,43,25782,63791,0.47,1,41136,0.16,0
3529,28,50435,107701,0.54,0,70627,0.16,0
3530,38,28049,26625,0.15,0,17606,0.16,0
3531,32,36156,66483,0.24,1,56264,0.16,1
3532,51,62509,148098,0.67,0,130184,0.16,0
3533,34,73498,201368,0.19,2,165461,0.24,0
3534,54,72643,192975,0.28,0,118192,0.16,0
3535,38,55404,49123,0.28,0,38307,0.16,0
3536,54,92744,159527,0.29,0,133081,0.16,0
3537,31,36124,61254,0.34,0,46335,0.16,0
3538,61,40363,110870,0.32,1,69183,0.16,0
3539,32,13395,6762,0.42,0,5095,0.16,0
3540,35,46792,109810,0.31,0,86882,0.16,0
3541,51,65502,134056,0.42,0,103339,0.16,0
3542,49,56535,158520,0.15,0,129429,0.16,0
3543,46,35881,58927,0.45,0,40079,0.16,0
3544,38,74776,160333,0.22,0,129752,0.16,0
3545,52,47244,138513,0.47,1,96946,0.16,0
3546,42,71913,169697,0.29,2,138116,0.24,0
3547,58,62509,41784,0.36,0,31192,0.16,0
3548,37,99932,91820,0.08,1,76657,0.16,0
3549,43,58086,148330,0.17,1,111358,0.16,0
3550,44,66500,88909,0.18,0,61018,0.16,0
3551,28,47176,106843,0.48,1,95831,0.16,0
3552,61,38122,85757,0.14,0,57683,0.16,0
3553,26,62652,186969,0.29,0,134764,0.16,0
3554,25,103918,174029,0.23,0,144889,0.16,1
3555,64,36028,84470,0.17,1,63804,0.16,0
3556,49,43301,26928,0.46,1,21675,0.16,0
3557,48,49678,82290,0.42,0,61420,0.16,0
3558,31,69040,66741,0.3,0,52268,0.16,0
3559,21,58263,151567,0.15,0,114232,0.16,0
3560,63,77383,201178,0.23,1,180558,0.16,0
3561,39,131525,143482,0.38,1,95020,0.16,0
3562,29,35615,46146,0.21,0,40029,0.16,0
3563,47,66493,150021,0.1,0,110918,0.16,0
3564,54,57544,134978,0.07,1,82006,0.16,0
3565,64,49489,106108,0.24,0,94796,0.16,0
3566,24,66372,198567,0.05,0,170935,0.16,0
3567,56,42898,114610,0.66,0,71295,0.16,0
3568,38,57614,88878,0.37,2,63552,0.24,0
3569,35,25523,33625,0.12,1,28885,0.16,1
3570,33,37443,74591,0.43,1,56091,0.16,1
3571,39,82764,210559,0.13,0,184697,0.16,0
3572,26,81189,137076,0.14,0,106763,0.16,0
3573,32,55810,130831,0.38,1,110278,0.16,1
3574,57,39084,21414,0.14,0,15740,0.16,0
3575,37,74060,208449,0.25,0,130867,0.16,0
3576,43,90966,221464,0.05,0,147959,0.16,0
3577,46,39887,59251,0.35,0,37961,0.16,0
3578,49,23682,34576,0.03,0,29062,0.16,0
3579,53,61363,46465,0.5,1,40754,0.16,0
3580,47,77410,196651,0.16,0,131597,0.16,0
3581,45,65758,159237,0.22,0,110910,0.16,1
3582,30,107209,222525,0.53,2,182897,0.24,0
3583,43,107435,80967,0.34,0,59107,0.16,0
3584,41,42078,48635,0.11,0,41002,0.16,0
3585,41,54149,89198,0.66,0,62040,0.16,0
3586,63,38243,44550,0.47,1,33780,0.16,0
3587,33,29406,46606,0.14,0,39624,0.16,0
3588,57,30281,32246,0.13,0,22732,0.16,0
3589,53,70158,96397,0.4,1,76381,0.16,0
3590,44,57036,121529,0.69,2,96477,0.24,0
3591,64,76494,208897,0.12,0,147393,0.16,0
3592,31,173826,254233,0.14,0,209253,0.16,0
3593,37,62939,140339,0.29,0,106456,0.16,0
3594,24,33058,27668,0.32,0,21531,0.16,0
3595,45,82253,152336,0.62,2,109250,0.24,1
3596,50,32752,91845,0.03,0,57585,0.16,0
3597,29,117497,66954,0.25,0,54199,0.16,0
3598,41,18293,21382,0.38,0,15029,0.16,0
3599,40,37299,31004,0.14,0,24261,0.16,0
3600,39,66907,122627,0.37,0,106974,0.16,0
3601,39,88323,194231,0.78,3,165191,0.24,0
3602,32,34944,22519,0.21,0,17762,0.16,0
3603,57,31916,21565,0.11,0,14410,0.16,0
3604,62,52795,141177,0.12,0,106574,0.16,0
3605,37,127324,208885,0.3,0,148821,0.16,1
3606,57,22715,37647,0.31,0,29263,0.16,0
3607,59,41895,119880,0.37,1,98229,0.16,0
3608,48,55831,72609,0.14,1,59385,0.16,0
3609,61,32926,90301,0.25,0,55723,0.16,0
3610,55,32869,96491,0.71,3,68685,0.24,1
3611,38,43621,48167,0.3,0,34536,0.16,1
3612,34,56746,101297,0.13,1,66469,0.16,0
3613,55,44465,81632,0.13,0,60897,0.16,0
3614,64,102005,271886,0.23,0,185895,0.16,0
3615,61,65926,83051,0.16,1,58485,0.16,0
3616,27,59372,148139,0.35,0,114330,0.16,0
3617,61,81946,239898,0.31,0,204929,0.16,0
3618,33,59898,155785,0.15,1,113489,0.16,0
3619,38,39277,108909,0.38,1,82992,0.16,0
3620,57,42977,97595,0.53,0,81840,0.16,0
3621,33,27869,76915,0.03,0,56064,0.16,1
3622,56,133577,121839,0.07,0,87219,0.16,0
3623,51,78070,178070,0.24,0,142416,0.16,0
3624,22,13632,31758,0.53,0,21635,0.16,0
3625,36,95469,152554,0.21,0,92836,0.16,0
3626,29,23553,16471,0.35,2,10546,0.24,0
3627,29,63597,130762,0.42,1,89264,0.16,0
3628,58,16284,10254,0.24,0,8642,0.16,0
3629,31,39574,57619,0.37,0,38210,0.16,1
3630,42,95843,142247,0.48,0,111834,0.16,0
3631,53,98549,295381,0.28,0,204639,0.16,0
3632,56,57147,71405,0.17,0,44103,0.16,0
3633,43,72673,185398,0.11,0,157522,0.16,0
3634,54,24178,15302,0.2,1,13466,0.16,0
3635,29,64162,117058,0.22,0,76073,0.16,0
3636,44,75018,138162,0.23,0,104025,0.16,0
3637,28,177171,367076,0.41,0,251946,0.16,1
3638,27,35896,90637,0.23,0,69334,0.16,0
3639,56,49422,118850,0.15,0,96355,0.16,1
3640,38,50973,122463,0.12,0,109649,0.16,0
3641,23,69514,109883,0.08,0,77413,0.16,0
3642,48,76134,176530,0.21,0,119393,0.16,0
3643,26,83321,144002,0.24,0,115272,0.16,0
3644,64,80336,53614,0.09,0,45727,0.16,0
3645,64,23375,63707,0.32,2,38757,0.24,0
3646,41,13271,36168,0.16,0,22171,0.16,0
3647,48,37903,49546,0.39,0,38367,0.16,0
3648,60,48160,134113,0.49,0,85716,0.16,0
3649,21,36075,86398,0.06,0,68145,0.16,0
3650,56,38954,58509,0.07,0,45039,0.16,0
3651,41,41434,55056,0.62,1,46270,0.16,1
3652,63,65428,192218,0.27,1,161304,0.16,0
3653,55,29235,66701,0.33,3,56678,0.24,0
3654,33,47149,68225,0.14,0,60056,0.16,0
3655,30,47330,99627,0.22,1,77417,0.16,0
3656,64,64689,124773,0.09,1,80283,0.16,0
3657,30,87636,158739,0.07,0,138798,0.16,0
3658,33,113783,240281,0.24,1,216003,0.16,0
3659,57,33759,62253,0.18,1,38070,0.16,0
3660,58,18033,38536,0.26,1,30081,0.16,0
3661,44,43435,120268,0.15,0,85662,0.16,0
3662,22,22152,66083,0.2,0,45671,0.16,0
3663,42,192391,437346,0.28,0,363339,0.16,0
3664,37,31683,89331,0.23,0,61675,0.16,0
3665,56,64985,171951,0.24,0,110891,0.16,0
3666,34,78200,96779,0.07,0,65111,0.16,0
3667,30,58122,164617,0.75,1,125308,0.16,1
3668,55,138463,93742,0.08,0,63393,0.16,0
3669,45,44300,58688,0.56,0,41366,0.16,0
3670,23,32291,67806,0.5,0,52376,0.16,1
3671,58,31466,57182,0.18,0,46181,0.16,0
3672,37,71325,132381,0.16,0,82210,0.16,0
3673,32,44582,110885,0.41,1,80219,0.16,1
3674,44,31468,31051,0.39,0,25286,0.16,0
3675,49,61123,180630,0.29,1,126144,0.16,0
3676,63,69886,111373,0.28,0,92131,0.16,0
3677,45,56142,161386,0.08,0,113411,0.16,0
3678,56,76864,112051,0.42,0,92754,0.16,0
3679,46,51228,102684,0.09,0,91053,0.16,0
3680,58,36431,59228,0.26,0,44494,0.16,0
3681,21,73548,161058,0.14,1,119960,0.16,0
3682,40,31412,30126,0.26,0,22454,0.16,0
3683,48,27877,41859,0.16,1,37074,0.16,0
3684,36,87375,58624,0.09,0,37975,0.16,0
3685,37,41195,82194,0.17,0,67570,0.16,0
3686,60,112740,327701,0.26,0,264428,0.16,0
3687,48,75229,46248,0.14,0,36523,0.16,0
3688,32,39659,85230,0.33,0,70043,0.16,0
3689,47,62511,152385,0.39,0,106028,0.16,0
3690,62,173544,179231,0.33,0,157437,0.16,0
3691,50,71477,84534,0.22,0,73742,0.16,0
3692,61,65568,65827,0.45,0,44047,0.16,0
3693,54,36411,45278,0.63,1,34153,0.16,0
3694,57,123287,95572,0.35,1,66334,0.16,0
3695,26,94747,135096,0.15,0,113106,0.16,0
3696,27,36578,52025,0.27,2,45266,0.24,1
3697,52,125518,316075,0.32,0,240370,0.16,0
3698,52,53229,133200,0.11,1,92732,0.16,0
3699,45,32202,80241,0.17,1,63681,0.16,0
3700,53,36342,69689,0.65,1,44791,0.16,0
3701,27,76027,99952,0.24,0,75229,0.16,0
3702,32,32313,49355,0.23,0,40845,0.16,0
3703,36,28238,36550,0.33,0,24811,0.16,1
3704,36,39362,76945,0.15,0,55214,0.16,0
3705,63,42414,120665,0.62,1,96085,0.16,0
3706,56,35008,42403,0.07,0,37649,0.16,1
3707,33,39066,64346,0.2,2,40139,0.24,0
3708,27,77533,165749,0.24,0,107186,0.16,0
3709,56,55728,145546,0.21,0,92914,0.16,0
3710,29,37880,42930,0.17,1,28599,0.16,0
3711,52,39579,47523,0.24,0,29377,0.16,0
3712,31,45897,124514,0.32,0,88235,0.16,0
3713,28,47230,33091,0.29,0,22640,0.16,0
3714,53,47330,95304,0.37,0,62846,0.16,0
3715,43,76124,201815,0.19,0,136674,0.16,0
3716,45,54096,151704,0.1,0,120309,0.16,0
3717,28,54897,29189,0.07,0,23546,0.16,0
3718,42,100046,142482,0.54,0,125176,0.16,0
3719,24,125282,143217,0.37,0,94965,0.16,0
3720,60,26489,50861,0.23,0,32057,0.16,0
3721,23,22259,46346,0.18,0,28622,0.16,0
3722,49,41163,123465,0.17,0,92343,0.16,0
3723,61,72516,129216,0.37,1,102568,0.16,0
3724,49,59159,111140,0.54,1,74674,0.16,0
3725,54,83037,127526,0.07,0,101984,0.16,0
3726,54,40288,35018,0.4,0,22979,0.16,0
3727,48,18428,23188,0.31,3,15460,0.24,0
3728,33,24750,27657,0.19,1,22105,0.16,0
3729,35,65014,162733,0.51,1,144235,0.16,0
3730,43,83356,155420,0.45,0,135361,0.16,1
3731,64,18894,23437,0.27,1,14252,0.16,1
3732,46,99243,170969,0.2,0,152916,0.16,0
3733,24,61840,64756,0.32,1,45934,0.16,0
3734,46,47324,45564,0.52,0,34914,0.16,0
3735,60,35831,94946,0.36,0,66803,0.16,0
3736,29,108616,310861,0.02,0,263399,0.16,0
3737,25,76764,53737,0.45,2,43081,0.24,0
3738,52,62655,151136,0.07,0,130454,0.16,0
3739,40,34006,55541,0.21,2,36859,0.24,0
3740,31,109874,161781,0.48,1,128150,0.16,0
3741,35,49770,110665,0.15,0,84049,0.16,1
3742,52,56926,66354,0.56,0,51533,0.16,0
3743,48,50844,28038,0.48,0,19896,0.16,0
3744,42,33430,34600,0.33,0,20826,0.16,0
3745,61,57518,55350,0.37,0,44910,0.16,0
3746,37,69457,40640,0.27,0,33093,0.16,0
3747,46,39308,51229,0.12,0,44108,0.16,0
3748,64,55107,92926,0.77,1,82588,0.16,0
3749,27,50475,118089,0.09,0,77906,0.16,0
3750,62,77463,101798,0.13,0,63158,0.16,0
3751,46,42214,41637,0.08,0,34786,0.16,0
3752,45,54900,59102,0.19,1,51041,0.16,0
3753,30,60997,166396,0.31,0,108382,0.16,0
3754,39,41740,42232,0.2,0,26720,0.16,0
3755,31,32445,87539,0.14,1,74814,0.16,0
3756,33,35196,56938,0.35,1,50864,0.16,0
3757,28,60149,170582,0.39,1,123219,0.16,1
3758,60,43579,66250,0.25,1,57735,0.16,0
3759,24,43291,40875,0.23,1,33984,0.16,0
3760,51,66308,124166,0.07,0,85283,0.16,0
3761,48,81613,160717,0.76,0,103999,0.16,1
3762,31,88952,185796,0.58,4,122346,0.24,0
3763,63,36089,55170,0.27,0,41809,0.16,0
3764,21,77759,48327,0.4,1,34756,0.16,0
3765,58,139036,287359,0.42,1,255054,0.16,1
3766,44,52210,147888,0.42,1,107159,0.16,0
3767,51,47256,136753,0.17,1,86037,0.16,0
3768,61,42579,84826,0.09,1,53936,0.16,0
3769,46,28799,15831,0.34,0,13800,0.16,0
3770,25,74691,57145,0.24,1,43168,0.16,0
3771,40,47361,122427,0.45,0,108180,0.16,0
3772,61,45485,117094,0.58,1,103635,0.16,0
3773,31,69124,198042,0.07,0,176026,0.16,0
3774,53,72384,138212,0.21,0,121136,0.16,0
3775,58,36300,96541,0.38,0,83639,0.16,0
3776,47,36736,94125,0.6,1,74004,0.16,0
3777,54,35929,70907,0.06,0,62789,0.16,0
3778,35,141034,346815,0.14,0,290858,0.16,0
3779,52,102597,83542,0.66,1,67198,0.16,0
3780,41,69809,146459,0.42,0,127164,0.16,0
3781,25,40631,117164,0.07,0,98721,0.16,0
3782,26,43111,39010,0.39,0,27868,0.16,0
3783,58,58789,138748,0.06,0,94897,0.16,0
3784,42,147940,192612,0.08,0,124278,0.16,0
3785,38,56638,144016,0.18,0,127481,0.16,0
3786,34,63222,141808,0.77,0,88733,0.16,0
3787,30,13704,38582,0.18,1,32066,0.16,0
3788,33,55758,127119,0.05,0,91005,0.16,0
3789,51,24417,37254,0.26,0,27564,0.16,0
3790,50,38426,20259,0.12,0,12891,0.16,0
3791,23,50183,124568,0.42,1,79174,0.16,0
3792,50,42148,64113,0.08,0,45223,0.16,0
3793,26,35668,77634,0.33,1,63189,0.16,0
3794,49,35827,27324,0.06,0,18591,0.16,0
3795,28,44111,120309,0.15,1,97316,0.16,0
3796,64,43158,68584,0.39,0,61656,0.16,0
3797,63,49520,138617,0.16,0,100829,0.16,0
3798,64,47703,108168,0.57,0,95258,0.16,0
3799,53,92914,74670,0.42,1,46581,0.16,0
3800,37,17592,34269,0.32,1,23783,0.16,0
3801,31,55408,153748,0.59,0,119877,0.16,0
3802,33,50792,126976,0.33,0,84367,0.16,0
3803,31,45839,70819,0.21,0,50420,0.16,0
3804,51,34444,99462,0.26,0,73144,0.16,1
3805,48,45485,53282,0.3,0,42745,0.16,1
3806,64,21660,31142,0.39,0,20721,0.16,1
3807,26,54358,129061,0.38,0,91093,0.16,0
3808,61,59517,64412,0.21,0,57094,0.16,0
3809,36,34474,61654,0.18,0,41915,0.16,0
3810,24,129358,300365,0.38,0,246475,0.16,0
3811,55,46155,97383,0.29,0,83875,0.16,0
3812,46,50113,44521,0.58,0,35678,0.16,1
3813,32,95596,198280,0.66,0,165876,0.16,1
3814,31,143066,276371,0.3,0,247410,0.16,0
3815,57,27954,52961,0.19,0,37049,0.16,0
3816,45,36732,94221,0.28,0,63829,0.16,0
3817,38,46567,44692,0.13,0,32853,0.16,1
3818,39,33811,80433,0.38,0,63662,0.16,0
3819,43,74836,179779,0.21,0,113647,0.16,0
3820,58,32000,73811,0.46,0,45447,0.16,0
3821,38,92346,162983,0.32,1,104518,0.16,0
3822,46,66958,99690,0.56,0,64807,0.16,0
3823,26,87730,130427,0.11,0,79792,0.16,0
3824,24,32072,74872,0.16,0,58226,0.16,0
3825,64,40467,70604,0.25,1,54655,0.16,0
3826,49,76802,103381,0.32,0,76895,0.16,0
3827,54,70143,144752,0.2,1,92527,0.16,0
3828,37,42470,110104,0.38,0,97329,0.16,0
3829,63,45603,29813,0.14,0,24197,0.16,0
3830,63,39451,115604,0.39,0,72880,0.16,0
3831,36,44993,33368,0.52,0,25792,0.16,1
3832,22,30252,53828,0.39,0,32939,0.16,0
3833,54,27816,52864,0.36,1,38134,0.16,1
3834,28,81041,68522,0.23,1,57726,0.16,0
3835,33,44236,123373,0.1,0,93687,0.16,0
3836,62,87174,146336,0.16,0,92016,0.16,0
3837,28,66038,56647,0.16,0,48377,0.16,0
3838,50,57297,130581,0.29,2,81266,0.24,0
3839,52,34368,74183,0.55,1,55351,0.16,0
3840,56,26758,77789,0.24,0,58664,0.16,0
3841,50,39008,62560,0.25,0,52055,0.16,0
3842,21,105446,123318,0.08,0,110455,0.16,0
3843,63,76456,49695,0.4,0,35763,0.16,0
3844,59,37227,86843,0.28,0,68800,0.16,0
3845,37,39230,80154,0.33,0,60603,0.16,0
3846,40,30805,90305,0.57,1,56342,0.16,0
3847,44,22617,51576,0.27,0,43281,0.16,0
3848,42,51575,146107,0.31,0,110576,0.16,1
3849,49,116138,345968,0.52,0,270544,0.16,0
3850,42,116869,183610,0.37,0,128811,0.16,0
3851,64,66433,58177,0.41,0,50872,0.16,0
3852,29,36267,35890,0.3,1,28935,0.16,0
3853,57,23748,30775,0.24,1,21760,0.16,0
3854,30,82746,146645,0.48,1,109843,0.16,1
3855,56,61304,49414,0.12,0,34179,0.16,0
3856,57,41851,52493,0.4,0,41556,0.16,0
3857,48,38497,48871,0.27,2,41180,0.24,0
3858,48,66185,33768,0.18,0,23734,0.16,0
3859,62,32425,44922,0.31,0,37983,0.16,0
3860,63,55249,43667,0.05,0,38342,0.16,0
3861,41,26637,41934,0.24,1,30129,0.16,1
3862,44,149381,148087,0.09,0,99118,0.16,0
3863,62,34768,88842,0.3,0,78450,0.16,0
3864,60,67792,47543,0.24,1,29306,0.16,0
3865,22,26929,71742,0.48,2,53447,0.24,1
3866,28,45178,88156,0.17,0,73502,0.16,0
3867,47,76290,125619,0.06,0,77101,0.16,0
3868,42,85006,159331,0.43,1,126209,0.16,0
3869,57,71800,103411,0.21,0,88076,0.16,0
3870,47,45746,37467,0.18,0,25830,0.16,0
3871,49,35137,84845,0.21,0,58805,0.16,0
3872,23,28599,80642,0.37,0,49203,0.16,0
3873,64,103974,298942,0.4,0,228781,0.16,0
3874,33,51621,112367,0.41,0,69491,0.16,1
3875,30,56620,86394,0.46,0,51893,0.16,0
3876,56,87788,148879,0.32,0,94995,0.16,1
3877,29,65733,140827,0.1,0,102859,0.16,1
3878,47,45995,117640,0.07,0,96937,0.16,0
3879,54,71125,102165,0.2,0,81991,0.16,0
3880,21,35908,100253,0.29,0,69546,0.16,0
3881,52,22571,29583,0.17,2,20598,0.24,1
3882,45,99302,181439,0.75,1,144657,0.16,0
3883,49,37436,108691,0.31,0,88278,0.16,0
3884,27,42102,119801,0.04,0,97861,0.16,0
3885,23,44000,98531,0.66,1,63800,0.16,1
3886,40,36275,47571,0.27,1,29471,0.16,0
3887,40,85022,89067,0.59,0,66922,0.16,0
3888,50,59114,41400,0.29,0,29791,0.16,0
3889,55,42112,95663,0.17,0,84067,0.16,0
3890,55,25904,45555,0.3,1,27411,0.16,0
3891,59,57062,110170,0.57,0,92838,0.16,0
3892,47,14395,24197,0.33,0,21718,0.16,1
3893,46,55070,94024,0.35,0,80401,0.16,0
3894,34,95950,185009,0.08,0,156227,0.16,0
3895,37,50628,141032,0.4,0,85570,0.16,0
3896,38,89604,51380,0.43,2,44167,0.24,0
3897,49,26513,66390,0.2,0,51468,0.16,0
3898,40,135845,200546,0.17,0,159673,0.16,1
3899,47,84850,200442,0.1,0,144134,0.16,0
3900,38,62192,178572,0.08,0,157714,0.16,0
3901,24,36344,46001,0.44,1,34819,0.16,0
3902,21,33447,24211,0.21,0,19012,0.16,0
3903,21,47313,51133,0.2,0,33884,0.16,0
3904,46,89445,94385,0.15,1,72435,0.16,1
3905,40,25393,59790,0.36,2,39831,0.24,0
3906,43,49276,32258,0.19,1,20463,0.16,0
3907,30,70764,44392,0.42,0,33494,0.16,0
3908,31,78016,174289,0.13,0,148813,0.16,0
3909,61,70658,133670,0.22,0,115386,0.16,0
3910,61,24129,37265,0.34,0,32833,0.16,0
3911,25,86326,167336,0.36,0,147403,0.16,0
3912,21,50695,118530,0.28,0,105562,0.16,1
3913,37,28486,21611,0.21,1,17645,0.16,0
3914,42,48431,91206,0.12,0,57775,0.16,0
3915,54,18410,47148,0.11,1,37027,0.16,0
3916,61,65457,92037,0.55,1,72034,0.16,0
3917,49,45988,110718,0.04,0,69991,0.16,0
3918,24,25976,67889,0.05,0,55047,0.16,1
3919,25,42402,108223,0.13,0,78375,0.16,0
3920,31,34415,73162,0.13,0,45438,0.16,0
3921,41,35532,81487,0.2,0,71750,0.16,0
3922,55,15827,39079,0.46,3,25695,0.24,1
3923,32,21245,49591,0.54,2,31598,0.24,0
3924,46,43702,71199,0.43,0,47049,0.16,0
3925,39,40099,36000,0.19,1,29854,0.16,0
3926,27,79776,101660,0.34,1,84516,0.16,1
3927,27,35742,36389,0.01,0,22769,0.16,0
3928,46,37665,52866,0.08,0,39852,0.16,0
3929,60,38556,66444,0.15,0,53622,0.16,0
3930,25,44421,128715,0.51,1,103601,0.16,0
3931,41,51314,148741,0.41,0,119183,0.16,0
3932,34,40008,96978,0.4,0,70531,0.16,0
3933,24,65225,192436,0.25,0,139081,0.16,0
3934,43,154834,463733,0.09,0,406145,0.16,0
3935,62,32444,88025,0.62,0,77988,0.16,0
3936,40,59630,41666,0.29,0,27204,0.16,0
3937,35,49749,77862,0.43,1,69970,0.16,1
3938,49,82744,151860,0.11,0,97384,0.16,0
3939,28,54257,43959,0.57,0,36746,0.16,0
3940,61,34090,85960,0.29,1,54265,0.16,0
3941,39,27377,23864,0.56,0,18785,0.16,0
3942,59,66519,97006,0.1,0,74328,0.16,0
3943,48,28512,19168,0.29,1,17243,0.16,0
3944,47,88598,160493,0.2,0,121246,0.16,0
3945,24,64640,128801,0.1,0,101767,0.16,0
3946,35,51192,119683,0.08,0,97678,0.16,0
3947,55,25434,34301,0.35,0,28046,0.16,0
3948,57,68710,135793,0.35,0,107454,0.16,0
3949,21,110016,256927,0.18,0,214634,0.16,0
3950,23,39634,95323,0.79,1,78131,0.16,1
3951,44,33828,42423,0.4,0,30139,0.16,0
3952,47,46816,31332,0.65,1,19939,0.16,0
3953,60,61912,36778,0.09,0,32031,0.16,0
3954,56,37586,90963,0.21,1,54844,0.16,0
3955,54,76849,112475,0.11,0,74357,0.16,0
3956,49,127434,106389,0.37,0,81388,0.16,0
3957,44,57821,55578,0.3,0,46479,0.16,0
3958,44,41668,100643,0.32,1,66834,0.16,0
3959,62,61083,121998,0.22,0,96432,0.16,0
3960,24,88313,154857,0.52,0,110475,0.16,0
3961,23,53093,109239,0.1,0,65656,0.16,0
3962,54,62476,52714,0.26,0,42937,0.16,0
3963,43,69729,90480,0.28,0,71252,0.16,0
3964,43,31643,45412,0.28,1,28003,0.16,0
3965,25,61670,79322,0.31,0,68285,0.16,0
3966,51,25059,66683,0.26,1,43415,0.16,0
3967,61,35269,68899,0.38,2,57964,0.24,0
3968,26,86927,201957,0.43,1,145546,0.16,0
3969,57,75774,82727,0.27,0,55050,0.16,0
3970,30,42826,49686,0.3,1,38538,0.16,0
3971,60,115024,122309,0.31,0,89938,0.16,0
3972,27,25461,56522,0.15,0,49181,0.16,1
3973,59,44243,60728,0.09,1,48173,0.16,0
3974,58,56249,85088,0.24,1,71992,0.16,1
3975,41,12038,27360,0.45,0,16761,0.16,0
3976,40,45304,132717,0.27,0,98556,0.16,0
3977,23,27938,25275,0.22,1,17632,0.16,0
3978,42,28257,18556,0.29,0,12023,0.16,0
3979,24,42782,42230,0.25,0,37680,0.16,0
3980,48,19676,45990,0.41,0,37112,0.16,0
3981,32,32729,32289,0.41,1,22367,0.16,0
3982,58,19907,39035,0.52,1,28471,0.16,0
3983,56,52150,103037,0.3,1,77774,0.16,0
3984,61,51646,63837,0.3,0,38593,0.16,0
3985,25,41180,27665,0.14,0,23025,0.16,0
3986,33,80678,120855,0.46,1,101789,0.16,0
3987,43,42273,40876,0.09,0,33430,0.16,0
3988,50,48458,46577,0.59,1,33214,0.16,0
3989,57,31163,56295,0.33,0,35458,0.16,0
3990,45,15496,33824,0.27,0,20344,0.16,0
3991,47,45584,31386,0.6,1,22940,0.16,0
3992,34,42703,83091,0.06,0,73527,0.16,1
3993,56,115260,128573,0.62,4,95116,0.24,0
3994,59,68440,149421,0.3,0,129915,0.16,0
3995,36,39872,100698,0.15,1,78393,0.16,0
3996,42,52618,132467,0.36,0,104175,0.16,0
3997,41,77150,109912,0.17,1,92385,0.16,1
3998,41,63473,121752,0.36,0,83576,0.16,0
3999,28,112922,280525,0.26,0,212890,0.16,0
4000,36,33034,21539,0.32,3,13511,0.24,1
4001,51,79819,160760,0.12,0,142517,0.16,1
4002,62,39678,102817,0.24,0,92365,0.16,0
4003,30,54003,77272,0.37,0,59583,0.16,0
4004,52,37092,60775,0.27,0,53268,0.16,0
4005,54,45660,102589,0.1,0,87262,0.16,0
4006,29,54490,36492,0.31,1,27650,0.16,0
4007,37,65948,96553,0.36,1,75904,0.16,0
4008,31,50547,62641,0.11,0,51286,0.16,0
4009,52,14142,7671,0.26,0,5365,0.16,0
4010,30,47170,46695,0.36,0,32354,0.16,1
4011,42,102252,152325,0.5,0,129265,0.16,0
4012,37,46984,46681,0.38,0,30651,0.16,0
4013,24,103698,208017,0.05,0,139559,0.16,1
4014,45,46161,74856,0.26,1,58214,0.16,0
4015,41,22337,13373,0.27,0,9618,0.16,0
4016,57,39478,46884,0.43,1,29975,0.16,0
4017,58,37078,20344,0.19,0,18211,0.16,0
4018,21,43705,60983,0.29,0,45248,0.16,0
4019,45,27101,31105,0.45,1,27984,0.16,0
4020,56,48805,108369,0.21,1,79695,0.16,0
4021,37,41600,52770,0.29,0,44091,0.16,0
4022,61,93333,134203,0.09,0,108861,0.16,0
4023,44,26765,61916,0.34,0,43208,0.16,0
4024,22,55427,94353,0.3,0,58969,0.16,1
4025,60,60205,113855,0.4,0,73494,0.16,0
4026,35,72221,188017,0.37,0,114968,0.16,0
4027,52,40872,41575,0.42,0,33140,0.16,0
4028,59,54742,162745,0.28,0,100847,0.16,0
4029,26,58491,160865,0.3,0,110807,0.16,0
4030,21,21500,26152,0.16,0,16590,0.16,0
4031,43,41612,113698,0.14,0,88123,0.16,0
4032,59,48226,115013,0.46,1,93213,0.16,0
4033,37,51138,144561,0.37,1,106058,0.16,0
4034,54,50826,113232,0.16,1,100479,0.16,0
4035,61,61008,133375,0.51,2,90788,0.24,0
4036,49,129159,65698,0.18,0,58973,0.16,0
4037,29,36398,61386,0.07,1,47606,0.16,0
4038,33,59313,59352,0.32,0,50931,0.16,0
4039,26,93962,123109,0.27,0,78296,0.16,1
4040,26,19943,58772,0.36,0,52606,0.16,1
4041,40,56053,40008,0.35,0,33067,0.16,0
4042,23,21158,48794,0.31,0,37980,0.16,0
4043,37,146208,136318,0.19,1,81989,0.16,0
4044,32,63641,32998,0.15,0,19840,0.16,0
4045,21,59488,104314,0.23,0,67874,0.16,0
4046,37,19212,17349,0.28,1,12528,0.16,0
4047,23,38091,110984,0.13,0,76442,0.16,0
4048,46,38181,38533,0.52,1,32942,0.16,1
4049,35,118566,116205,0.27,0,95918,0.16,0
4050,56,70586,40969,0.13,0,35543,0.16,1
4051,52,21451,28412,0.11,0,20234,0.16,0
4052,52,61991,34732,0.52,1,29036,0.16,0
4053,24,23122,40399,0.16,1,34453,0.16,1
4054,38,21705,38288,0.27,0,34425,0.16,0
4055,39,61494,38932,0.17,0,32433,0.16,0
4056,63,71138,78262,0.32,1,67117,0.16,0
4057,55,61659,159096,0.36,2,109961,0.24,0
4058,60,125466,207817,0.36,0,166450,0.16,0
4059,34,58945,93517,0.09,0,74671,0.16,0
4060,53,53372,119923,0.23,0,92943,0.16,0
4061,34,26688,61040,0.19,1,54265,0.16,0
4062,54,75267,181010,0.18,0,131270,0.16,0
4063,24,21467,55303,0.16,0,47582,0.16,0
4064,44,134616,145469,0.22,0,89723,0.16,1
4065,49,75765,50455,0.38,0,36473,0.16,0
4066,39,197777,286907,0.2,0,178422,0.16,0
4067,26,59555,157090,0.13,0,122251,0.16,0
4068,53,77659,53978,0.25,0,41979,0.16,1
4069,60,42676,82786,0.51,1,58282,0.16,0
4070,39,47971,108064,0.38,2,94213,0.24,1
4071,21,28976,49361,0.16,0,32022,0.16,1
4072,25,23769,27047,0.23,0,19995,0.16,0
4073,47,53892,70909,0.59,0,55097,0.16,0
4074,36,47830,32482,0.22,0,21421,0.16,0
4075,26,28624,35249,0.68,0,29813,0.16,0
4076,60,31276,19107,0.47,0,14075,0.16,0
4077,33,49823,115380,0.13,0,87336,0.16,0
4078,55,28379,77900,0.11,0,56238,0.16,0
4079,39,58590,122088,0.3,2,95450,0.24,0
4080,32,28823,61731,0.33,0,52113,0.16,0
4081,36,55710,93612,0.22,0,65581,0.16,0
4082,63,27574,24543,0.37,1,16966,0.16,0
4083,30,27632,14349,0.21,1,12534,0.16,0
4084,45,15046,20461,0.17,0,18410,0.16,0
4085,40,45245,107625,0.13,0,71930,0.16,0
4086,51,101420,294227,0.1,0,195694,0.16,0
4087,24,98584,155537,0.25,0,100227,0.16,0
4088,64,57643,81477,0.23,0,56042,0.16,0
4089,43,18024,29106,0.65,1,21797,0.16,0
4090,22,74752,117318,0.32,0,70561,0.16,0
4091,42,54876,113302,0.24,0,76172,0.16,0
4092,57,40004,93424,0.39,1,80116,0.16,0
4093,28,89651,220756,0.65,0,140656,0.16,1
4094,27,66684,141637,0.26,0,120588,0.16,0
4095,34,130714,208398,0.47,0,160048,0.16,0
4096,23,24274,69794,0.54,0,47430,0.16,0
4097,36,25242,57489,0.44,0,42358,0.16,0
4098,39,27460,43020,0.22,0,28017,0.16,0
4099,38,42509,68713,0.48,2,53514,0.24,0
4100,36,108454,276010,0.48,2,172373,0.24,1
4101,28,35889,57470,0.13,0,45016,0.16,0
4102,53,36275,64957,0.22,1,48231,0.16,0
4103,32,60394,74217,0.26,0,44555,0.16,0
4104,31,74725,194082,0.37,0,170541,0.16,0
4105,25,16020,28927,0.29,0,17613,0.16,0
4106,47,82442,155101,0.07,0,132696,0.16,0
4107,32,35326,95439,0.39,0,64565,0.16,0
4108,37,46573,130464,0.24,0,116715,0.16,0
4109,26,99621,255078,0.31,0,229548,0.16,0
4110,53,43992,29185,0.21,1,19553,0.16,0
4111,25,22789,36662,0.32,1,24770,0.16,0
4112,48,23459,31865,0.11,0,27226,0.16,0
4113,34,48312,49944,0.28,2,32073,0.24,0
4114,25,41473,114979,0.04,0,69103,0.16,0
4115,53,50500,137621,0.5,0,108578,0.16,0
4116,61,40109,66711,0.54,0,45468,0.16,1
4117,39,91191,76272,0.34,1,54202,0.16,0
4118,42,49631,26473,0.4,0,19437,0.16,0
4119,25,20302,32405,0.34,0,22027,0.16,0
4120,22,73737,44233,0.69,0,28114,0.16,0
4121,50,127151,257339,0.49,0,209047,0.16,0
4122,59,52969,107051,0.6,0,80061,0.16,1
4123,24,55065,151282,0.31,0,125656,0.16,0
4124,53,33191,32365,0.55,2,28223,0.24,0
4125,33,43424,62030,0.27,0,41426,0.16,0
4126,40,63034,166968,0.07,0,145006,0.16,0
4127,27,86326,145523,0.53,0,129075,0.16,0
4128,35,61267,39781,0.15,0,27420,0.16,0
4129,43,121664,94528,0.33,1,80943,0.16,0
4130,34,51494,130467,0.52,0,88953,0.16,0
4131,43,27977,66004,0.29,0,56177,0.16,0
4132,39,28380,76333,0.22,0,66574,0.16,0
4133,49,90871,72438,0.18,0,64495,0.16,0
4134,40,81109,194746,0.38,1,150360,0.16,0
4135,49,21540,46047,0.48,0,35185,0.16,0
4136,44,44145,47708,0.17,0,30075,0.16,0
4137,38,44954,131929,0.29,0,100508,0.16,0
4138,30,33665,64834,0.33,1,55223,0.16,1
4139,61,24217,67013,0.48,1,40391,0.16,0
4140,28,33296,88158,0.22,0,76928,0.16,0
4141,46,30434,40562,0.27,1,31348,0.16,0
4142,49,24508,45092,0.4,1,35745,0.16,0
4143,30,74200,117118,0.13,0,95916,0.16,0
4144,37,56470,128339,0.2,0,112750,0.16,0
4145,22,38868,76574,0.41,4,61895,0.24,1
4146,26,17408,42860,0.4,1,31372,0.16,1
4147,25,42212,22346,0.56,1,19164,0.16,0
4148,48,63610,141181,0.15,0,124981,0.16,0
4149,61,33927,44025,0.11,0,34619,0.16,0
4150,25,27584,29254,0.05,2,24266,0.24,0
4151,38,46096,115383,0.19,1,88352,0.16,0
4152,46,57961,41908,0.66,1,26541,0.16,0
4153,40,18034,19317,0.47,0,15130,0.16,0
4154,61,96471,97371,0.43,0,75066,0.16,0
4155,47,26250,40676,0.17,0,30510,0.16,0
4156,32,39680,51815,0.46,1,39863,0.16,0
4157,27,88489,203628,0.2,0,142890,0.16,0
4158,23,52191,117347,0.2,0,98622,0.16,0
4159,30,84799,111398,0.28,2,74963,0.24,0
4160,54,106600,169755,0.38,0,123856,0.16,0
4161,45,23627,24094,0.57,0,19613,0.16,0
4162,55,76958,167544,0.15,1,128789,0.16,0
4163,36,95105,141759,0.24,0,90605,0.16,0
4164,22,40623,33800,0.11,0,25303,0.16,0
4165,44,42272,34585,0.32,1,28500,0.16,0
4166,30,18835,24594,0.6,1,15275,0.16,1
4167,58,72441,171562,0.29,0,146771,0.16,0
4168,42,13801,7780,0.32,0,5861,0.16,0
4169,46,79570,91062,0.45,0,69068,0.16,0
4170,63,24128,21865,0.08,1,16818,0.16,0
4171,59,98257,284080,0.36,0,191205,0.16,0
4172,47,59762,135253,0.09,0,96601,0.16,0
4173,49,81184,87928,0.28,1,70401,0.16,0
4174,58,32650,33258,0.55,0,23895,0.16,0
4175,40,25166,66565,0.07,0,58667,0.16,0
4176,47,20296,19800,0.14,1,17263,0.16,0
4177,61,84592,253154,0.17,0,165258,0.16,0
4178,40,68286,82336,0.31,0,54306,0.16,0
4179,64,69508,49408,0.56,1,35737,0.16,0
4180,39,56710,126313,0.32,1,97885,0.16,0
4181,40,64339,130229,0.48,1,112612,0.16,0
4182,55,42368,127085,0.05,0,81039,0.16,0
4183,22,58991,147785,0.58,3,123934,0.24,0
4184,50,31938,50209,0.25,0,31954,0.16,0
4185,54,41300,90510,0.43,1,69385,0.16,0
4186,42,224507,571285,0.21,0,442098,0.16,0
4187,23,49984,89187,0.22,0,79305,0.16,0
4188,26,18291,21623,0.2,2,17850,0.24,0
4189,35,39962,40971,0.14,0,33473,0.16,0
4190,47,28889,35770,0.25,0,21730,0.16,0
4191,30,53082,139083,0.16,0,115003,0.16,0
4192,29,31423,45597,0.16,0,36634,0.16,0
4193,53,44094,53647,0.29,1,43119,0.16,0
4194,52,33863,85155,0.45,0,52387,0.16,0
4195,26,54100,31367,0.48,0,22508,0.16,0
4196,61,35821,71100,0.07,0,45109,0.16,0
4197,56,58597,157279,0.11,1,137400,0.16,0
4198,22,129870,198078,0.3,0,140647,0.16,0
4199,49,27523,32292,0.29,0,27863,0.16,0
4200,24,70398,121737,0.48,0,84646,0.16,0
4201,21,14379,32981,0.19,1,26429,0.16,0
4202,39,43634,78170,0.25,0,47123,0.16,0
4203,46,54965,28532,0.11,0,23090,0.16,1
4204,45,33724,23465,0.12,0,18987,0.16,0
4205,30,20056,46195,0.07,0,29627,0.16,0
4206,35,48097,72139,0.03,0,52967,0.16,0
4207,42,105456,259626,0.37,0,208989,0.16,0
4208,41,45559,96754,0.12,0,73460,0.16,0
4209,42,64814,126632,0.3,1,111134,0.16,0
4210,56,86115,237112,0.23,0,157266,0.16,0
4211,54,168676,93329,0.07,0,83018,0.16,0
4212,50,28965,25708,0.35,1,19226,0.16,1
4213,45,30498,62854,0.41,1,56563,0.16,0
4214,48,42356,28148,0.36,2,20489,0.24,1
4215,21,66683,140862,0.22,1,121227,0.16,0
4216,24,15361,45473,0.3,1,38690,0.16,0
4217,27,67973,183324,0.19,0,139633,0.16,0
4218,29,52792,104385,0.2,0,86514,0.16,0
4219,56,37534,102653,0.34,0,84466,0.16,0
4220,39,60642,47947,0.18,0,30677,0.16,1
4221,21,76483,125182,0.16,0,102690,0.16,0
4222,30,81961,128817,0.31,1,105380,0.16,0
4223,56,49383,66228,0.24,1,48288,0.16,0
4224,29,57700,28879,0.06,0,18659,0.16,0
4225,62,56622,154440,0.19,0,113569,0.16,0
4226,52,90725,221756,0.3,0,182742,0.16,0
4227,52,59314,126465,0.42,0,109251,0.16,0
4228,26,67684,55664,0.23,0,39559,0.16,0
4229,58,76598,110723,0.36,2,77664,0.24,0
4230,37,130520,366867,0.5,1,241779,0.16,0
4231,30,36573,74693,0.32,1,53034,0.16,0
4232,47,110509,221960,0.19,0,149085,0.16,0
4233,55,168644,469305,0.29,0,328994,0.16,0
4234,41,37758,71724,0.22,0,54665,0.16,0
4235,45,43985,87708,0.05,0,67567,0.16,0
4236,48,39567,53980,0.36,0,44396,0.16,0
4237,35,68080,97259,0.55,1,87037,0.16,0
4238,24,19325,42785,0.5,1,26820,0.16,1
4239,49,38187,49684,0.52,2,33322,0.24,0
4240,29,42752,81133,0.29,0,58655,0.16,0
4241,47,40923,49025,0.34,1,43646,0.16,0
4242,46,40717,37268,0.33,0,25505,0.16,0
4243,39,38383,62794,0.21,0,54201,0.16,0
4244,48,72308,75461,0.28,0,54467,0.16,0
4245,37,64159,176195,0.16,0,156392,0.16,0
4246,63,114886,144645,0.16,0,88361,0.16,0
4247,61,72400,144329,0.23,0,97073,0.16,0
4248,62,28316,32807,0.45,1,20068,0.16,0
4249,40,45025,51555,0.5,3,42558,0.24,0
4250,60,42697,58776,0.23,0,46761,0.16,1
4251,59,55693,155366,0.47,2,104035,0.24,1
4252,43,84679,125218,0.41,0,77200,0.16,0
4253,52,53794,137345,0.16,0,115049,0.16,0
4254,53,53865,53501,0.31,1,44297,0.16,0
4255,25,49267,30566,0.14,0,26769,0.16,0
4256,63,73518,180427,0.23,0,117305,0.16,0
4257,54,36884,68408,0.22,0,52824,0.16,0
4258,60,23658,41621,0.71,2,36437,0.24,1
4259,31,67662,79875,0.27,0,52850,0.16,0
4260,23,59135,40258,0.14,0,31489,0.16,0
4261,53,95007,162191,0.16,0,126854,0.16,0
4262,31,14560,38847,0.18,0,23795,0.16,0
4263,36,46621,37299,0.32,0,31132,0.16,0
4264,38,51707,145965,0.13,1,122151,0.16,0
4265,50,23030,27332,0.34,0,17971,0.16,0
4266,30,46943,85927,0.48,1,52652,0.16,0
4267,38,88739,59124,0.17,1,48245,0.16,1
4268,58,139115,217383,0.25,0,139221,0.16,0
4269,39,80113,65271,0.35,1,52663,0.16,0
4270,56,41679,25838,0.32,1,16667,0.16,0
4271,33,92111,268631,0.52,1,230512,0.16,0
4272,23,77319,179784,0.38,1,140850,0.16,0
4273,30,38476,88404,0.15,0,68339,0.16,0
4274,58,36647,26619,0.65,0,20238,0.16,0
4275,21,45059,127218,0.36,0,77905,0.16,1
4276,47,28986,48513,0.34,1,41315,0.16,0
4277,28,41965,110397,0.42,1,81246,0.16,0
4278,62,62528,33233,0.16,0,23629,0.16,0
4279,37,82392,102620,0.3,0,80998,0.16,0
4280,29,40561,121282,0.19,0,90952,0.16,0
4281,26,98145,154047,0.52,0,105716,0.16,0
4282,63,67849,184632,0.42,1,118985,0.16,1
4283,45,69412,91623,0.17,0,57759,0.16,0
4284,59,30961,56142,0.23,0,37668,0.16,0
4285,48,121040,319006,0.23,1,274674,0.16,0
4286,53,64646,130232,0.41,1,82430,0.16,1
4287,57,41509,96009,0.28,0,81086,0.16,0
4288,29,38003,40742,0.44,1,35056,0.16,0
4289,38,41972,37343,0.41,0,31648,0.16,0
4290,41,29461,31693,0.17,0,27226,0.16,0
4291,22,80350,139216,0.27,0,92510,0.16,1
4292,63,31009,77597,0.06,0,69730,0.16,0
4293,58,56665,78480,0.35,1,59868,0.16,0
4294,60,39145,74846,0.31,0,63109,0.16,0
4295,56,68555,172212,0.09,0,128395,0.16,0
4296,63,73376,80489,0.15,0,52903,0.16,0
4297,57,35526,96184,0.11,0,82126,0.16,0
4298,35,48197,138937,0.47,1,103812,0.16,0
4299,48,23820,14230,0.41,3,12688,0.24,0
4300,38,114722,74314,0.46,0,62676,0.16,0
4301,54,83616,60822,0.19,1,50187,0.16,0
4302,42,24397,59575,0.5,1,48597,0.16,0
4303,31,31778,30930,0.58,1,24210,0.16,1
4304,33,45825,106050,0.09,0,92175,0.16,0
4305,24,49980,80127,0.24,0,63005,0.16,0
4306,42,34786,90117,0.19,0,80996,0.16,0
4307,27,27654,69726,0.15,1,52763,0.16,0
4308,63,59725,173152,0.24,1,108138,0.16,0
4309,44,116978,131903,0.34,0,109114,0.16,0
4310,24,50379,54061,0.17,0,33149,0.16,0
4311,48,42367,24520,0.34,0,17549,0.16,0
4312,35,40198,61343,0.31,0,45076,0.16,0
4313,21,28328,46674,0.3,0,40436,0.16,0
4314,23,35031,101985,0.65,1,78357,0.16,0
4315,34,86513,222940,0.51,0,196908,0.16,0
4316,58,17406,15960,0.39,0,10725,0.16,0
4317,21,50769,126730,0.16,0,86704,0.16,0
4318,58,49710,47013,0.35,0,33358,0.16,0
4319,58,52010,36116,0.36,1,29577,0.16,0
4320,41,70524,182848,0.75,2,147019,0.24,1
4321,49,50543,148591,0.14,0,98329,0.16,0
4322,25,39066,28139,0.27,0,20291,0.16,0
4323,30,35301,89481,0.09,0,63132,0.16,0
4324,48,93823,248446,0.53,0,205658,0.16,0
4325,41,82497,65740,0.6,1,46701,0.16,1
4326,27,206657,249669,0.15,1,206419,0.16,0
4327,23,42595,99423,0.51,1,76009,0.16,1
4328,40,35628,89758,0.43,1,79236,0.16,0
4329,39,61487,85155,0.22,0,76068,0.16,0
4330,55,60749,54663,0.48,0,43121,0.16,0
4331,24,67384,142912,0.6,0,125175,0.16,0
4332,25,74874,168834,0.16,0,137852,0.16,0
4333,21,67059,117958,0.24,0,94763,0.16,1
4334,24,83911,72360,0.22,0,53521,0.16,1
4335,32,89679,234171,0.32,1,179859,0.16,1
4336,47,90483,191205,0.24,0,137061,0.16,0
4337,62,15824,42296,0.41,0,27597,0.16,0
4338,43,55060,155953,0.41,1,136835,0.16,0
4339,45,30896,77680,0.16,0,51545,0.16,0
4340,41,83093,240690,0.13,0,183544,0.16,0
4341,44,15659,45186,0.08,0,37103,0.16,0
4342,45,102192,209326,0.19,1,177311,0.16,0
4343,52,31813,73820,0.4,2,52167,0.24,0
4344,52,28369,63788,0.55,0,50862,0.16,0
4345,25,58578,120251,0.13,1,88138,0.16,0
4346,56,40674,22305,0.07,0,18881,0.16,0
4347,62,119335,165847,0.18,0,132204,0.16,0
4348,62,96907,72699,0.53,1,44638,0.16,1
4349,59,37971,47488,0.28,2,37182,0.24,0
4350,36,82556,55429,0.06,0,44937,0.16,0
4351,53,37322,104504,0.34,0,91188,0.16,0
4352,41,37162,60511,0.36,1,37226,0.16,0
4353,29,70058,68195,0.2,2,53131,0.24,1
4354,26,101510,199157,0.29,1,149411,0.16,0
4355,55,39319,38970,0.29,0,30877,0.16,0
4356,59,40844,102563,0.28,0,85085,0.16,0
4357,42,56988,72078,0.15,0,46151,0.16,0
4358,61,31351,40356,0.24,1,30774,0.16,0
4359,25,107227,286819,0.15,0,216887,0.16,0
4360,62,31201,59219,0.23,0,44682,0.16,0
4361,43,35717,97087,0.02,0,70291,0.16,0
4362,37,118612,181739,0.12,0,155363,0.16,0
4363,32,54572,74208,0.29,0,45934,0.16,0
4364,43,129546,228714,0.24,0,163633,0.16,0
4365,36,43930,28718,0.36,0,22329,0.16,0
4366,23,172777,152994,0.43,1,133514,0.16,0
4367,50,66690,69944,0.09,1,55188,0.16,0
4368,42,33650,85527,0.0,0,54681,0.16,0
4369,29,33392,77953,0.44,1,62696,0.16,1
4370,49,23656,23260,0.43,2,16325,0.24,0
4371,57,24986,29780,0.3,2,23112,0.24,1
4372,43,35250,100838,0.32,1,77778,0.16,0
4373,33,29857,21333,0.17,0,13902,0.16,0
4374,52,13507,25239,0.49,1,21343,0.16,0
4375,43,74664,134769,0.06,0,102696,0.16,0
4376,37,72234,167168,0.11,0,119678,0.16,0
4377,60,57193,65977,0.42,0,43661,0.16,0
4378,41,27792,78844,0.19,0,68973,0.16,0
4379,22,111680,170474,0.23,1,114663,0.16,1
4380,57,44842,54451,0.33,0,47942,0.16,0
4381,26,32318,43376,0.27,0,33071,0.16,0
4382,64,55066,75539,0.44,0,56718,0.16,0
4383,38,53509,53365,0.23,0,39571,0.16,0
4384,50,14025,39552,0.6,0,34192,0.16,0
4385,42,48268,45236,0.17,1,38188,0.16,0
4386,53,52066,140946,0.08,0,113162,0.16,0
4387,50,40563,61344,0.06,0,46446,0.16,0
4388,37,25318,29702,0.3,0,23673,0.16,0
4389,63,25693,25597,0.35,2,17225,0.24,0
4390,52,63388,111617,0.34,1,83607,0.16,0
4391,62,71739,155899,0.07,0,100122,0.16,0
4392,34,39182,107576,0.05,0,68685,0.16,0
4393,30,59347,126475,0.1,0,102773,0.16,0
4394,56,38989,66638,0.65,0,58833,0.16,0
4395,54,31996,18675,0.37,1,15701,0.16,0
4396,29,54570,152172,0.55,1,134168,0.16,0
4397,62,27596,76052,0.17,0,50693,0.16,0
4398,48,126360,182816,0.1,0,124040,0.16,0
4399,31,23890,13679,0.18,0,9946,0.16,0
4400,34,56495,131826,0.5,1,94248,0.16,1
4401,59,52845,131013,0.44,2,90323,0.24,0
4402,39,50550,93829,0.58,2,64527,0.24,0
4403,35,102918,155116,0.44,2,135558,0.24,0
4404,48,12796,33625,0.48,0,21999,0.16,0
4405,44,60226,59099,0.35,0,50962,0.16,0
4406,28,42757,68363,0.28,0,51475,0.16,1
4407,63,65643,36839,0.45,1,32347,0.16,0
4408,29,50379,45846,0.17,0,27753,0.16,0
4409,53,47216,134663,0.09,0,89765,0.16,0
4410,53,26804,52139,0.37,0,39087,0.16,0
4411,39,35011,88016,0.16,0,56545,0.16,0
4412,23,234627,402678,0.14,0,267583,0.16,0
4413,30,65943,170599,0.2,1,126630,0.16,1
4414,60,82975,153286,0.19,2,127276,0.24,0
4415,62,41111,21021,0.4,0,17564,0.16,0
4416,21,31958,87860,0.18,0,68941,0.16,0
4417,49,72273,62979,0.2,0,54962,0.16,0
4418,54,18923,30776,0.37,3,24276,0.24,1
4419,33,35405,59894,0.41,0,36364,0.16,0
4420,21,41056,25376,0.43,0,19168,0.16,0
4421,54,78628,49746,0.28,0,44287,0.16,0
4422,49,60286,145070,0.55,1,115597,0.16,0
4423,33,38698,48416,0.05,0,39048,0.16,1
4424,49,58952,89846,0.18,0,56983,0.16,0
4425,59,42126,80472,0.03,0,56966,0.16,0
4426,44,83702,119983,0.22,1,102454,0.16,0
4427,46,55164,134467,0.1,0,85130,0.16,0
4428,37,116800,316663,0.58,0,269724,0.16,0
4429,27,42663,27700,0.62,1,21382,0.16,1
4430,33,90463,188932,0.25,0,135683,0.16,0
4431,25,51287,66373,0.72,1,58345,0.16,1
4432,46,34592,67737,0.46,0,41240,0.16,0
4433,23,180013,307780,0.1,0,270241,0.16,0
4434,27,94358,125892,0.54,1,108710,0.16,0
4435,59,55114,40621,0.27,1,36398,0.16,0
4436,21,71897,136503,0.57,0,98967,0.16,0
4437,37,28537,22315,0.22,1,16473,0.16,0
4438,63,29044,25857,0.22,0,20985,0.16,0
4439,45,85566,252885,0.58,1,160095,0.16,0
4440,23,49138,63474,0.08,0,42722,0.16,0
4441,35,45346,88927,0.32,2,65147,0.24,0
4442,49,42447,50112,0.18,0,40856,0.16,0
4443,63,52893,140894,0.18,2,105520,0.24,0
4444,52,43168,52162,0.35,0,34889,0.16,0
4445,46,17746,25149,0.11,1,17290,0.16,0
4446,36,99502,201090,0.57,0,165879,0.16,1
4447,45,46384,124075,0.23,1,104442,0.16,0
4448,48,122487,311182,0.56,0,227427,0.16,0
4449,29,20310,23552,0.16,1,15497,0.16,1
4450,21,20270,52172,0.63,1,40301,0.16,1
4451,49,42714,96234,0.33,0,69291,0.16,0
4452,42,79918,237721,0.57,0,188199,0.16,1
4453,36,26639,75617,0.13,0,64082,0.16,0
4454,61,26127,47886,0.48,2,36317,0.24,0
4455,64,59040,140209,0.16,0,122060,0.16,0
4456,61,41921,80716,0.41,0,57357,0.16,0
4457,27,64346,127886,0.43,0,95177,0.16,0
4458,34,42299,31882,0.23,1,24587,0.16,0
4459,49,59430,30048,0.27,2,24509,0.24,0
4460,39,97058,60221,0.21,1,45684,0.16,0
4461,39,26668,77779,0.38,0,65593,0.16,0
4462,22,88644,72304,0.4,1,58492,0.16,1
4463,61,20908,12774,0.16,0,9005,0.16,0
4464,35,66480,84702,0.41,0,67082,0.16,0
4465,23,99671,196396,0.39,0,136497,0.16,0
4466,31,37720,108299,0.12,0,88260,0.16,0
4467,50,67661,152218,0.2,0,121171,0.16,0
4468,60,38424,45758,0.46,0,29889,0.16,1
4469,38,65689,187058,0.16,0,151547,0.16,0
4470,22,15847,9351,0.43,2,5977,0.24,0
4471,52,53160,156696,0.46,1,98339,0.16,0
4472,28,59736,38625,0.34,1,30623,0.16,0
4473,42,96022,228976,0.18,0,160288,0.16,0
4474,26,77856,47744,0.31,0,30948,0.16,0
4475,32,45223,127931,0.2,0,114655,0.16,0
4476,60,56051,43252,0.19,0,37239,0.16,0
4477,56,23788,14895,0.17,0,9727,0.16,0
4478,35,111528,303708,0.21,0,268199,0.16,0
4479,48,69257,51214,0.24,0,40039,0.16,0
4480,38,19332,48230,0.28,2,36460,0.24,0
4481,22,55436,131249,0.34,0,92799,0.16,0
4482,33,57593,115024,0.18,0,80104,0.16,0
4483,35,33290,48100,0.56,0,30346,0.16,0
4484,40,51453,143499,0.55,0,93909,0.16,0
4485,49,31658,84770,0.6,1,57705,0.16,0
4486,62,24287,38024,0.71,1,31212,0.16,0
4487,49,36073,38934,0.71,0,34572,0.16,0
4488,23,53412,63102,0.14,0,46673,0.16,0
4489,39,77976,81937,0.38,0,58283,0.16,0
4490,23,50762,94068,0.16,0,80684,0.16,0
4491,34,78358,209321,0.15,0,168341,0.16,1
4492,60,67802,165032,0.35,1,111139,0.16,0
4493,24,29211,72699,0.08,0,55356,0.16,0
4494,31,67545,109471,0.28,0,94697,0.16,0
4495,51,68485,89449,0.33,0,71379,0.16,0
4496,63,117113,280297,0.43,1,199537,0.16,0
4497,52,60193,149474,0.38,0,108886,0.16,0
4498,47,26440,59182,0.2,0,51463,0.16,0
4499,50,37158,21561,0.05,0,17516,0.16,0
4500,63,19413,38325,0.47,2,28859,0.24,0
4501,22,63274,86534,0.1,1,69524,0.16,0
4502,29,112081,111014,0.29,0,89435,0.16,0
4503,48,14830,33159,0.07,0,25539,0.16,0
4504,51,114475,134086,0.24,1,105695,0.16,0
4505,54,62857,174874,0.2,0,123447,0.16,0
4506,35,28615,35631,0.46,3,25116,0.24,0
4507,45,55734,105223,0.16,0,73839,0.16,0
4508,56,29080,74718,0.26,1,45697,0.16,0
4509,28,61096,91967,0.43,0,78029,0.16,0
4510,29,50598,130120,0.2,1,84219,0.16,0
4511,57,57795,133462,0.64,0,83848,0.16,0
4512,59,30962,86760,0.32,0,63062,0.16,1
4513,52,33300,43775,0.1,0,32560,0.16,0
4514,37,63001,48042,0.15,1,32618,0.16,0
4515,55,38125,60080,0.44,1,53288,0.16,0
4516,57,52812,130156,0.18,2,84599,0.24,0
4517,39,61481,99973,0.11,0,77191,0.16,0
4518,64,43862,50659,0.27,0,39676,0.16,0
4519,49,87338,49696,0.53,0,39589,0.16,0
4520,27,44677,57300,0.1,0,48026,0.16,0
4521,48,44011,100497,0.12,0,86378,0.16,0
4522,29,35744,31062,0.45,1,21355,0.16,0
4523,48,82453,111492,0.04,1,99875,0.16,0
4524,26,34420,18950,0.28,0,13723,0.16,0
4525,49,91788,211515,0.38,1,176667,0.16,0
4526,37,53186,143693,0.3,0,87980,0.16,0
4527,36,187408,360070,0.21,0,296559,0.16,0
4528,43,35234,19895,0.22,0,16893,0.16,0
4529,51,92743,96829,0.14,1,61244,0.16,0
4530,23,63267,100985,0.36,1,69863,0.16,0
4531,41,37915,74652,0.13,0,54818,0.16,0
4532,46,63693,110869,0.14,0,91930,0.16,0
4533,56,62160,173405,0.1,0,131596,0.16,0
4534,62,41524,118201,0.26,0,93310,0.16,0
4535,57,60726,46630,0.22,0,33135,0.16,0
4536,42,87703,74194,0.21,0,63876,0.16,0
4537,62,63302,88314,0.15,0,62697,0.16,0
4538,32,39751,61736,0.18,0,45826,0.16,0
4539,62,38647,75947,0.59,1,55641,0.16,0
4540,33,46924,114161,0.32,1,95402,0.16,0
4541,31,85496,71766,0.13,1,60735,0.16,0
4542,36,33627,84289,0.09,0,73479,0.16,0
4543,28,59639,120773,0.22,0,80793,0.16,0
4544,60,22443,66256,0.41,0,57861,0.16,0
4545,60,65993,140427,0.18,0,96464,0.16,0
4546,22,71388,163494,0.28,1,141162,0.16,1
4547,50,135105,133486,0.4,0,114415,0.16,0
4548,50,77858,188584,0.19,0,138878,0.16,0
4549,32,40110,28003,0.31,0,23509,0.16,0
4550,30,22758,48732,0.34,0,40105,0.16,0
4551,64,63392,40503,0.08,0,24848,0.16,0
4552,31,41622,32800,0.1,0,19937,0.16,0
4553,35,57933,44589,0.25,1,27928,0.16,0
4554,36,34197,21585,0.22,1,19091,0.16,1
4555,37,44954,58568,0.62,0,47666,0.16,0
4556,46,20952,62560,0.08,0,45314,0.16,0
4557,22,29053,39818,0.13,1,26528,0.16,0
4558,32,27074,65030,0.26,0,57508,0.16,0
4559,46,75841,63008,0.13,0,42423,0.16,0
4560,43,32414,53036,0.25,0,40472,0.16,0
4561,38,97632,93999,0.15,0,63256,0.16,0
4562,52,32574,31930,0.21,1,26119,0.16,0
4563,58,139800,104741,0.67,0,68265,0.16,0
4564,23,18501,29233,0.16,0,22761,0.16,0
4565,58,60606,41747,0.08,0,33184,0.16,0
4566,23,49976,138659,0.61,0,123293,0.16,0
4567,50,26749,43326,0.24,0,33832,0.16,0
4568,21,37217,96630,0.33,0,72038,0.16,0
4569,50,43017,126842,0.08,0,91049,0.16,0
4570,52,55542,121884,0.31,1,76999,0.16,0
4571,48,30693,84521,0.58,0,69019,0.16,0
4572,41,60636,50838,0.12,0,34272,0.16,0
4573,33,52044,134012,0.12,0,92975,0.16,0
4574,47,72373,85258,0.2,0,51457,0.16,0
4575,56,31850,53555,0.53,1,42721,0.16,0
4576,27,39947,84546,0.15,0,69975,0.16,0
4577,42,100816,278137,0.23,0,174755,0.16,0
4578,30,31162,86551,0.11,0,55488,0.16,1
4579,59,24434,17843,0.12,0,15111,0.16,0
4580,35,35757,50467,0.3,0,41404,0.16,0
4581,35,20171,50083,0.33,3,31909,0.24,0
4582,24,113147,255473,0.17,0,185682,0.16,0
4583,52,42557,24082,0.3,1,16701,0.16,0
4584,43,42763,69478,0.18,0,45102,0.16,0
4585,26,71058,182841,0.22,1,133749,0.16,0
4586,44,34105,79949,0.16,0,68403,0.16,0
4587,40,44003,67308,0.1,0,56867,0.16,0
4588,57,33658,78689,0.29,0,61049,0.16,0
4589,40,20383,38279,0.13,0,29394,0.16,0
4590,32,50280,139857,0.27,0,111381,0.16,0
4591,53,81868,161101,0.16,1,143798,0.16,0
4592,48,51003,76598,0.1,0,64877,0.16,0
4593,28,77644,206323,0.42,0,136996,0.16,0
4594,21,28342,17704,0.28,2,13101,0.24,1
4595,57,33623,92506,0.33,0,76219,0.16,0
4596,42,25664,57509,0.22,2,49138,0.24,0
4597,26,58881,167900,0.27,1,104998,0.16,0
4598,41,41822,47102,0.58,0,38066,0.16,0
4599,52,41046,91832,0.5,1,59310,0.16,0
4600,55,68493,172852,0.25,1,109206,0.16,0
4601,35,38696,87269,0.34,1,74445,0.16,0
4602,25,84106,86278,0.11,0,72127,0.16,0
4603,26,55150,65571,0.12,0,54029,0.16,0
4604,45,40819,78244,0.43,3,47514,0.24,0
4605,60,22565,36484,0.41,0,24701,0.16,0
4606,49,68298,159666,0.1,0,116449,0.16,0
4607,27,56470,81694,0.27,1,70584,0.16,0
4608,60,57845,153214,0.11,1,115975,0.16,1
4609,33,58775,92852,0.31,0,69601,0.16,0
4610,58,37626,22579,0.09,0,13578,0.16,0
4611,38,45447,24696,0.31,2,20965,0.24,1
4612,22,38976,82506,0.01,1,63985,0.16,1
4613,28,91585,169558,0.12,0,120624,0.16,0
4614,31,42720,79325,0.32,0,51414,0.16,0
4615,53,35967,89019,0.63,0,64609,0.16,0
4616,58,94786,136425,0.41,1,91625,0.16,0
4617,47,89768,268282,0.08,0,197202,0.16,0
4618,40,55170,157997,0.24,0,109325,0.16,0
4619,32,45938,24457,0.16,0,14996,0.16,1
4620,63,40547,111072,0.27,1,99713,0.16,0
4621,51,47954,105564,0.26,0,77520,0.16,0
4622,47,31654,55559,0.3,0,46895,0.16,0
4623,52,62422,122151,0.28,0,77546,0.16,0
4624,30,111999,291717,0.11,0,228305,0.16,0
4625,23,64945,186885,0.16,0,141561,0.16,0
4626,47,28236,53671,0.24,0,47556,0.16,0
4627,55,61546,58667,0.25,0,49343,0.16,0
4628,51,54028,113425,0.2,0,82117,0.16,0
4629,35,61276,42313,0.1,0,35470,0.16,0
4630,36,32539,67936,0.16,0,49077,0.16,0
4631,33,49103,123814,0.15,0,102548,0.16,0
4632,55,76232,105453,0.3,0,72492,0.16,0
4633,31,28710,19464,0.18,0,13856,0.16,0
4634,41,39161,87351,0.14,0,68282,0.16,0
4635,31,42449,57234,0.43,0,43627,0.16,0
4636,50,80755,90667,0.22,3,65157,0.24,0
4637,55,87007,193412,0.12,0,170451,0.16,0
4638,42,18815,55014,0.18,0,41327,0.16,1
4639,58,80721,190768,0.2,0,155738,0.16,0
4640,51,88386,152764,0.5,1,110767,0.16,0
4641,34,85591,171291,0.38,0,139942,0.16,0
4642,44,37616,32187,0.21,1,26963,0.16,0
4643,52,43699,110691,0.56,2,84582,0.24,0
4644,56,22388,45016,0.39,2,27451,0.24,0
4645,52,17197,50121,0.54,1,37653,0.16,0
4646,35,40914,120643,0.3,0,104919,0.16,0
4647,63,50931,70614,0.27,0,44144,0.16,0
4648,55,53550,159116,0.19,0,123356,0.16,0
4649,23,73907,213745,0.32,0,130440,0.16,0
4650,36,226515,475586,0.36,1,354868,0.16,0
4651,25,40215,53633,0.17,0,43312,0.16,0
4652,41,28917,68919,0.22,0,49218,0.16,0
4653,30,64412,75883,0.32,1,48123,0.16,0
4654,39,54782,113651,0.28,1,100492,0.16,0
4655,45,36781,20650,0.25,2,18170,0.24,1
4656,24,77298,160119,0.27,2,134270,0.24,0
4657,49,32664,94040,0.52,2,62283,0.24,0
4658,39,45968,50006,0.05,1,41598,0.16,0
4659,63,47313,115701,0.11,0,81045,0.16,0
4660,22,30520,37648,0.34,0,29467,0.16,0
4661,30,20850,47321,0.1,0,34742,0.16,0
4662,63,54692,123053,0.32,0,83076,0.16,0
4663,45,97183,93474,0.47,0,74397,0.16,0
4664,40,79256,157942,0.3,0,128836,0.16,0
4665,39,81952,217002,0.28,0,164595,0.16,0
4666,43,32876,47878,0.19,2,31054,0.24,1
4667,44,54558,124157,0.28,1,92914,0.16,1
4668,31,24050,52575,0.12,0,43674,0.16,0
4669,54,53340,61009,0.49,0,52098,0.16,0
4670,48,98163,274523,0.45,0,166933,0.16,1
4671,25,99699,190303,0.18,0,124835,0.16,0
4672,25,135296,187822,0.1,0,165099,0.16,0
4673,41,80385,73222,0.08,0,61104,0.16,0
4674,32,62185,104697,0.26,0,85385,0.16,0
4675,24,75914,176521,0.22,0,113217,0.16,0
4676,62,68891,141853,0.12,0,85297,0.16,0
4677,40,32740,75879,0.51,1,58930,0.16,0
4678,58,22978,56971,0.13,1,48984,0.16,0
4679,45,76220,122143,0.31,0,75896,0.16,0
4680,34,139619,251372,0.28,0,156055,0.16,0
4681,31,77806,230776,0.42,1,207598,0.16,0
4682,52,19065,55672,0.55,0,37351,0.16,1
4683,31,37810,58115,0.45,1,46467,0.16,0
4684,38,44429,98319,0.41,1,75444,0.16,0
4685,47,19379,22653,0.4,0,16408,0.16,0
4686,38,24625,21712,0.49,1,18257,0.16,0
4687,43,48120,116498,0.46,0,78211,0.16,0
4688,31,55871,88860,0.31,0,60776,0.16,0
4689,41,29941,28223,0.43,2,19189,0.24,0
4690,64,24065,57686,0.39,0,44080,0.16,0
4691,25,89023,248189,0.21,2,197760,0.24,0
4692,43,40486,114704,0.27,0,72010,0.16,0
4693,61,43490,86581,0.08,0,55758,0.16,0
4694,45,37296,63369,0.12,0,40268,0.16,0
4695,61,33336,28491,0.22,1,22662,0.16,0
4696,30,94032,233385,0.32,1,183820,0.16,0
4697,42,31574,90406,0.18,0,76758,0.16,0
4698,39,53628,146063,0.48,0,100192,0.16,0
4699,21,49234,117150,0.12,0,96037,0.16,0
4700,27,18507,9464,0.25,1,6488,0.16,0
4701,24,55296,84015,0.24,0,69354,0.16,0
4702,21,22652,34584,0.07,0,27058,0.16,0
4703,35,67354,184275,0.57,1,133449,0.16,0
4704,60,27086,17988,0.13,1,14219,0.16,0
4705,32,63640,116337,0.18,0,99304,0.16,0
4706,42,39547,33232,0.18,1,22151,0.16,0
4707,42,34990,75429,0.2,0,59174,0.16,0
4708,37,54463,135103,0.29,0,121322,0.16,0
4709,49,23483,49429,0.67,0,41481,0.16,0
4710,34,47353,117741,0.22,0,81217,0.16,0
4711,40,72484,146326,0.27,0,122235,0.16,0
4712,53,82561,80463,0.19,0,60223,0.16,0
4713,63,38897,56659,0.5,1,47267,0.16,0
4714,35,41842,121014,0.23,0,76156,0.16,0
4715,32,23249,28373,0.16,0,24304,0.16,0
4716,60,33679,22132,0.25,0,19881,0.16,0
4717,40,22470,32852,0.2,0,24065,0.16,0
4718,50,61085,86482,0.28,1,65186,0.16,0
4719,58,74688,125160,0.46,0,82120,0.16,0
4720,23,39061,74245,0.35,1,59772,0.16,1
4721,48,28879,86089,0.16,1,53655,0.16,1
4722,46,57187,136710,0.21,0,105265,0.16,0
4723,50,31761,18730,0.03,1,13589,0.16,0
4724,33,68594,156516,0.19,0,103299,0.16,0
4725,33,129019,330363,0.29,0,279979,0.16,0
4726,22,31501,86283,0.3,0,71212,0.16,0
4727,57,33831,52776,0.21,0,36410,0.16,0
4728,58,23628,30339,0.69,1,21719,0.16,0
4729,22,52736,137024,0.29,1,92597,0.16,1
4730,56,50973,124579,0.25,1,82588,0.16,0
4731,46,42818,78789,0.49,1,52506,0.16,0
4732,31,49418,39272,0.33,1,25139,0.16,0
4733,28,29090,61944,0.05,0,43465,0.16,0
4734,64,21341,14174,0.23,0,11454,0.16,1
4735,60,33539,25185,0.09,0,17098,0.16,0
4736,63,18811,24978,0.33,0,20254,0.16,0
4737,42,31499,44978,0.24,0,37313,0.16,0
4738,40,57231,94713,0.34,0,66437,0.16,0
4739,28,50505,68073,0.42,2,42021,0.24,1
4740,49,20193,11802,0.22,0,9622,0.16,0
4741,60,82840,74020,0.13,0,47496,0.16,0
4742,46,44476,35037,0.21,0,23901,0.16,0
4743,50,25599,40394,0.07,0,31405,0.16,0
4744,37,40856,42094,0.37,0,36868,0.16,0
4745,40,36625,45190,0.42,1,37352,0.16,0
4746,36,31765,53330,0.26,0,36305,0.16,0
4747,63,73592,80134,0.02,0,67619,0.16,0
4748,27,28193,31430,0.17,0,22721,0.16,0
4749,36,53762,138859,0.36,0,89320,0.16,0
4750,47,25067,46880,0.65,1,32479,0.16,1
4751,43,48124,127138,0.59,0,107627,0.16,0
4752,44,55977,99992,0.23,2,71122,0.24,1
4753,29,56031,155382,0.08,0,110940,0.16,0
4754,55,51041,58026,0.33,1,51812,0.16,0
4755,40,43498,88808,0.21,0,67039,0.16,0
4756,57,28794,50622,0.21,1,37917,0.16,0
4757,62,28961,80996,0.44,0,66333,0.16,0
4758,37,56920,88009,0.54,1,78196,0.16,0
4759,51,26089,68798,0.19,0,61697,0.16,0
4760,28,23263,44426,0.12,0,37054,0.16,0
4761,35,100196,227580,0.1,0,196047,0.16,0
4762,51,43051,116979,0.29,0,102028,0.16,0
4763,50,67339,201496,0.21,1,165931,0.16,0
4764,40,75867,176606,0.32,0,135868,0.16,0
4765,59,50290,64688,0.25,0,43666,0.16,0
4766,32,40603,50653,0.39,1,41465,0.16,0
4767,37,40950,52119,0.15,0,39117,0.16,0
4768,62,109536,81579,0.2,0,71394,0.16,0
4769,50,37071,23502,0.2,0,14110,0.16,0
4770,49,53541,104517,0.54,0,91563,0.16,0
4771,39,68779,173768,0.13,1,153782,0.16,1
4772,31,55567,32803,0.38,0,21841,0.16,1
4773,54,84304,161575,0.28,1,139554,0.16,0
4774,27,40404,57753,0.36,1,44876,0.16,0
4775,64,68643,187478,0.4,3,128987,0.24,0
4776,54,19984,17255,0.31,0,13849,0.16,0
4777,40,96130,183471,0.63,1,153978,0.16,0
4778,58,85954,251613,0.3,1,182785,0.16,0
4779,44,42099,57363,0.03,0,45107,0.16,0
4780,30,61048,143733,0.35,0,94928,0.16,0
4781,52,76537,207118,0.18,0,126296,0.16,0
4782,35,29176,28170,0.2,0,24807,0.16,0
4783,57,45603,135957,0.29,0,87865,0.16,0
4784,40,25517,64391,0.45,0,48559,0.16,0
4785,23,86613,73093,0.42,0,45723,0.16,0
4786,57,73967,94471,0.36,0,80936,0.16,0
4787,60,42596,87851,0.35,1,73043,0.16,0
4788,28,40196,109023,0.15,0,71739,0.16,0
4789,60,45502,44914,0.11,0,37913,0.16,0
4790,64,31299,72864,0.07,0,51178,0.16,0
4791,43,44935,52871,0.24,0,45033,0.16,0
4792,60,29176,73335,0.11,0,49516,0.16,0
4793,31,76815,169653,0.36,1,125793,0.16,0
4794,28,86549,156417,0.69,0,106122,0.16,0
4795,49,78636,167075,0.13,0,133822,0.16,0
4796,50,26981,72608,0.17,0,44749,0.16,0
4797,30,44168,64753,0.13,0,50100,0.16,0
4798,59,65667,159119,0.05,0,130673,0.16,0
4799,48,71996,64599,0.09,0,42546,0.16,0
4800,56,19546,44036,0.18,0,29551,0.16,0
4801,33,70986,168708,0.12,0,137952,0.16,0
4802,52,26327,42320,0.44,1,30669,0.16,0
4803,56,45388,112746,0.17,0,88716,0.16,0
4804,57,91926,173993,0.75,0,126666,0.16,0
4805,46,85908,244037,0.03,0,177082,0.16,0
4806,42,95136,74317,0.41,0,51290,0.16,0
4807,24,28763,23788,0.12,1,18447,0.16,0
4808,51,32544,84811,0.25,0,66135,0.16,0
4809,38,36997,96410,0.43,0,79601,0.16,0
4810,58,45559,76450,0.15,0,57375,0.16,0
4811,44,54630,158968,0.26,0,122178,0.16,0
4812,43,92839,204104,0.19,0,174359,0.16,0
4813,42,30813,91118,0.18,1,55774,0.16,1
4814,22,35795,65540,0.08,0,49538,0.16,0
4815,51,99889,100291,0.32,1,63973,0.16,0
4816,31,27459,44235,0.31,0,35637,0.16,0
4817,48,70504,208072,0.18,2,180669,0.24,0
4818,52,46895,66873,0.26,0,48643,0.16,0
4819,25,59518,172158,0.47,0,136132,0.16,0
4820,58,32673,81439,0.02,0,57889,0.16,0
4821,30,69813,112068,0.1,0,92654,0.16,0
4822,60,35344,65551,0.04,0,50919,0.16,0
4823,44,24105,48658,0.17,2,38056,0.24,0
4824,55,62318,134882,0.14,0,87945,0.16,0
4825,64,14023,9700,0.43,1,5839,0.16,1
4826,43,36901,104576,0.42,2,82378,0.24,0
4827,37,56702,112978,0.23,0,71591,0.16,0
4828,21,71602,202481,0.63,0,129597,0.16,1
4829,51,90513,188244,0.12,0,122189,0.16,0
4830,51,119225,188082,0.29,0,135416,0.16,0
4831,62,102321,196182,0.58,1,132112,0.16,1
4832,62,53947,138846,0.1,0,123025,0.16,0
4833,54,86060,113195,0.33,0,90901,0.16,0
4834,29,53533,154771,0.44,0,101879,0.16,0
4835,42,69075,115002,0.2,0,96735,0.16,0
4836,33,36327,105006,0.13,0,71833,0.16,0
4837,45,61761,166871,0.03,0,140162,0.16,0
4838,38,38691,93599,0.13,0,69329,0.16,0
4839,32,44946,74996,0.31,0,55796,0.16,0
4840,60,61859,121699,0.17,0,86982,0.16,0
4841,37,139481,361963,0.56,0,243984,0.16,0
4842,35,59717,111081,0.1,0,89543,0.16,0
4843,62,48734,114304,0.11,0,85843,0.16,0
4844,35,32341,80097,0.37,0,48271,0.16,0
4845,35,76734,136796,0.51,0,95274,0.16,1
4846,59,41451,76295,0.33,0,63315,0.16,0
4847,33,59105,58785,0.18,0,40481,0.16,0
4848,37,69631,77419,0.14,0,62365,0.16,0
4849,52,92231,254775,0.21,0,168376,0.16,0
4850,29,74696,194271,0.33,1,160663,0.16,1
4851,60,26589,13967,0.11,0,10172,0.16,0
4852,40,20772,55533,0.29,1,33452,0.16,1
4853,46,69615,39199,0.11,0,31158,0.16,0
4854,47,51174,84217,0.41,0,65089,0.16,0
4855,41,59619,39860,0.32,1,30732,0.16,0
4856,38,115829,338459,0.36,0,299728,0.16,0
4857,33,36015,105552,0.11,0,75170,0.16,0
4858,36,93498,189537,0.23,1,164926,0.16,0
4859,29,36194,53585,0.61,0,32187,0.16,1
4860,32,107219,190847,0.29,0,169626,0.16,0
4861,64,71343,171633,0.54,1,131392,0.16,0
4862,58,23073,24410,0.38,1,18377,0.16,0
4863,39,39789,63833,0.26,1,55369,0.16,0
4864,27,127750,299340,0.11,1,236733,0.16,0
4865,55,119981,178589,0.23,0,135096,0.16,0
4866,38,66310,38459,0.2,0,27509,0.16,0
4867,36,58519,103490,0.5,0,82559,0.16,0
4868,59,55263,129510,0.3,0,79770,0.16,0
4869,24,60992,179440,0.26,1,121004,0.16,0
4870,45,45688,27075,0.23,0,17064,0.16,0
4871,52,89815,166139,0.36,0,124882,0.16,0
4872,60,65442,106333,0.16,0,66875,0.16,0
4873,33,30252,33462,0.3,0,28222,0.16,1
4874,37,68015,142451,0.38,0,97920,0.16,0
4875,57,53236,48394,0.54,1,38073,0.16,1
4876,26,41930,50721,0.4,1,35511,0.16,0
4877,39,126660,310873,0.33,0,251753,0.16,0
4878,33,51631,85244,0.58,0,60191,0.16,0
4879,46,18427,54989,0.08,0,39250,0.16,0
4880,34,43448,63701,0.35,0,47394,0.16,0
4881,51,80558,133577,0.65,0,93112,0.16,0
4882,24,30846,38577,0.29,2,25119,0.24,1
4883,59,79201,86387,0.33,1,63156,0.16,0
4884,28,29767,83517,0.23,0,66735,0.16,0
4885,45,95639,226862,0.04,1,158314,0.16,0
4886,33,36817,49095,0.26,2,41381,0.24,1
4887,52,41114,92522,0.41,2,78294,0.24,1
4888,58,39617,115462,0.34,0,76504,0.16,0
4889,58,66086,45276,0.19,0,30831,0.16,1
4890,48,123261,143138,0.19,0,85982,0.16,0
4891,50,49385,49456,0.51,2,34906,0.24,1
4892,23,48754,130390,0.22,0,113939,0.16,0
4893,48,36804,34889,0.18,0,29121,0.16,0
4894,23,21727,27597,0.34,2,24509,0.24,1
4895,54,38686,71942,0.08,0,47788,0.16,0
4896,36,26121,53619,0.16,1,41377,0.16,0
4897,42,19078,48085,0.13,0,34112,0.16,0
4898,52,47169,71617,0.39,1,56202,0.16,0
4899,58,37372,68600,0.04,0,56473,0.16,0
4900,28,97566,284273,0.17,0,178660,0.16,0
4901,28,31958,39736,0.1,1,24888,0.16,0
4902,26,68540,76780,0.23,0,48574,0.16,0
4903,34,67874,154515,0.51,0,105725,0.16,0
4904,52,95661,232249,0.56,0,191239,0.16,0
4905,55,44707,68712,0.56,0,54390,0.16,0
4906,30,94799,97874,0.28,0,67542,0.16,0
4907,23,64891,158808,0.44,1,136069,0.16,0
4908,32,86650,188570,0.44,1,154360,0.16,0
4909,51,162279,436622,0.29,2,389401,0.24,0
4910,49,46091,120335,0.13,0,96952,0.16,0
4911,25,53391,54084,0.18,0,44087,0.16,0
4912,45,40908,105577,0.61,1,89425,0.16,0
4913,61,105995,99416,0.37,0,87251,0.16,0
4914,51,180290,479437,0.15,0,327553,0.16,0
4915,41,70762,171654,0.28,0,136255,0.16,0
4916,40,21915,42178,0.19,0,30523,0.16,0
4917,59,31522,66371,0.28,1,44391,0.16,0
4918,42,87535,66543,0.09,0,43761,0.16,0
4919,24,27662,16589,0.63,1,10441,0.16,0
4920,33,36305,48162,0.26,0,41155,0.16,0
4921,62,35674,91094,0.06,0,54968,0.16,0
4922,40,47165,78504,0.43,0,70529,0.16,1
4923,33,55734,58993,0.35,0,52468,0.16,0
4924,37,19058,49291,0.41,2,37423,0.24,0
4925,56,22840,24474,0.07,0,20138,0.16,0
4926,53,23114,58680,0.26,0,43276,0.16,0
4927,21,24538,40057,0.34,1,26672,0.16,0
4928,35,49414,81964,0.32,0,67351,0.16,0
4929,33,54029,63851,0.22,0,46899,0.16,1
4930,37,81356,223764,0.25,0,192401,0.16,0
4931,44,64696,46708,0.43,0,40082,0.16,0
4932,28,36639,31546,0.2,0,27996,0.16,0
4933,47,54993,114919,0.27,0,93030,0.16,0
4934,43,83043,218011,0.33,0,163010,0.16,0
4935,28,43752,32316,0.32,1,24827,0.16,0
4936,28,41973,97980,0.35,0,69335,0.16,0
4937,46,30562,72012,0.3,0,57453,0.16,0
4938,33,32780,64045,0.24,0,40198,0.16,0
4939,59,69063,118568,0.27,0,106414,0.16,0
4940,57,48927,63738,0.32,0,39450,0.16,0
4941,48,130508,179925,0.03,0,140483,0.16,0
4942,45,34949,76401,0.24,0,52502,0.16,0
4943,36,71731,47573,0.55,1,40277,0.16,0
4944,22,59468,116696,0.13,1,92069,0.16,0
4945,38,46878,56105,0.49,0,43886,0.16,0
4946,37,39428,65707,0.37,0,54179,0.16,0
4947,50,66174,125561,0.18,0,79784,0.16,0
4948,59,64301,174522,0.22,0,121034,0.16,0
4949,33,54230,105623,0.3,1,79403,0.16,1
4950,52,60646,64763,0.26,0,45074,0.16,0
4951,49,49923,34878,0.34,1,22079,0.16,1
4952,50,21577,44609,0.05,0,30908,0.16,0
4953,38,51133,95241,0.42,2,70242,0.24,0
4954,33,42861,93415,0.05,0,60190,0.16,0
4955,63,129718,213839,0.23,0,170760,0.16,0
4956,41,67285,172438,0.27,0,107220,0.16,0
4957,50,54217,151831,0.29,0,131710,0.16,0
4958,41,61784,37071,0.61,1,26278,0.16,1
4959,37,29390,69366,0.22,0,49088,0.16,0
4960,60,36138,21245,0.21,0,14084,0.16,0
4961,39,41465,66872,0.33,0,49791,0.16,0
4962,35,59528,98459,0.09,0,83655,0.16,0
4963,29,39443,88373,0.33,1,68579,0.16,1
4964,30,38149,52684,0.17,1,44415,0.16,0
4965,64,28740,73351,0.21,0,65329,0.16,0
4966,51,49640,67369,0.13,0,53058,0.16,0
4967,43,53251,72224,0.32,0,46988,0.16,0
4968,50,60734,64189,0.35,0,44343,0.16,0
4969,53,34613,76483,0.46,1,61065,0.16,0
4970,29,59005,40800,0.43,0,34051,0.16,0
4971,21,29139,41017,0.05,0,32664,0.16,0
4972,64,43935,51282,0.24,1,39676,0.16,0
4973,55,56998,61178,0.58,0,53719,0.16,0
4974,31,43072,28102,0.34,0,21047,0.16,0
4975,54,22450,21910,0.28,0,17527,0.16,0
4976,36,23829,38498,0.19,0,26706,0.16,0
4977,29,54745,96315,0.35,1,69024,0.16,0
4978,52,65501,76882,0.14,0,51536,0.16,0
4979,35,58084,123463,0.46,1,103718,0.16,0
4980,32,66295,88801,0.09,0,58585,0.16,0
4981,53,42605,60418,0.08,0,40462,0.16,0
4982,34,70913,174202,0.1,0,110122,0.16,0
4983,28,57990,109016,0.56,0,89434,0.16,0
4984,28,35606,102649,0.36,0,63927,0.16,1
4985,47,63400,88649,0.51,0,54775,0.16,0
4986,32,56841,146058,0.32,0,115032,0.16,0
4987,21,113124,265371,0.47,1,189117,0.16,0
4988,63,97700,266278,0.37,0,233824,0.16,0
4989,60,46809,135370,0.44,0,116843,0.16,0
4990,62,39781,20653,0.08,0,15469,0.16,0
4991,31,106890,77040,0.01,0,48120,0.16,1
4992,59,64587,141177,0.08,0,108015,0.16,0
4993,63,44932,66297,0.48,2,59554,0.24,0
4994,51,18132,46196,0.15,1,36869,0.16,0
4995,37,33598,17805,0.43,1,14924,0.16,1
4996,53,32450,81691,0.19,0,58904,0.16,0
4997,52,45561,38184,0.24,1,23763,0.16,0
4998,49,66786,81854,0.43,3,72190,0.24,0
4999,41,72086,210685,0.25,1,147247,0.16,0
5000,41,103778,65275,0.37,0,42127,0.16,0
5001,60,78096,107194,0.08,0,69312,0.16,0
5002,43,25585,18199,0.54,2,11662,0.24,0
5003,26,82043,216102,0.54,2,157511,0.24,1
5004,42,116618,263269,0.38,0,225887,0.16,1
5005,58,113766,284510,0.12,0,183273,0.16,0
5006,57,26730,48600,0.23,0,40173,0.16,0
5007,28,44553,62120,0.14,0,38622,0.16,0
5008,61,79259,40080,0.32,0,25496,0.16,0
5009,55,27469,32820,0.2,0,20836,0.16,0
5010,31,20692,36963,0.43,1,27904,0.16,0
5011,44,57352,123932,0.03,0,107064,0.16,0
5012,41,34968,37497,0.31,0,30869,0.16,0
5013,22,21682,18370,0.41,1,15783,0.16,1
5014,60,90649,91014,0.13,1,78202,0.16,0
5015,39,53218,73717,0.19,0,46757,0.16,0
5016,59,37784,32907,0.14,0,25184,0.16,0
5017,48,30277,27008,0.1,0,22596,0.16,0
5018,37,53491,32596,0.16,0,28843,0.16,0
5019,26,63431,167572,0.4,0,134935,0.16,0
5020,39,57697,60547,0.26,1,51886,0.16,1
5021,58,22937,58598,0.25,0,41694,0.16,0
5022,48,62219,99287,0.25,1,80598,0.16,0
5023,22,69371,144367,0.18,0,102662,0.16,0
5024,58,41286,28456,0.3,0,18736,0.16,0
5025,57,82438,161492,0.1,1,100056,0.16,0
5026,24,32017,39220,0.05,0,33939,0.16,0
5027,42,93460,68975,0.26,0,42719,0.16,0
5028,46,52373,145103,0.21,0,130579,0.16,1
5029,63,38250,76846,0.17,0,57881,0.16,0
5030,56,41805,46163,0.16,0,34675,0.16,0
5031,33,80792,125156,0.33,0,77852,0.16,0
5032,52,55194,76843,0.6,2,47825,0.24,0
5033,37,67679,152375,0.27,1,124252,0.16,0
5034,61,83896,169351,0.2,0,124109,0.16,0
5035,56,37684,20705,0.12,1,13526,0.16,0
5036,39,52242,51958,0.27,0,34331,0.16,0
5037,55,43816,74282,0.51,1,49733,0.16,0
5038,60,81513,131538,0.09,0,110901,0.16,0
5039,48,40488,72541,0.14,1,56835,0.16,0
5040,21,50207,114824,0.22,1,71383,0.16,0
5041,62,154486,340645,0.57,2,274965,0.24,0
5042,38,93205,133472,0.03,1,100897,0.16,0
5043,60,29213,78698,0.18,0,60906,0.16,0
5044,53,76955,50584,0.27,1,34936,0.16,0
5045,32,69174,135669,0.24,0,82128,0.16,0
5046,28,28273,81262,0.37,0,61159,0.16,0
5047,44,46396,86885,0.23,0,67643,0.16,0
5048,36,30520,49984,0.04,0,39666,0.16,0
5049,24,14819,12370,0.07,0,9062,0.16,0
5050,58,45570,115085,0.24,0,88409,0.16,0
5051,64,38061,54598,0.28,1,41668,0.16,0
5052,47,28269,63693,0.27,0,45277,0.16,0
5053,29,48786,48486,0.07,0,40843,0.16,0
5054,36,16978,10265,0.14,1,7493,0.16,1
5055,32,50042,63236,0.12,0,42443,0.16,0
5056,51,49399,59453,0.38,0,35831,0.16,0
5057,44,68828,184712,0.2,1,126743,0.16,1
5058,34,21991,58533,0.04,0,36936,0.16,0
5059,45,142873,262134,0.38,0,196692,0.16,0
5060,54,117936,64569,0.14,2,46130,0.24,0
5061,23,33302,35660,0.14,0,24081,0.16,0
5062,44,101708,213335,0.42,2,136273,0.24,0
5063,62,75247,56700,0.17,0,47724,0.16,0
5064,29,39351,88600,0.09,1,79336,0.16,0
5065,46,36191,19177,0.07,0,16462,0.16,0
5066,40,37586,82927,0.21,0,69329,0.16,1
5067,60,201427,525996,0.46,2,399420,0.24,0
5068,30,96766,161893,0.41,0,137716,0.16,1
5069,39,44294,113955,0.38,0,86632,0.16,0
5070,23,46248,113484,0.22,1,79053,0.16,0
5071,44,74886,163142,0.27,1,108954,0.16,0
5072,25,73263,118163,0.63,0,78551,0.16,0
5073,23,30380,35841,0.48,1,26409,0.16,0
5074,47,56883,150862,0.03,0,119408,0.16,0
5075,36,37187,78891,0.34,1,50932,0.16,1
5076,35,52896,131977,0.16,0,79667,0.16,0
5077,55,47857,89967,0.16,0,54595,0.16,0
5078,32,81537,75802,0.34,0,52491,0.16,1
5079,61,42867,126397,0.04,0,103166,0.16,0
5080,64,52008,49763,0.27,0,29914,0.16,1
5081,46,19167,53247,0.3,0,39413,0.16,0
5082,54,57631,58803,0.24,0,40528,0.16,0
5083,43,33214,47641,0.2,0,41646,0.16,0
5084,51,22958,36737,0.16,0,32608,0.16,0
5085,40,86211,241687,0.21,0,173922,0.16,0
5086,32,48007,130602,0.08,0,116651,0.16,0
5087,43,17351,44384,0.68,0,39560,0.16,1
5088,24,33129,47761,0.41,0,36910,0.16,1
5089,43,49143,25123,0.44,2,17978,0.24,0
5090,21,49879,109931,0.52,0,69440,0.16,0
5091,45,38188,58327,0.63,0,44682,0.16,1
5092,22,9112,21801,0.17,0,18540,0.16,0
5093,50,37199,92518,0.17,0,66498,0.16,0
5094,23,83743,133930,0.57,0,100660,0.16,0
5095,41,98834,234261,0.22,0,168551,0.16,0
5096,45,36179,94059,0.15,0,76289,0.16,0
5097,40,125701,354626,0.37,0,271379,0.16,0
5098,42,21839,42720,0.31,1,32219,0.16,0
5099,41,32695,79978,0.27,0,53210,0.16,0
5100,53,76553,132927,0.4,0,103407,0.16,0
5101,58,70758,42748,0.19,0,31993,0.16,0
5102,35,48785,43323,0.21,0,35119,0.16,0
5103,35,28013,22986,0.04,0,18151,0.16,0
5104,45,27975,26000,0.21,0,17892,0.16,0
5105,41,34103,17922,0.21,0,14139,0.16,0
5106,44,28590,75671,0.03,1,62746,0.16,0
5107,25,52331,99448,0.03,0,79093,0.16,0
5108,26,46810,68243,0.21,0,51175,0.16,0
5109,63,27427,41811,0.03,0,33377,0.16,0
5110,64,41050,68076,0.62,4,50509,0.24,1
5111,43,13033,8923,0.19,0,6262,0.16,0
5112,24,58081,68922,0.3,1,54207,0.16,0
5113,47,70148,184423,0.11,0,111706,0.16,0
5114,38,31073,73307,0.23,0,46026,0.16,0
5115,41,33084,63141,0.28,1,41354,0.16,1
5116,48,55767,94902,0.14,1,84814,0.16,0
5117,55,51695,59316,0.41,0,40688,0.16,0
5118,42,72154,121084,0.4,0,90817,0.16,0
5119,60,33245,66311,0.66,0,51121,0.16,0
5120,43,35232,80385,0.37,0,48542,0.16,0
5121,23,43899,40237,0.43,1,25067,0.16,0
5122,60,28765,72855,0.08,0,47121,0.16,0
5123,30,43423,59251,0.23,0,39423,0.16,0
5124,45,29001,50987,0.21,0,31704,0.16,0
5125,28,60402,121997,0.29,0,97005,0.16,0
5126,31,30710,52828,0.35,0,33592,0.16,0
5127,25,55628,107356,0.21,0,93239,0.16,0
5128,57,101550,79088,0.3,1,59391,0.16,0
5129,58,60725,95969,0.38,0,62964,0.16,0
5130,49,53527,64294,0.21,1,43039,0.16,0
5131,25,24789,17725,0.1,0,14074,0.16,0
5132,29,98176,96126,0.09,0,60931,0.16,0
5133,22,85636,171795,0.18,0,105385,0.16,0
5134,21,45334,44958,0.4,0,37757,0.16,0
5135,60,40454,38538,0.14,0,28811,0.16,0
5136,50,32630,61412,0.35,0,52506,0.16,0
5137,31,119932,331222,0.29,0,293175,0.16,0
5138,48,72546,179314,0.26,0,132025,0.16,0
5139,64,33550,92689,0.23,0,64051,0.16,0
5140,32,84934,166254,0.35,1,118218,0.16,0
5141,59,95757,146012,0.26,0,126733,0.16,0
5142,46,48503,112725,0.58,0,101400,0.16,1
5143,33,41267,47597,0.13,0,34002,0.16,0
5144,28,29835,20739,0.3,0,18444,0.16,0
5145,48,69822,95065,0.09,0,71452,0.16,0
5146,50,39595,49418,0.54,0,30194,0.16,1
5147,29,38784,84892,0.46,0,56094,0.16,1
5148,59,48739,91551,0.2,0,65566,0.16,1
5149,51,32565,27538,0.12,0,19448,0.16,0
5150,41,105262,291708,0.59,1,246180,0.16,0
5151,54,79535,157745,0.09,0,131910,0.16,0
5152,51,50933,83744,0.12,0,53418,0.16,0
5153,45,32028,91055,0.65,1,56186,0.16,1
5154,32,32904,24456,0.23,0,19881,0.16,0
5155,21,32187,79630,0.26,2,57945,0.24,1
5156,42,26493,37399,0.22,0,24365,0.16,0
5157,60,57603,128942,0.42,0,80707,0.16,0
5158,57,35553,100501,0.45,2,66756,0.24,0
5159,21,34552,61996,0.18,0,55020,0.16,0
5160,21,32631,18162,0.25,0,11371,0.16,0
5161,62,80966,46322,0.49,0,35446,0.16,0
5162,62,33547,44496,0.09,0,27047,0.16,0
5163,41,92459,226907,0.4,0,197639,0.16,0
5164,35,42453,51820,0.38,0,39051,0.16,0
5165,37,26303,35145,0.04,0,30970,0.16,0
5166,42,61984,152552,0.32,2,106389,0.24,1
5167,58,76392,60385,0.5,0,43571,0.16,0
5168,55,31919,83533,0.63,0,68903,0.16,0
5169,36,50595,58916,0.28,0,51998,0.16,0
5170,28,57482,36102,0.16,0,23177,0.16,0
5171,37,51421,40795,0.46,1,29345,0.16,0
5172,37,38984,112327,0.07,0,100103,0.16,0
5173,46,76176,124038,0.07,0,86548,0.16,0
5174,33,43236,49336,0.48,1,43469,0.16,0
5175,37,36212,65296,0.51,1,51325,0.16,1
5176,58,20281,44737,0.33,0,33294,0.16,0
5177,37,20376,26427,0.39,2,18488,0.24,0
5178,34,54608,126318,0.3,0,95083,0.16,0
5179,26,47168,53329,0.08,0,42457,0.16,0
5180,55,76398,59654,0.29,0,48510,0.16,0
5181,34,86261,161676,0.16,0,100706,0.16,1
5182,28,43366,38066,0.13,0,30152,0.16,0
5183,35,78772,224595,0.3,0,194887,0.16,0
5184,47,37014,18548,0.05,0,13504,0.16,0
5185,33,45481,108665,0.27,0,73365,0.16,0
5186,51,44835,53742,0.44,0,43519,0.16,0
5187,55,107961,282341,0.18,0,179041,0.16,1
5188,26,25867,16823,0.23,0,14801,0.16,0
5189,25,50491,145540,0.15,2,109724,0.24,1
5190,42,34612,26079,0.41,0,20824,0.16,0
5191,43,42213,104253,0.22,0,73576,0.16,0
5192,45,41320,74101,0.42,1,54022,0.16,0
5193,54,50819,80090,0.41,0,61916,0.16,0
5194,46,96130,115393,0.42,1,103410,0.16,1
5195,25,126880,330322,0.31,0,267795,0.16,0
5196,46,68069,68026,0.1,0,59893,0.16,0
5197,40,30044,69194,0.16,0,61347,0.16,0
5198,26,44922,72525,0.41,0,60506,0.16,0
5199,26,55843,167318,0.18,0,102457,0.16,1
5200,38,39996,81131,0.55,2,55258,0.24,1
5201,24,42679,32456,0.46,0,27329,0.16,0
5202,37,47307,73269,0.36,1,44261,0.16,0
5203,34,72121,48014,0.42,0,35801,0.16,0
5204,34,63901,77584,0.25,1,64385,0.16,0
5205,33,36131,49076,0.26,2,43151,0.24,0
5206,27,65934,173600,0.2,1,127129,0.16,0
5207,64,116096,301265,0.2,0,255704,0.16,0
5208,35,23006,12167,0.3,0,8966,0.16,0
5209,39,39392,72114,0.49,1,46352,0.16,0
5210,63,37923,40155,0.3,0,29597,0.16,0
5211,64,51019,66336,0.29,1,48594,0.16,0
5212,55,19693,10912,0.37,1,8264,0.16,0
5213,37,96813,229869,0.42,1,202088,0.16,1
5214,55,50181,144344,0.46,0,113375,0.16,0
5215,39,56900,59640,0.38,1,37394,0.16,1
5216,40,53699,72731,0.15,0,53036,0.16,0
5217,56,37863,38472,0.14,0,28343,0.16,0
5218,55,69517,196393,0.4,0,166503,0.16,0
5219,52,49149,25724,0.3,1,19424,0.16,0
5220,64,17286,33874,0.34,0,24717,0.16,1
5221,60,46440,124315,0.33,1,79602,0.16,0
5222,44,42668,41207,0.11,1,34364,0.16,0
5223,37,69450,137162,0.31,2,114043,0.24,0
5224,27,189227,118573,0.17,0,78270,0.16,0
5225,63,59209,150181,0.1,0,119877,0.16,0
5226,21,141477,167802,0.29,0,104901,0.16,0
5227,55,34783,103371,0.55,1,79944,0.16,1
5228,52,35915,100742,0.54,2,76853,0.24,0
5229,56,43337,101031,0.03,0,64406,0.16,0
5230,33,60633,105629,0.33,1,84375,0.16,1
5231,26,35585,85990,0.26,0,53835,0.16,0
5232,34,21896,18097,0.24,1,15272,0.16,0
5233,57,49589,63250,0.23,0,40833,0.16,0
5234,35,27681,15701,0.19,0,11429,0.16,0
5235,24,85640,180919,0.19,2,154733,0.24,1
5236,60,67638,170031,0.3,1,105320,0.16,1
5237,36,33531,96090,0.22,0,80746,0.16,0
5238,48,61567,136448,0.23,1,112460,0.16,0
5239,36,37269,86845,0.16,0,59708,0.16,0
5240,24,47758,130791,0.21,1,113618,0.16,1
5241,46,48009,136390,0.35,0,119269,0.16,0
5242,48,41447,71630,0.54,1,58698,0.16,0
5243,52,74260,57512,0.35,3,48775,0.24,1
5244,22,28012,46669,0.09,0,30031,0.16,1
5245,51,64118,121194,0.52,2,88795,0.24,0
5246,23,57083,118667,0.49,1,105728,0.16,0
5247,28,24287,72210,0.25,3,45399,0.24,1
5248,44,32951,92062,0.13,0,66728,0.16,0
5249,35,28369,42295,0.03,0,37583,0.16,0
5250,63,40814,31983,0.29,0,24812,0.16,0
5251,51,50222,52079,0.19,0,31698,0.16,0
5252,29,30816,28797,0.37,1,24640,0.16,0
5253,59,79583,110622,0.36,2,77088,0.24,0
5254,22,83190,223882,0.19,1,136743,0.16,0
5255,28,90872,144933,0.1,0,123088,0.16,0
5256,27,12594,24157,0.52,0,19897,0.16,0
5257,64,129843,123080,0.27,0,93455,0.16,0
5258,59,53264,92259,0.11,0,65405,0.16,0
5259,62,50193,134721,0.26,1,111488,0.16,0
5260,36,46586,113374,0.24,0,88364,0.16,0
5261,55,25320,17799,0.17,0,11936,0.16,0
5262,50,58681,155808,0.45,2,134602,0.24,0
5263,30,109751,130007,0.27,1,98832,0.16,0
5264,58,52945,114588,0.34,0,98249,0.16,0
5265,38,28069,24306,0.55,0,15186,0.16,0
5266,25,22864,49994,0.08,0,33435,0.16,0
5267,49,42318,24936,0.38,0,17309,0.16,0
5268,59,33792,67638,0.38,1,57738,0.16,0
5269,54,69653,147305,0.07,0,126917,0.16,0
5270,63,97266,108086,0.16,0,89856,0.16,0
5271,43,61996,176219,0.1,0,136527,0.16,0
5272,25,46978,28888,0.14,0,21279,0.16,0
5273,50,45877,125210,0.45,0,78682,0.16,0
5274,26,50794,73892,0.41,0,58866,0.16,1
5275,64,27447,62710,0.18,0,53341,0.16,0
5276,24,66246,141029,0.31,0,120964,0.16,0
5277,49,28555,26288,0.27,1,17673,0.16,1
5278,43,85655,111137,0.18,0,86251,0.16,0
5279,26,40879,74570,0.2,0,65849,0.16,0
5280,52,74265,194297,0.16,0,166337,0.16,0
5281,62,23467,67752,0.49,3,43848,0.24,0
5282,38,74004,40810,0.6,3,29287,0.24,1
5283,35,96883,133833,0.25,1,84233,0.16,0
5284,60,25827,56053,0.11,0,47641,0.16,0
5285,52,46316,84263,0.12,0,65896,0.16,0
5286,29,57956,165612,0.13,1,134168,0.16,0
5287,57,59393,32216,0.47,0,20920,0.16,0
5288,30,41366,65951,0.44,0,53931,0.16,0
5289,40,37876,82267,0.22,1,54922,0.16,0
5290,26,55638,58083,0.2,0,51803,0.16,0
5291,23,58470,135339,0.12,0,116733,0.16,0
5292,62,35821,25184,0.15,0,15231,0.16,0
5293,31,32450,52815,0.33,1,42360,0.16,0
5294,63,89831,196782,0.06,0,137964,0.16,0
5295,37,51732,60365,0.34,0,48617,0.16,0
5296,52,15742,10777,0.47,1,7037,0.16,0
5297,24,90107,260639,0.27,3,177733,0.24,0
5298,24,36367,101266,0.11,0,62166,0.16,0
5299,37,50684,142722,0.09,0,101414,0.16,0
5300,61,59126,174200,0.4,0,136047,0.16,0
5301,39,23345,22451,0.04,0,19314,0.16,0
5302,25,42429,37950,0.17,0,25171,0.16,0
5303,52,94730,55467,0.47,1,47895,0.16,0
5304,42,84514,230685,0.64,1,193993,0.16,1
5305,26,42396,100983,0.42,0,80222,0.16,0
5306,55,70116,146062,0.29,0,125363,0.16,0
5307,42,74889,211126,0.47,0,147324,0.16,0
5308,21,73002,141455,0.29,1,124839,0.16,0
5309,40,27639,22783,0.25,2,14895,0.24,0
5310,42,111365,104923,0.43,0,81163,0.16,0
5311,31,38873,32282,0.18,0,23891,0.16,0
5312,33,51775,65709,0.24,1,54217,0.16,1
5313,62,41124,59578,0.57,1,41980,0.16,0
5314,23,54988,137035,0.19,0,120007,0.16,0
5315,29,31820,31124,0.28,1,19572,0.16,0
5316,32,43802,101332,0.25,0,79443,0.16,0
5317,43,53711,92816,0.17,0,57752,0.16,0
5318,34,90429,271210,0.51,0,241792,0.16,0
5319,53,85132,207846,0.06,0,137321,0.16,0
5320,38,87314,255164,0.41,1,212254,0.16,0
5321,61,75684,102618,0.18,1,84013,0.16,0
5322,29,123418,99675,0.46,0,88990,0.16,1
5323,43,42401,74826,0.31,0,65859,0.16,0
5324,30,45302,36721,0.21,0,31631,0.16,0
5325,39,44379,76825,0.49,0,60922,0.16,0
5326,25,47545,55858,0.07,0,42254,0.16,0
5327,43,23906,41300,0.09,0,27287,0.16,1
5328,50,55959,160831,0.08,0,127073,0.16,0
5329,45,62819,76801,0.18,0,62591,0.16,0
5330,48,43100,128592,0.22,0,113541,0.16,0
5331,54,20360,21852,0.05,1,14961,0.16,0
5332,45,49548,50552,0.57,0,35761,0.16,0
5333,30,25658,47774,0.42,1,35102,0.16,1
5334,34,60697,158122,0.06,0,127673,0.16,0
5335,62,52034,123516,0.56,1,105306,0.16,0
5336,50,54648,126173,0.08,1,85462,0.16,0
5337,61,28838,34795,0.04,0,26515,0.16,0
5338,45,92114,51242,0.31,0,34616,0.16,0
5339,34,53375,48270,0.24,0,35687,0.16,0
5340,55,31035,42632,0.35,0,37529,0.16,0
5341,54,65501,191866,0.08,0,165918,0.16,0
5342,30,51475,144101,0.49,1,106397,0.16,0
5343,55,122817,123014,0.49,0,87340,0.16,0
5344,31,37181,86038,0.35,1,65686,0.16,0
5345,31,26271,51163,0.05,1,41953,0.16,0
5346,41,56651,35384,0.41,1,22472,0.16,0
5347,41,81317,116223,0.31,0,77638,0.16,0
5348,42,156605,268606,0.29,1,170853,0.16,0
5349,27,270846,587447,0.55,0,355750,0.16,0
5350,37,22560,27912,0.53,0,23311,0.16,1
5351,22,45815,129864,0.35,0,92521,0.16,0
5352,32,26314,42883,0.23,0,35561,0.16,1
5353,62,43317,48572,0.4,1,36374,0.16,0
5354,38,169163,218401,0.62,0,175959,0.16,0
5355,31,32537,77428,0.2,1,58022,0.16,0
5356,36,48485,101853,0.63,1,75994,0.16,1
5357,38,36664,86360,0.46,1,74786,0.16,0
5358,55,29683,36535,0.17,1,28914,0.16,0
5359,46,120137,158235,0.24,0,100171,0.16,0
5360,36,22705,33871,0.8,1,26097,0.16,0
5361,26,47039,45697,0.32,0,29339,0.16,0
5362,64,51224,114107,0.44,0,88371,0.16,1
5363,63,48217,63809,0.49,0,50933,0.16,0
5364,62,41862,55073,0.19,1,36240,0.16,0
5365,32,109883,128938,0.36,0,83568,0.16,0
5366,33,17052,27830,0.08,0,18228,0.16,1
5367,24,60975,148165,0.03,0,125492,0.16,0
5368,59,62348,161420,0.43,0,104508,0.16,0
5369,22,56584,142097,0.2,0,118528,0.16,0
5370,46,32356,66426,0.1,0,40254,0.16,0
5371,47,89546,107550,0.08,0,91134,0.16,0
5372,47,87333,204109,0.11,1,137360,0.16,0
5373,35,31791,19023,0.33,1,12488,0.16,0
5374,28,26931,67203,0.08,0,53039,0.16,0
5375,27,24451,59918,0.36,0,51632,0.16,1
5376,60,54868,119338,0.28,0,97250,0.16,0
5377,32,50180,37374,0.4,0,28709,0.16,0
5378,33,40922,122494,0.26,2,82302,0.24,1
5379,63,138781,331828,0.27,0,239780,0.16,1
5380,37,38927,90973,0.28,1,77991,0.16,0
5381,37,53838,35534,0.15,2,29829,0.24,0
5382,56,44482,66579,0.56,1,44378,0.16,0
5383,41,130817,93590,0.17,0,80777,0.16,0
5384,28,18127,25424,0.22,1,17083,0.16,0
5385,25,41984,80870,0.22,1,72367,0.16,0
5386,46,66644,179750,0.43,0,147945,0.16,0
5387,36,43862,52956,0.38,0,43030,0.16,1
5388,56,25535,52564,0.29,1,40741,0.16,0
5389,48,53546,48814,0.21,0,41820,0.16,0
5390,49,21792,30179,0.41,0,26106,0.16,0
5391,32,68536,196567,0.11,0,132951,0.16,0
5392,57,39869,94453,0.47,1,79113,0.16,1
5393,50,36653,68340,0.12,0,44394,0.16,0
5394,43,82708,93397,0.29,0,67098,0.16,0
5395,36,29684,43019,0.36,1,37618,0.16,0
5396,34,22669,20214,0.27,1,13976,0.16,0
5397,30,31093,43022,0.46,1,31385,0.16,0
5398,27,136420,119583,0.24,1,86849,0.16,1
5399,57,29677,73844,0.41,1,56947,0.16,0
5400,49,58850,41306,0.08,0,35120,0.16,0
5401,23,74732,72752,0.09,0,55591,0.16,0
5402,35,30641,68265,0.3,1,60194,0.16,0
5403,56,30661,84510,0.21,0,72883,0.16,0
5404,39,53641,156174,0.12,0,122445,0.16,0
5405,33,54866,142106,0.24,1,103678,0.16,0
5406,62,96163,98920,0.27,0,68989,0.16,0
5407,41,33369,40519,0.25,0,31754,0.16,0
5408,57,40593,108662,0.26,0,91552,0.16,0
5409,47,202642,551861,0.35,2,414817,0.24,0
5410,49,20003,42038,0.23,0,36335,0.16,1
5411,40,18054,23183,0.33,1,15909,0.16,0
5412,45,24550,26026,0.34,0,22328,0.16,0
5413,26,85033,223696,0.16,0,178766,0.16,0
5414,56,39373,39890,0.23,0,27423,0.16,1
5415,22,39366,84814,0.24,0,61429,0.16,0
5416,42,30254,88338,0.04,0,54019,0.16,0
5417,52,77591,175606,0.44,0,153571,0.16,0
5418,36,24741,28308,0.36,0,23510,0.16,0
5419,38,36652,44212,0.2,0,34614,0.16,1
5420,25,30858,22595,0.13,0,20140,0.16,0
5421,56,12885,28547,0.08,0,25023,0.16,0
5422,50,38595,69320,0.1,0,60654,0.16,0
5423,39,47591,48360,0.13,1,33424,0.16,0
5424,43,33264,35564,0.08,0,23757,0.16,0
5425,54,42867,22400,0.24,2,18437,0.24,1
5426,33,43420,127917,0.25,0,89279,0.16,0
5427,63,45866,117877,0.14,0,80344,0.16,0
5428,49,28939,42986,0.44,0,29048,0.16,0
5429,56,28120,80570,0.4,0,50014,0.16,0
5430,42,50185,110045,0.21,0,89948,0.16,0
5431,56,23434,55741,0.25,2,33583,0.24,0
5432,29,44043,96889,0.36,0,74546,0.16,0
5433,59,111051,265647,0.53,0,180640,0.16,0
5434,39,48078,44585,0.36,1,35683,0.16,0
5435,58,19667,37485,0.21,0,33119,0.16,0
5436,26,53632,140700,0.33,0,113591,0.16,0
5437,35,73809,40510,0.05,0,28904,0.16,0
5438,40,32936,26632,0.45,0,17402,0.16,0
5439,29,42214,47030,0.3,0,33001,0.16,0
5440,52,31607,39092,0.35,3,28836,0.24,1
5441,24,38906,37223,0.25,1,32171,0.16,0
5442,38,35144,72425,0.22,0,64684,0.16,0
5443,25,60951,75277,0.46,0,66109,0.16,0
5444,40,112322,100556,0.08,1,75436,0.16,0
5445,43,50443,139452,0.4,0,103404,0.16,0
5446,31,22677,50741,0.3,0,34581,0.16,1
5447,57,173636,193629,0.5,0,138256,0.16,0
5448,42,65607,92006,0.67,1,80524,0.16,0
5449,24,72637,170839,0.09,0,146659,0.16,0
5450,49,47483,117628,0.36,0,75765,0.16,0
5451,64,55070,51825,0.12,0,36608,0.16,0
5452,54,41319,117405,0.4,0,90896,0.16,0
5453,33,77022,189719,0.33,1,120185,0.16,0
5454,62,38611,102011,0.2,0,71974,0.16,0
5455,29,62610,53822,0.28,1,41735,0.16,0
5456,62,79594,68324,0.57,0,50252,0.16,0
5457,51,91396,115471,0.39,0,99215,0.16,0
5458,27,82122,54333,0.35,0,42287,0.16,0
5459,24,29383,21381,0.44,2,17133,0.24,0
5460,39,107621,92340,0.35,1,70015,0.16,0
5461,62,68331,155868,0.1,0,107956,0.16,0
5462,50,57113,32872,0.21,0,25576,0.16,0
5463,51,60502,42842,0.18,0,38531,0.16,0
5464,55,45288,129544,0.27,0,85524,0.16,0
5465,41,38819,27528,0.1,0,22493,0.16,0
5466,51,40771,75167,0.3,1,61156,0.16,0
5467,39,93345,196624,0.3,2,164002,0.24,0
5468,51,51048,147859,0.15,1,108123,0.16,0
5469,52,56435,155168,0.18,2,93600,0.24,0
5470,22,50517,80913,0.17,0,70494,0.16,0
5471,30,35102,100230,0.32,1,67893,0.16,0
5472,22,16757,26487,0.2,0,19078,0.16,0
5473,22,71995,156574,0.19,0,132956,0.16,0
5474,44,68281,78456,0.28,0,67596,0.16,0
5475,37,48740,101945,0.15,0,82204,0.16,0
5476,52,28420,52448,0.12,0,38387,0.16,0
5477,36,121833,245746,0.4,1,194973,0.16,0
5478,36,41333,91206,0.22,0,66533,0.16,0
5479,59,55499,51815,0.39,0,34278,0.16,0
5480,51,34490,43221,0.25,0,30315,0.16,0
5481,63,24962,58426,0.07,0,45645,0.16,0
5482,44,65829,59875,0.23,0,37465,0.16,0
5483,21,23146,31492,0.19,0,19095,0.16,0
5484,31,54968,119071,0.09,0,71611,0.16,0
5485,41,55048,156563,0.24,0,99205,0.16,0
5486,24,28004,19273,0.17,0,12356,0.16,0
5487,27,25636,45924,0.28,0,36867,0.16,0
5488,46,33348,23502,0.29,0,16954,0.16,0
5489,32,35818,51858,0.36,0,31809,0.16,0
5490,51,22814,21410,0.07,1,14058,0.16,0
5491,37,27929,59309,0.47,0,44698,0.16,0
5492,53,50917,121924,0.24,0,95875,0.16,0
5493,31,132562,148251,0.32,0,132788,0.16,0
5494,48,81131,185158,0.5,1,139913,0.16,0
5495,52,53117,85892,0.5,1,54600,0.16,0
5496,21,86178,104184,0.45,2,82750,0.24,0
5497,48,87354,157980,0.16,0,123522,0.16,0
5498,62,42087,60989,0.25,0,42866,0.16,0
5499,27,55767,59949,0.27,0,47817,0.16,0
5500,22,79933,191208,0.31,1,168059,0.16,1
5501,62,85582,213425,0.09,0,129332,0.16,0
5502,44,85994,215052,0.47,0,142362,0.16,0
5503,24,29333,42689,0.19,1,27129,0.16,0
5504,64,88214,81493,0.2,0,66139,0.16,0
5505,39,124124,322850,0.23,0,257744,0.16,0
5506,46,103436,136862,0.69,1,85963,0.16,0
5507,31,28488,67521,0.33,1,43256,0.16,0
5508,60,25122,63900,0.14,0,54676,0.16,0
5509,63,61858,149719,0.37,1,116444,0.16,0
5510,31,102479,151106,0.19,0,113798,0.16,0
5511,23,54889,156161,0.07,1,118351,0.16,0
5512,32,43586,93727,0.26,0,60884,0.16,1
5513,23,46859,90876,0.42,0,65372,0.16,0
5514,62,81654,183294,0.48,1,141999,0.16,0
5515,47,41739,25536,0.62,0,19082,0.16,0
5516,22,62347,92042,0.32,1,67057,0.16,1
5517,36,45927,124142,0.37,1,85106,0.16,0
5518,22,31439,28379,0.17,0,20167,0.16,0
5519,50,30231,46434,0.35,0,37289,0.16,0
5520,40,63745,96453,0.04,0,86016,0.16,0
5521,58,12673,17616,0.22,0,15305,0.16,0
5522,48,62294,118724,0.36,0,99682,0.16,0
5523,45,45012,134608,0.2,1,109578,0.16,0
5524,52,78671,89655,0.21,2,65722,0.24,0
5525,30,66219,149813,0.05,0,107599,0.16,0
5526,62,50126,120051,0.28,0,95746,0.16,0
5527,60,28747,56379,0.46,1,36949,0.16,0
5528,53,29536,21965,0.65,1,19313,0.16,1
5529,33,35508,68563,0.09,0,43563,0.16,0
5530,61,75682,218241,0.05,0,138470,0.16,0
5531,62,118699,160854,0.31,0,105336,0.16,0
5532,57,57811,121358,0.22,0,75369,0.16,0
5533,36,36511,105826,0.17,1,65181,0.16,0
5534,42,38464,95966,0.12,0,61967,0.16,0
5535,40,39359,87407,0.16,0,61032,0.16,0
5536,63,82459,241429,0.24,0,186036,0.16,0
5537,47,38976,36109,0.31,0,27516,0.16,0
5538,61,47961,116635,0.22,1,72573,0.16,0
5539,36,96028,145683,0.38,2,117951,0.24,1
5540,54,36910,51713,0.43,0,35571,0.16,0
5541,52,64765,116685,0.25,0,84468,0.16,0
5542,46,76897,44936,0.4,0,31914,0.16,0
5543,45,50600,64834,0.05,0,48534,0.16,0
5544,22,130230,119230,0.62,1,72711,0.16,0
5545,32,112727,95449,0.4,1,62806,0.16,0
5546,60,55912,75109,0.49,2,48529,0.24,0
5547,29,32796,82175,0.22,1,69098,0.16,0
5548,32,33581,33674,0.28,1,25815,0.16,0
5549,46,54519,99690,0.41,2,82562,0.24,0
5550,29,28423,67409,0.18,0,54729,0.16,0
5551,30,56076,61819,0.24,1,42054,0.16,0
5552,52,114010,320426,0.29,0,241328,0.16,0
5553,54,50576,134847,0.35,0,86775,0.16,0
5554,40,48558,54770,0.19,0,45694,0.16,0
5555,59,75101,223357,0.07,0,147738,0.16,0
5556,22,63730,138480,0.15,0,124000,0.16,0
5557,21,27607,33549,0.23,0,29921,0.16,0
5558,56,39041,85991,0.21,0,55870,0.16,0
5559,44,126370,273669,0.33,0,164795,0.16,0
5560,47,57683,116259,0.29,1,73837,0.16,0
5561,22,29637,67549,0.1,0,48811,0.16,1
5562,51,44537,52143,0.31,1,43483,0.16,0
5563,34,20104,59255,0.41,0,50591,0.16,0
5564,22,19365,51215,0.21,0,38142,0.16,0
5565,49,80108,189403,0.04,0,163197,0.16,0
5566,35,48911,27672,0.71,1,23944,0.16,0
5567,32,63540,125552,0.43,0,98063,0.16,0
5568,57,87460,198202,0.06,0,139304,0.16,0
5569,48,58089,153079,0.04,0,126053,0.16,0
5570,40,70724,202652,0.16,0,162346,0.16,0
5571,59,55751,155524,0.49,0,115144,0.16,0
5572,44,93264,141305,0.34,0,117426,0.16,0
5573,41,118981,326157,0.04,0,275772,0.16,0
5574,30,54164,27183,0.04,0,21609,0.16,0
5575,34,53040,73125,0.13,0,44217,0.16,0
5576,57,57531,45144,0.13,0,33393,0.16,0
5577,38,46501,125909,0.51,3,92038,0.24,0
5578,44,40129,113161,0.12,0,98241,0.16,0
5579,34,82798,94391,0.55,2,71085,0.24,1
5580,54,40156,56952,0.3,0,40575,0.16,0
5581,32,39014,115469,0.39,0,80118,0.16,0
5582,42,76817,147116,0.11,0,114597,0.16,0
5583,26,79822,139100,0.11,0,86432,0.16,0
5584,56,157429,275672,0.72,0,237814,0.16,0
5585,56,90204,202099,0.35,0,158869,0.16,0
5586,42,74125,213951,0.3,0,143914,0.16,0
5587,34,79671,112858,0.15,1,77380,0.16,0
5588,36,45526,42414,0.07,0,36944,0.16,0
5589,56,64932,62499,0.04,0,38116,0.16,0
5590,45,66490,36629,0.39,0,25303,0.16,0
5591,52,37382,70596,0.1,0,48579,0.16,0
5592,53,47835,135028,0.45,0,111226,0.16,0
5593,56,78920,180150,0.35,1,119083,0.16,0
5594,40,48569,144852,0.13,0,89768,0.16,0
5595,38,66555,184611,0.38,0,132320,0.16,0
5596,58,76756,132760,0.27,0,108283,0.16,0
5597,23,74987,128705,0.27,0,79519,0.16,0
5598,43,116462,241180,0.64,0,157129,0.16,0
5599,52,36656,28494,0.19,0,22501,0.16,0
5600,36,111441,225022,0.07,0,182719,0.16,0
5601,25,62139,103162,0.12,1,61964,0.16,0
5602,24,74386,156720,0.16,0,138061,0.16,0
5603,41,69457,132872,0.38,0,94845,0.16,0
5604,60,67722,86412,0.17,0,61221,0.16,0
5605,34,35643,71977,0.16,0,61290,0.16,0
5606,59,73031,103341,0.16,1,65401,0.16,0
5607,51,23874,23552,0.35,2,15772,0.24,1
5608,34,139753,305734,0.21,0,261765,0.16,0
5609,26,59332,75106,0.05,0,57759,0.16,0
5610,32,87551,238363,0.3,1,187013,0.16,0
5611,36,68934,68818,0.47,0,47598,0.16,0
5612,37,49925,99867,0.16,1,75926,0.16,0
5613,43,37407,72153,0.29,0,61470,0.16,0
5614,34,34024,33831,0.12,0,30268,0.16,0
5615,27,72379,115785,0.19,0,82960,0.16,0
5616,52,70509,154333,0.06,1,100025,0.16,0
5617,35,64810,84014,0.26,0,59517,0.16,0
5618,64,46217,36260,0.26,1,25526,0.16,0
5619,37,60271,122838,0.07,1,86770,0.16,1
5620,61,39678,42070,0.54,1,28453,0.16,1
5621,64,34877,76858,0.12,0,58705,0.16,0
5622,54,42673,110892,0.09,0,98775,0.16,0
5623,25,43622,35263,0.15,0,21718,0.16,0
5624,47,101936,162488,0.36,0,125396,0.16,1
5625,43,24772,39940,0.11,0,35416,0.16,0
5626,60,48217,100355,0.41,0,72892,0.16,0
5627,34,67250,89847,0.11,0,68608,0.16,0
5628,35,132292,204579,0.19,0,129420,0.16,0
5629,63,36180,19174,0.49,0,14919,0.16,0
5630,53,28058,22616,0.15,1,16193,0.16,0
5631,51,70368,135434,0.34,1,110803,0.16,0
5632,55,53232,55347,0.13,0,41510,0.16,0
5633,37,43896,37813,0.35,1,23904,0.16,1
5634,48,61011,79987,0.09,0,51789,0.16,1
5635,39,75427,68551,0.31,0,59292,0.16,0
5636,43,70864,45994,0.14,1,35854,0.16,0
5637,52,57003,68953,0.16,0,42822,0.16,0
5638,60,94693,86255,0.23,0,59659,0.16,0
5639,33,54105,135180,0.46,0,111807,0.16,0
5640,40,50089,32890,0.18,1,25453,0.16,0
5641,55,70048,165916,0.46,1,143281,0.16,0
5642,25,26101,38028,0.09,0,26090,0.16,0
5643,29,66694,145946,0.44,0,125782,0.16,1
5644,49,42124,26610,0.55,0,19354,0.16,0
5645,26,25210,70632,0.1,0,62946,0.16,0
5646,45,60632,146634,0.33,1,125263,0.16,0
5647,51,38982,33148,0.12,0,29054,0.16,0
5648,42,21867,22893,0.29,0,19476,0.16,0
5649,22,31711,66909,0.19,0,55081,0.16,0
5650,25,114099,319922,0.63,0,268598,0.16,0
5651,47,37110,59917,0.39,0,45982,0.16,0
5652,45,57611,98749,0.13,0,70847,0.16,0
5653,28,28507,31200,0.25,3,22524,0.24,1
5654,21,140149,204270,0.22,2,148823,0.24,0
5655,40,50750,61663,0.08,0,46338,0.16,0
5656,64,34820,47927,0.06,0,38499,0.16,0
5657,43,76309,42083,0.13,0,29872,0.16,1
5658,52,136639,82345,0.35,0,66246,0.16,0
5659,31,39969,88000,0.57,0,61680,0.16,0
5660,59,34474,75997,0.33,0,58643,0.16,0
5661,44,154442,204724,0.34,0,163308,0.16,0
5662,31,46104,125110,0.44,1,89776,0.16,0
5663,49,43551,50749,0.19,0,38730,0.16,0
5664,46,16777,24988,0.55,2,15115,0.24,0
5665,36,48202,112235,0.11,0,83368,0.16,0
5666,55,24885,58701,0.26,1,49684,0.16,0
5667,40,37047,98282,0.34,0,67783,0.16,0
5668,23,17905,10253,0.33,1,6969,0.16,0
5669,21,90905,87213,0.3,0,72537,0.16,0
5670,21,23545,49478,0.08,0,34447,0.16,1
5671,37,18575,24992,0.37,0,17912,0.16,1
5672,22,31128,18953,0.14,0,16041,0.16,1
5673,49,91461,179827,0.32,1,111364,0.16,0
5674,40,39242,58183,0.24,0,51227,0.16,0
5675,26,41955,59166,0.04,0,39005,0.16,0
5676,28,62269,72288,0.32,0,48059,0.16,1
5677,49,45441,23401,0.43,2,19472,0.24,0
5678,53,91033,87018,0.08,0,55380,0.16,0
5679,23,43485,73297,0.16,0,47074,0.16,0
5680,55,43843,52144,0.31,0,32716,0.16,0
5681,25,152070,408455,0.28,0,319205,0.16,0
5682,47,50391,43210,0.1,0,36836,0.16,0
5683,64,55010,147886,0.57,0,96718,0.16,0
5684,32,44125,66719,0.2,0,47938,0.16,0
5685,40,14557,17317,0.27,2,13923,0.24,0
5686,40,75844,95618,0.41,2,66124,0.24,0
5687,29,112450,149016,0.28,0,98097,0.16,0
5688,59,91845,162235,0.13,0,141447,0.16,0
5689,24,37084,51350,0.11,0,41634,0.16,0
5690,39,44954,95213,0.13,0,83557,0.16,0
5691,58,58372,91232,0.22,0,76118,0.16,0
5692,47,57352,124976,0.08,0,88029,0.16,0
5693,63,68905,138572,0.33,1,84201,0.16,0
5694,33,54259,60289,0.23,0,44621,0.16,1
5695,33,40918,103601,0.14,0,73573,0.16,0
5696,42,52494,131101,0.55,0,98525,0.16,0
5697,48,80772,240090,0.31,0,144939,0.16,0
5698,42,210689,197547,0.26,0,150141,0.16,0
5699,63,38197,100060,0.35,0,72434,0.16,0
5700,39,54890,147102,0.08,0,118283,0.16,0
5701,28,40878,86064,0.26,1,58587,0.16,0
5702,28,57169,100958,0.22,0,85377,0.16,0
5703,62,79843,230997,0.2,0,203034,0.16,0
5704,46,44176,129512,0.04,0,84140,0.16,0
5705,46,17623,37083,0.15,0,29441,0.16,0
5706,43,81984,114687,0.39,1,90611,0.16,1
5707,63,52323,133052,0.2,0,93409,0.16,0
5708,33,41315,29876,0.61,0,18944,0.16,0
5709,48,36951,45319,0.22,1,36283,0.16,0
5710,29,57274,169753,0.51,0,125049,0.16,1
5711,40,34615,87777,0.28,0,57702,0.16,0
5712,39,36698,104550,0.3,0,64525,0.16,0
5713,59,26257,52172,0.18,0,46110,0.16,0
5714,32,34850,52943,0.12,0,38258,0.16,0
5715,35,67200,198187,0.4,0,163428,0.16,0
5716,51,24573,31295,0.26,1,20058,0.16,1
5717,34,87206,208730,0.43,1,164323,0.16,0
5718,31,27187,51533,0.37,2,31306,0.24,0
5719,46,52837,56602,0.43,1,41133,0.16,0
5720,62,62472,33966,0.36,0,22880,0.16,0
5721,47,74037,108050,0.31,0,75701,0.16,0
5722,31,74046,138407,0.48,2,108961,0.24,0
5723,58,47003,45027,0.58,0,31809,0.16,1
5724,54,44991,69123,0.18,0,46600,0.16,1
5725,63,66056,134620,0.47,1,109634,0.16,0
5726,39,56331,128846,0.2,1,98257,0.16,0
5727,26,41236,26055,0.18,0,20536,0.16,0
5728,58,59011,127490,0.34,0,91119,0.16,0
5729,62,45090,28932,0.41,2,19577,0.24,0
5730,48,36305,20710,0.21,1,13977,0.16,0
5731,21,40571,35744,0.1,0,32086,0.16,0
5732,55,62517,133418,0.05,0,106707,0.16,0
5733,60,30821,19480,0.28,0,12272,0.16,0
5734,28,85235,47070,0.35,2,37325,0.24,0
5735,27,37099,29489,0.65,1,18606,0.16,0
5736,31,15836,45517,0.45,0,31401,0.16,0
5737,59,64619,178877,0.11,0,152698,0.16,0
5738,24,12698,9093,0.1,0,7950,0.16,0
5739,45,29555,37240,0.35,0,31952,0.16,1
5740,32,164592,472087,0.09,0,361765,0.16,0
5741,46,83282,61980,0.31,2,45613,0.24,0
5742,58,79912,58854,0.31,1,39650,0.16,0
5743,32,28017,20032,0.19,0,16815,0.16,0
5744,63,44653,131332,0.28,1,103337,0.16,0
5745,57,91191,215007,0.13,0,163158,0.16,0
5746,44,67495,69939,0.39,1,47397,0.16,0
5747,36,86502,53187,0.2,0,36863,0.16,0
5748,33,119463,348008,0.55,0,234402,0.16,0
5749,45,68190,106630,0.24,0,84381,0.16,0
5750,24,26493,52878,0.36,1,41426,0.16,0
5751,31,66117,79207,0.55,0,51596,0.16,0
5752,52,43574,104398,0.55,0,73035,0.16,0
5753,27,25708,25502,0.35,0,15431,0.16,0
5754,31,76671,189168,0.52,1,123586,0.16,0
5755,48,89414,96254,0.05,0,73017,0.16,0
5756,61,46772,34834,0.17,0,24845,0.16,1
5757,43,57540,97648,0.15,0,75791,0.16,0
5758,43,17390,44049,0.18,0,31995,0.16,0
5759,48,85981,125718,0.33,0,78961,0.16,0
5760,63,72884,41703,0.34,1,33361,0.16,0
5761,46,55554,104623,0.28,0,92428,0.16,0
5762,45,26206,57684,0.32,0,39342,0.16,0
5763,49,21543,50663,0.47,1,33552,0.16,0
5764,39,135034,203200,0.49,0,173008,0.16,1
5765,53,29739,22082,0.23,2,15044,0.24,0
5766,56,52422,102789,0.16,0,73327,0.16,0
5767,34,30201,39982,0.5,1,26654,0.16,0
5768,34,15608,44751,0.14,0,35289,0.16,0
5769,55,61328,107739,0.2,0,79190,0.16,0
5770,50,66299,111426,0.32,0,79220,0.16,0
5771,48,21281,27091,0.52,1,18373,0.16,0
5772,37,85318,114920,0.41,1,101863,0.16,0
5773,23,37673,67129,0.22,0,41997,0.16,0
5774,36,28529,36136,0.19,1,24656,0.16,0
5775,50,27609,75393,0.42,1,53058,0.16,0
5776,49,75781,121063,0.31,1,102333,0.16,0
5777,35,18734,23043,0.2,0,20405,0.16,0
5778,45,26341,23403,0.17,1,14095,0.16,0
5779,58,60827,132656,0.23,0,117793,0.16,0
5780,62,56916,32127,0.34,1,28548,0.16,0
5781,58,29407,47786,0.1,1,41736,0.16,1
5782,43,93262,174894,0.47,0,153189,0.16,0
5783,45,28098,37917,0.32,1,31879,0.16,1
5784,62,44166,104874,0.31,0,72368,0.16,0
5785,27,41337,90492,0.5,0,76049,0.16,0
5786,42,41417,121289,0.49,0,90569,0.16,0
5787,37,44459,78777,0.4,0,60040,0.16,0
5788,38,43800,80790,0.15,0,49029,0.16,0
5789,61,43531,48519,0.02,0,36027,0.16,0
5790,30,44758,65512,0.16,0,44630,0.16,0
5791,30,84345,47836,0.7,0,33543,0.16,0
5792,27,43642,97024,0.13,1,72053,0.16,0
5793,58,69284,88618,0.06,0,71458,0.16,0
5794,47,52805,97737,0.43,1,60866,0.16,0
5795,53,58871,66964,0.27,0,52322,0.16,0
5796,21,72327,148457,0.42,0,102451,0.16,1
5797,64,27718,44874,0.3,0,38059,0.16,0
5798,54,67083,114353,0.42,0,99283,0.16,0
5799,24,44087,125935,0.49,0,79325,0.16,0
5800,37,30318,68682,0.52,0,59233,0.16,0
5801,24,72250,83430,0.26,0,63603,0.16,0
5802,63,39628,69737,0.26,0,45270,0.16,0
5803,46,59204,98674,0.54,0,59484,0.16,1
5804,24,12629,31416,0.17,1,24547,0.16,0
5805,21,70476,182066,0.11,0,138300,0.16,0
5806,27,178982,216318,0.56,1,176234,0.16,0
5807,50,48833,124664,0.18,0,93751,0.16,0
5808,29,42968,40766,0.29,0,24731,0.16,0
5809,55,38923,93684,0.37,0,68369,0.16,0
5810,28,64718,72611,0.2,0,61889,0.16,0
5811,44,42106,52414,0.07,0,37464,0.16,0
5812,39,67763,178295,0.3,1,121001,0.16,0
5813,56,115985,179798,0.32,1,123583,0.16,0
5814,63,74646,222177,0.24,3,140323,0.24,0
5815,47,44921,39524,0.27,0,28263,0.16,0
5816,52,28064,46540,0.35,0,38795,0.16,0
5817,34,39970,93175,0.17,0,57585,0.16,0
5818,38,45236,23224,0.36,1,20321,0.16,0
5819,48,25354,22302,0.36,1,16398,0.16,0
5820,49,84412,46501,0.36,0,37067,0.16,0
5821,36,65156,194307,0.37,1,138339,0.16,0
5822,55,29018,69688,0.48,1,47389,0.16,0
5823,51,20138,28875,0.42,1,18142,0.16,1
5824,24,70187,62516,0.28,0,46353,0.16,0
5825,57,21554,15647,0.41,0,11354,0.16,0
5826,37,51121,93539,0.31,0,72183,0.16,1
5827,59,39944,117424,0.1,1,84611,0.16,0
5828,46,73129,159898,0.13,0,117414,0.16,0
5829,59,73554,103920,0.32,1,86925,0.16,0
5830,61,32511,56963,0.56,0,36346,0.16,0
5831,24,76418,229044,0.26,0,165443,0.16,0
5832,50,42415,76216,0.3,0,48920,0.16,0
5833,50,49487,144032,0.28,0,126920,0.16,0
5834,42,49997,27043,0.11,0,22950,0.16,0
5835,31,150856,347332,0.33,1,296653,0.16,0
5836,22,46179,95493,0.14,0,61223,0.16,0
5837,64,21248,47028,0.67,3,40566,0.24,1
5838,32,34291,66058,0.24,0,42472,0.16,0
5839,50,70899,43279,0.31,0,32017,0.16,0
5840,56,42530,37167,0.17,0,23415,0.16,0
5841,38,49388,138564,0.38,0,121802,0.16,0
5842,46,39498,42749,0.63,0,38265,0.16,1
5843,27,11988,35752,0.14,0,25991,0.16,0
5844,21,33222,73054,0.03,0,64637,0.16,0
5845,46,47162,75972,0.2,0,47699,0.16,0
5846,43,20236,56663,0.52,1,49477,0.16,0
5847,46,27189,67631,0.17,1,47565,0.16,0
5848,26,41357,65030,0.05,0,52045,0.16,0
5849,26,41537,27891,0.53,2,19728,0.24,1
5850,64,59707,159463,0.23,0,124329,0.16,0
5851,28,42683,102976,0.2,1,68867,0.16,1
5852,44,58619,145189,0.55,0,114337,0.16,0
5853,42,34543,81595,0.51,1,61417,0.16,0
5854,39,54490,64809,0.23,0,45929,0.16,0
5855,57,102289,270770,0.39,0,198137,0.16,0
5856,38,56640,28636,0.12,0,21470,0.16,1
5857,51,43586,47647,0.22,0,34534,0.16,0
5858,57,30596,18859,0.36,0,11710,0.16,0
5859,50,51199,39755,0.03,0,33244,0.16,0
5860,62,43958,80484,0.36,0,64330,0.16,0
5861,53,64925,38509,0.44,1,30974,0.16,0
5862,30,19713,18795,0.34,4,11567,0.24,0
5863,57,44620,48272,0.26,0,40154,0.16,0
5864,32,60454,129271,0.62,3,107653,0.24,0
5865,50,52296,87441,0.18,0,73309,0.16,0
5866,47,41512,68330,0.34,0,53597,0.16,0
5867,59,41225,99809,0.26,0,75290,0.16,0
5868,29,28298,46459,0.53,0,40039,0.16,0
5869,41,59244,81236,0.21,0,62936,0.16,0
5870,32,60623,176178,0.25,2,110612,0.24,1
5871,49,24184,12593,0.32,1,8872,0.16,0
5872,53,71848,90778,0.49,1,73888,0.16,0
5873,63,35337,71503,0.33,1,51719,0.16,0
5874,35,40619,99801,0.15,0,83840,0.16,0
5875,22,123865,314744,0.2,1,232965,0.16,0
5876,59,109202,67179,0.43,0,48072,0.16,0
5877,64,23782,54052,0.33,0,38096,0.16,0
5878,38,25861,59496,0.11,0,41319,0.16,0
5879,23,28984,30004,0.09,1,22316,0.16,0
5880,27,108348,84721,0.34,0,66062,0.16,0
5881,63,36184,85908,0.38,0,75378,0.16,0
5882,38,23456,26358,0.16,0,21601,0.16,0
5883,64,90782,45770,0.37,1,30365,0.16,0
5884,58,65970,69857,0.38,0,51425,0.16,0
5885,57,151065,87265,0.46,0,60385,0.16,0
5886,53,65904,74007,0.09,0,49795,0.16,0
5887,64,48245,64530,0.15,0,51461,0.16,0
5888,51,55622,65550,0.4,0,41545,0.16,0
5889,31,39085,109431,0.18,0,66511,0.16,0
5890,24,94159,101817,0.26,0,73722,0.16,0
5891,38,96677,161338,0.32,0,103451,0.16,0
5892,24,22215,64280,0.45,0,48420,0.16,0
5893,54,78532,211879,0.25,0,162090,0.16,0
5894,49,28694,36531,0.11,0,23735,0.16,0
5895,44,163876,215697,0.23,1,174499,0.16,0
5896,42,104665,207584,0.24,0,131650,0.16,0
5897,22,27749,77548,0.24,0,60893,0.16,0
5898,64,55243,29002,0.11,2,23016,0.24,0
5899,26,80542,119427,0.08,0,100655,0.16,0
5900,62,35887,94183,0.13,0,81567,0.16,0
5901,45,24756,37781,0.12,1,30265,0.16,0
5902,41,51580,118641,0.05,0,93278,0.16,1
5903,36,45266,100934,0.16,0,81070,0.16,0
5904,51,31034,31457,0.42,0,23851,0.16,0
5905,34,90948,147698,0.5,1,115952,0.16,0
5906,59,25732,49288,0.21,0,42968,0.16,0
5907,48,46447,106301,0.12,0,85923,0.16,0
5908,52,53686,137220,0.29,0,94731,0.16,0
5909,48,57210,137294,0.55,0,111825,0.16,0
5910,29,86278,49245,0.17,0,30885,0.16,0
5911,42,43476,94629,0.31,0,69639,0.16,0
5912,52,13336,23248,0.13,0,16690,0.16,0
5913,25,40401,78161,0.44,0,54736,0.16,0
5914,43,70462,100930,0.09,0,79430,0.16,0
5915,25,45611,104224,0.28,0,67822,0.16,0
5916,62,45781,100018,0.25,2,88275,0.24,0
5917,52,63774,124277,0.48,2,84166,0.24,0
5918,30,68119,180788,0.2,0,146090,0.16,0
5919,59,20066,15144,0.08,0,11074,0.16,0
5920,35,48564,60829,0.23,2,40231,0.24,0
5921,27,44462,77267,0.45,0,56185,0.16,0
5922,49,50897,147423,0.07,0,104482,0.16,0
5923,23,18308,12447,0.12,0,10381,0.16,0
5924,39,94991,127543,0.44,0,101725,0.16,0
5925,30,49185,138442,0.23,1,117668,0.16,0
5926,48,60627,166413,0.42,1,101925,0.16,0
5927,49,118538,315680,0.41,1,268274,0.16,0
5928,35,60920,77427,0.51,1,56019,0.16,0
5929,55,22698,59402,0.09,0,40248,0.16,0
5930,26,46947,82783,0.05,0,54733,0.16,0
5931,32,68695,140786,0.25,0,99112,0.16,0
5932,58,50428,55322,0.07,0,38939,0.16,0
5933,33,115083,260856,0.21,0,167667,0.16,0
5934,49,31952,42152,0.17,0,32871,0.16,0
5935,39,91359,124220,0.05,0,77610,0.16,0
5936,23,74572,156007,0.12,0,117013,0.16,0
5937,28,51245,56347,0.14,0,40428,0.16,0
5938,28,57853,61387,0.23,1,51844,0.16,0
5939,40,30066,42781,0.31,0,28495,0.16,0
5940,24,42039,102792,0.37,1,78946,0.16,0
5941,41,65418,69454,0.28,1,44133,0.16,0
5942,23,45498,112302,0.32,0,91534,0.16,1
5943,28,50519,113112,0.13,0,78894,0.16,0
5944,43,80516,176949,0.32,0,157080,0.16,0
5945,36,18889,31863,0.18,0,27787,0.16,0
5946,33,58964,139433,0.38,0,103682,0.16,0
5947,23,119165,63610,0.43,1,53228,0.16,1
5948,29,40601,51320,0.28,0,31934,0.16,0
5949,34,26314,57834,0.39,0,48273,0.16,1
5950,33,40354,119780,0.06,1,87952,0.16,0
5951,27,22958,11623,0.2,1,7303,0.16,0
5952,35,54876,97401,0.32,0,66573,0.16,0
5953,27,47247,132744,0.03,0,91567,0.16,0
5954,58,57489,152854,0.34,0,124578,0.16,0
5955,54,45907,25608,0.1,0,21407,0.16,0
5956,61,54065,98608,0.24,1,74941,0.16,0
5957,42,61404,31360,0.3,0,21927,0.16,0
5958,44,26934,66633,0.07,0,48124,0.16,0
5959,57,58281,74144,0.3,0,58387,0.16,0
5960,64,101124,244110,0.13,0,192712,0.16,0
5961,21,30307,86738,0.54,0,56755,0.16,1
5962,30,57191,168153,0.42,1,126144,0.16,0
5963,63,93652,256164,0.44,0,197299,0.16,0
5964,36,27514,27799,0.53,2,22930,0.24,0
5965,28,73052,72065,0.14,0,53337,0.16,0
5966,45,43870,90567,0.17,0,79788,0.16,0
5967,32,81281,151193,0.28,1,120906,0.16,0
5968,45,32460,17003,0.28,1,13885,0.16,0
5969,37,48799,72189,0.09,0,56013,0.16,0
5970,46,22942,63474,0.04,0,54183,0.16,0
5971,34,61000,167499,0.31,0,118568,0.16,0
5972,61,61351,61950,0.41,0,37765,0.16,0
5973,56,64241,93464,0.35,3,59289,0.24,0
5974,43,62680,119149,0.26,0,86801,0.16,0
5975,63,46838,123275,0.32,1,88475,0.16,0
5976,26,23416,42850,0.47,0,31457,0.16,0
5977,25,80502,235106,0.1,0,179076,0.16,0
5978,63,48087,120103,0.11,0,86756,0.16,0
5979,45,59679,172038,0.25,0,105609,0.16,0
5980,38,44684,104056,0.64,0,87398,0.16,1
5981,33,130532,351661,0.58,1,309607,0.16,1
5982,63,36907,95128,0.33,0,73601,0.16,0
5983,34,36204,41076,0.1,0,30412,0.16,0
5984,48,22452,24109,0.11,0,15290,0.16,0
5985,38,51867,138015,0.17,0,121034,0.16,0
5986,48,124144,88352,0.09,0,62597,0.16,0
5987,47,52183,79391,0.49,1,66102,0.16,0
5988,52,54915,140123,0.41,1,92202,0.16,0
5989,29,79746,202004,0.36,0,176286,0.16,0
5990,60,53159,45023,0.19,0,36630,0.16,0
5991,52,89290,153514,0.46,2,106540,0.24,1
5992,40,96169,163447,0.88,0,135260,0.16,1
5993,48,36442,47713,0.25,1,32983,0.16,0
5994,53,23975,66961,0.16,1,44490,0.16,0
5995,24,69202,147593,0.16,0,124318,0.16,0
5996,54,57602,169952,0.23,0,149385,0.16,0
5997,23,29058,19379,0.32,0,11928,0.16,0
5998,46,34925,51894,0.18,0,32491,0.16,0
5999,28,34871,90240,0.3,0,78135,0.16,0
6000,26,52771,82149,0.18,1,72633,0.16,0
6001,36,80716,93202,0.51,0,75669,0.16,0
6002,44,83007,248566,0.13,0,181244,0.16,0
6003,59,72795,195295,0.17,0,147487,0.16,0
6004,50,42359,79049,0.43,0,56227,0.16,0
6005,33,148755,283270,0.58,2,250171,0.24,0
6006,25,49841,25775,0.27,1,20734,0.16,0
6007,45,40360,119162,0.51,0,105386,0.16,0
6008,40,24759,62287,0.17,0,54264,0.16,0
6009,38,41201,24383,0.6,2,19643,0.24,1
6010,38,61046,57433,0.23,0,38490,0.16,0
6011,22,22178,56611,0.33,1,41597,0.16,0
6012,30,30422,21817,0.16,1,17500,0.16,1
6013,32,38805,110767,0.15,0,82042,0.16,0
6014,33,33266,99788,0.55,3,73120,0.24,1
6015,31,31922,86702,0.26,0,63025,0.16,0
6016,39,86017,201904,0.12,0,131966,0.16,1
6017,55,21475,36898,0.53,2,26405,0.24,1
6018,59,53513,37784,0.26,0,33867,0.16,0
6019,46,63547,147817,0.22,1,100065,0.16,0
6020,34,38482,57421,0.31,1,39801,0.16,0
6021,64,43762,84266,0.43,1,74912,0.16,0
6022,44,48036,59251,0.15,0,44652,0.16,0
6023,61,67315,74409,0.48,1,61872,0.16,0
6024,21,105381,138127,0.2,2,93082,0.24,0
6025,63,25790,65366,0.04,0,47115,0.16,0
6026,42,31003,48557,0.15,0,38199,0.16,0
6027,43,31794,40673,0.21,0,27460,0.16,0
6028,39,48713,77084,0.04,0,55148,0.16,0
6029,38,40139,23309,0.37,0,17313,0.16,0
6030,32,68405,186506,0.43,1,158985,0.16,1
6031,48,35304,66350,0.35,0,53597,0.16,0
6032,48,31441,23960,0.38,0,20962,0.16,0
6033,53,33470,40867,0.22,1,36375,0.16,0
6034,39,51939,153681,0.15,0,114006,0.16,1
6035,48,79376,157374,0.3,2,114254,0.24,0
6036,57,47943,58898,0.13,0,45243,0.16,0
6037,46,37083,58066,0.39,0,50480,0.16,0
6038,55,29274,33553,0.51,0,20330,0.16,0
6039,54,101805,58997,0.36,0,39503,0.16,0
6040,55,20323,52942,0.38,2,45068,0.24,1
6041,60,44665,54991,0.13,0,41607,0.16,0
6042,36,70959,184211,0.16,1,156577,0.16,0
6043,58,44358,75248,0.3,1,59857,0.16,0
6044,33,36932,35352,0.27,0,29833,0.16,0
6045,43,64076,160489,0.11,0,116437,0.16,0
6046,42,28370,40931,0.3,0,24681,0.16,0
6047,36,20529,46586,0.28,0,37371,0.16,0
6048,48,58488,151663,0.26,1,113612,0.16,0
6049,55,29804,86654,0.34,0,77555,0.16,0
6050,28,52357,37410,0.28,0,23795,0.16,0
6051,64,46090,24011,0.27,0,18869,0.16,0
6052,42,55855,104508,0.26,0,72149,0.16,0
6053,41,43759,50786,0.08,0,38125,0.16,0
6054,46,64586,108036,0.2,0,67198,0.16,0
6055,60,34483,23505,0.52,1,20174,0.16,0
6056,41,72447,127070,0.17,2,110226,0.24,0
6057,45,26667,21657,0.28,0,16188,0.16,0
6058,61,88107,228767,0.29,2,142992,0.24,0
6059,21,136738,327995,0.4,0,253980,0.16,0
6060,26,51743,35453,0.12,0,24320,0.16,0
6061,43,107429,278335,0.31,1,169086,0.16,0
6062,43,122296,160500,0.28,0,136250,0.16,0
6063,63,41753,57708,0.26,1,36858,0.16,0
6064,63,50208,47672,0.29,0,41834,0.16,0
6065,43,32628,84449,0.51,1,67468,0.16,0
6066,52,33698,50943,0.11,0,32752,0.16,0
6067,50,55074,34260,0.48,0,23292,0.16,0
6068,33,21635,63079,0.08,0,56328,0.16,0
6069,63,74413,84809,0.06,0,67386,0.16,0
6070,38,53297,151387,0.5,0,112725,0.16,0
6071,43,68917,86359,0.53,1,76533,0.16,0
6072,35,44756,115406,0.76,0,70296,0.16,1
6073,53,68614,148243,0.19,0,106000,0.16,0
6074,41,55482,147205,0.26,0,124457,0.16,0
6075,59,63171,185741,0.34,0,164666,0.16,0
6076,43,76945,206113,0.14,1,172151,0.16,1
6077,47,26043,39303,0.2,0,31095,0.16,0
6078,64,34491,87478,0.28,0,55861,0.16,0
6079,38,155968,355470,0.55,0,270527,0.16,1
6080,44,54373,35560,0.48,1,27466,0.16,0
6081,60,20776,58679,0.27,0,49788,0.16,0
6082,62,20834,34686,0.2,0,27773,0.16,0
6083,27,47216,39478,0.36,1,33699,0.16,1
6084,40,37740,59004,0.47,2,45681,0.24,0
6085,47,32755,65767,0.45,0,42133,0.16,0
6086,26,120159,232191,0.14,0,191505,0.16,0
6087,47,40759,78949,0.17,0,62437,0.16,0
6088,29,73901,84217,0.34,2,59326,0.24,0
6089,51,55551,115643,0.18,0,97819,0.16,0
6090,41,42300,117109,0.18,0,101295,0.16,0
6091,46,27698,40762,0.48,1,33431,0.16,0
6092,60,72013,149531,0.29,0,111431,0.16,0
6093,33,15181,16850,0.38,0,11673,0.16,0
6094,43,75760,47024,0.27,2,31438,0.24,0
6095,40,52872,103857,0.6,1,88193,0.16,1
6096,57,66788,41333,0.41,3,32869,0.24,0
6097,48,49211,113626,0.1,0,90016,0.16,0
6098,37,26445,57541,0.16,0,37984,0.16,0
6099,48,59920,85284,0.14,0,65386,0.16,0
6100,61,74940,114525,0.25,1,102643,0.16,0
6101,22,38577,107799,0.47,0,79124,0.16,0
6102,45,68097,36284,0.24,1,27775,0.16,0
6103,61,56855,108494,0.35,0,93607,0.16,0
6104,26,61406,172452,0.34,0,148675,0.16,0
6105,31,31895,88826,0.11,0,55055,0.16,1
6106,58,93067,182563,0.45,0,158985,0.16,0
6107,26,56841,82594,0.2,0,65813,0.16,0
6108,31,74299,55520,0.52,0,39015,0.16,0
6109,34,40373,37726,0.08,0,31314,0.16,0
6110,22,80109,176174,0.07,0,131512,0.16,0
6111,60,39696,21498,0.32,0,16433,0.16,0
6112,23,31386,85015,0.1,1,67274,0.16,1
6113,55,118886,234185,0.11,0,197168,0.16,0
6114,53,14967,9172,0.22,1,6801,0.16,0
6115,44,218588,240319,0.23,0,162901,0.16,0
6116,39,69624,138238,0.29,1,108339,0.16,0
6117,38,41881,24668,0.25,1,21990,0.16,0
6118,44,57701,141365,0.49,1,88951,0.16,1
6119,55,69644,194989,0.6,0,117382,0.16,0
6120,21,41513,120514,0.4,0,86345,0.16,1
6121,56,135621,316559,0.57,0,241603,0.16,0
6122,45,102516,270853,0.25,0,204031,0.16,0
6123,63,191647,388424,0.1,0,269769,0.16,0
6124,54,26616,43819,0.35,0,38561,0.16,0
6125,45,54592,124624,0.37,0,83893,0.16,0
6126,36,24501,25982,0.47,1,16543,0.16,1
6127,54,28403,21997,0.1,1,14674,0.16,0
6128,49,41642,100133,0.19,1,63000,0.16,0
6129,39,42020,121667,0.18,0,103874,0.16,0
6130,43,58979,114637,0.16,0,82591,0.16,0
6131,39,46382,79144,0.18,0,67208,0.16,0
6132,45,73129,134265,0.37,1,106255,0.16,0
6133,36,57494,97519,0.34,0,72394,0.16,0
6134,29,111721,179368,0.44,1,113126,0.16,0
6135,21,74191,212749,0.18,0,130019,0.16,0
6136,62,27187,46201,0.23,0,35445,0.16,0
6137,39,45581,32032,0.24,1,21141,0.16,0
6138,53,47145,113798,0.27,1,83403,0.16,1
6139,54,61080,90331,0.09,1,79846,0.16,0
6140,36,83921,191065,0.1,0,122301,0.16,0
6141,64,56460,110036,0.51,0,89345,0.16,0
6142,60,65452,149423,0.59,0,99161,0.16,0
6143,38,27802,18209,0.43,1,12241,0.16,1
6144,54,38964,22781,0.37,0,18033,0.16,0
6145,45,18843,27253,0.06,0,17421,0.16,0
6146,26,61143,136527,0.34,1,97794,0.16,0
6147,41,74663,79083,0.42,1,56470,0.16,0
6148,26,25349,40140,0.05,0,29566,0.16,0
6149,52,53062,156640,0.29,0,108951,0.16,0
6150,61,46576,48307,0.43,0,32945,0.16,0
6151,63,114030,298742,0.06,0,249325,0.16,0
6152,59,31345,80357,0.17,0,50136,0.16,1
6153,51,77581,211670,0.31,1,180966,0.16,0
6154,62,86815,242027,0.21,1,206089,0.16,1
6155,30,44467,78631,0.16,0,69178,0.16,0
6156,50,56740,125102,0.15,0,84058,0.16,0
6157,38,84013,171993,0.48,0,150479,0.16,0
6158,44,28289,35994,0.14,1,26460,0.16,1
6159,29,39593,47490,0.31,1,38235,0.16,0
6160,51,53804,72846,0.22,0,62322,0.16,0
6161,35,137587,143935,0.17,0,89065,0.16,0
6162,24,40139,96071,0.23,0,58643,0.16,0
6163,60,42859,124781,0.11,0,82423,0.16,0
6164,29,106249,283624,0.21,0,217886,0.16,0
6165,29,68288,71350,0.42,0,59465,0.16,0
6166,46,145986,91940,0.32,0,76552,0.16,0
6167,24,84678,202611,0.19,0,175849,0.16,0
6168,37,45569,67238,0.21,0,51565,0.16,0
6169,36,42441,108713,0.22,0,83498,0.16,0
6170,35,32458,79460,0.41,0,49544,0.16,0
6171,55,25526,52673,0.11,0,43696,0.16,0
6172,25,58128,66169,0.36,0,49241,0.16,0
6173,25,67068,50977,0.28,1,33777,0.16,0
6174,40,71232,80607,0.51,0,51389,0.16,0
6175,35,46085,81773,0.18,0,70877,0.16,0
6176,38,128676,379421,0.43,0,293263,0.16,0
6177,22,24854,16384,0.16,1,12868,0.16,0
6178,49,23486,23490,0.12,0,15790,0.16,0
6179,33,32538,67295,0.42,1,51486,0.16,0
6180,24,49166,61993,0.23,1,40153,0.16,0
6181,62,28323,74950,0.59,1,54388,0.16,1
6182,30,96131,81571,0.31,0,54964,0.16,0
6183,51,33877,98510,0.17,0,64028,0.16,0
6184,61,30984,86164,0.19,0,72363,0.16,0
6185,28,83078,225874,0.54,1,180361,0.16,0
6186,23,54378,50716,0.2,0,42595,0.16,0
6187,29,72573,96067,0.28,0,81731,0.16,0
6188,50,47868,120160,0.18,1,86146,0.16,0
6189,31,56155,141483,0.36,0,116986,0.16,0
6190,55,23938,54170,0.66,1,44429,0.16,0
6191,57,45527,73759,0.32,1,49713,0.16,0
6192,62,29026,37123,0.11,0,29948,0.16,1
6193,33,130248,378682,0.17,0,332648,0.16,1
6194,56,93564,79356,0.3,0,63940,0.16,0
6195,33,35349,21541,0.33,0,15040,0.16,0
6196,32,44188,23102,0.47,1,18726,0.16,1
6197,57,45242,110280,0.34,1,85397,0.16,0
6198,30,143915,92359,0.43,0,77739,0.16,0
6199,29,59766,110364,0.23,0,75216,0.16,0
6200,27,39579,56132,0.15,0,36411,0.16,0
6201,22,52751,45749,0.29,1,33385,0.16,0
6202,43,22731,53451,0.28,0,42113,0.16,0
6203,59,47247,30120,0.12,1,18946,0.16,1
6204,60,28554,37005,0.15,0,25125,0.16,0
6205,59,19460,37080,0.64,1,24106,0.16,0
6206,41,132360,199339,0.24,0,165665,0.16,0
6207,43,48363,55514,0.22,0,45040,0.16,0
6208,49,33329,93821,0.31,0,73895,0.16,0
6209,34,20981,59322,0.41,1,43834,0.16,0
6210,46,43890,67600,0.28,0,49634,0.16,1
6211,25,45497,67533,0.1,0,51002,0.16,0
6212,51,71863,91155,0.34,0,77076,0.16,0
6213,45,30426,80306,0.24,0,62546,0.16,0
6214,51,37538,72065,0.73,1,59377,0.16,0
6215,40,30875,22347,0.48,2,15159,0.24,0
6216,64,43957,115752,0.08,0,86041,0.16,0
6217,37,18097,33248,0.28,0,26236,0.16,0
6218,22,32790,50463,0.35,0,35048,0.16,0
6219,45,67161,90308,0.21,1,68258,0.16,0
6220,33,26563,19884,0.47,0,16941,0.16,0
6221,59,80801,233656,0.24,0,145615,0.16,0
6222,48,75862,178511,0.18,0,150430,0.16,0
6223,62,79103,65611,0.4,0,51238,0.16,0
6224,26,48910,86970,0.5,0,62912,0.16,1
6225,23,46760,88326,0.47,0,67867,0.16,0
6226,55,57515,52897,0.12,1,41353,0.16,0
6227,38,94857,148740,0.22,0,124081,0.16,0
6228,31,90638,191641,0.28,0,161100,0.16,0
6229,40,21351,25835,0.51,0,21236,0.16,1
6230,25,31661,42078,0.14,0,25462,0.16,0
6231,39,28941,23299,0.2,0,17873,0.16,0
6232,42,70501,108085,0.33,0,78839,0.16,0
6233,39,34904,68399,0.44,1,52864,0.16,0
6234,36,44280,35039,0.11,0,27387,0.16,0
6235,44,115148,234551,0.09,0,184083,0.16,0
6236,61,85857,128311,0.36,0,90458,0.16,0
6237,24,97547,214160,0.23,0,157211,0.16,0
6238,35,34252,44085,0.21,0,26662,0.16,1
6239,45,12262,23558,0.24,0,20745,0.16,0
6240,64,40224,81735,0.23,0,73266,0.16,0
6241,55,23861,53120,0.58,1,38261,0.16,0
6242,34,18545,44366,0.26,0,32204,0.16,0
6243,39,86192,72477,0.63,1,53477,0.16,0
6244,58,31384,91424,0.18,2,62902,0.24,0
6245,56,32751,85451,0.33,1,62435,0.16,0
6246,27,40827,77807,0.47,0,55055,0.16,0
6247,50,111663,304381,0.42,1,184414,0.16,0
6248,39,45215,65836,0.53,1,42003,0.16,0
6249,45,78888,46205,0.19,0,28813,0.16,0
6250,36,41870,97037,0.24,0,65173,0.16,0
6251,60,22242,63575,0.62,0,40048,0.16,0
6252,28,27040,24461,0.19,0,16365,0.16,0
6253,38,48928,103222,0.13,0,62058,0.16,0
6254,48,51731,131063,0.33,0,117515,0.16,0
6255,36,64302,177645,0.46,0,112408,0.16,0
6256,39,64315,76619,0.13,0,65281,0.16,0
6257,62,76886,63187,0.36,1,39847,0.16,0
6258,37,33370,37361,0.07,0,25906,0.16,0
6259,33,122223,237638,0.17,0,209707,0.16,0
6260,27,127947,357844,0.23,1,248071,0.16,0
6261,47,37787,73924,0.58,1,58872,0.16,0
6262,30,32959,92253,0.35,0,64160,0.16,0
6263,54,20082,48700,0.42,0,42995,0.16,0
6264,56,53393,106571,0.55,0,64277,0.16,0
6265,45,61464,34081,0.18,0,23016,0.16,0
6266,26,36692,48899,0.31,0,35400,0.16,1
6267,44,56465,36343,0.34,1,30794,0.16,0
6268,38,24491,31975,0.51,1,24681,0.16,0
6269,43,79525,52155,0.12,0,45293,0.16,0
6270,26,37590,34565,0.56,0,29902,0.16,0
6271,49,56634,86463,0.15,0,76657,0.16,0
6272,45,54452,97317,0.51,0,63724,0.16,0
6273,37,18393,19181,0.21,0,13938,0.16,1
6274,44,74385,173424,0.42,0,126292,0.16,1
6275,31,33116,65434,0.03,0,41675,0.16,0
6276,46,54244,120931,0.3,2,106846,0.24,0
6277,54,24223,56485,0.26,0,40037,0.16,0
6278,48,38573,89385,0.1,0,70773,0.16,0
6279,23,58783,166978,0.52,0,130451,0.16,0
6280,31,28576,31235,0.37,0,20961,0.16,0
6281,58,29370,34521,0.2,0,26638,0.16,1
6282,34,52184,38381,0.12,0,25980,0.16,0
6283,46,45082,89328,0.2,1,61257,0.16,0
6284,41,58375,86859,0.37,0,66460,0.16,0
6285,59,40786,70987,0.51,0,52320,0.16,0
6286,50,67558,62460,0.56,1,45407,0.16,0
6287,28,36920,78368,0.49,1,56268,0.16,1
6288,40,66074,135289,0.26,1,111803,0.16,0
6289,52,31151,36196,0.1,0,24767,0.16,0
6290,42,36116,60080,0.25,1,41683,0.16,0
6291,27,70638,193248,0.28,1,149534,0.16,0
6292,29,37903,92246,0.08,1,82033,0.16,0
6293,21,27292,29130,0.32,1,20021,0.16,0
6294,49,116431,314030,0.49,0,227612,0.16,0
6295,28,48167,32189,0.05,1,20552,0.16,0
6296,24,62051,95237,0.6,0,75450,0.16,0
6297,55,15818,11077,0.05,0,7481,0.16,0
6298,23,95406,268141,0.4,0,203198,0.16,0
6299,60,184078,110770,0.64,0,80421,0.16,0
6300,27,91225,80104,0.29,0,66707,0.16,0
6301,47,97963,273081,0.65,0,232082,0.16,0
6302,21,39959,78135,0.06,0,64166,0.16,0
6303,47,55598,138326,0.25,0,101684,0.16,0
6304,36,62569,33850,0.16,0,24524,0.16,0
6305,58,34585,53528,0.24,2,38738,0.24,0
6306,27,46072,136426,0.38,1,102386,0.16,0
6307,64,29717,57934,0.45,0,45517,0.16,0
6308,43,40225,105558,0.63,1,73599,0.16,0
6309,61,74641,217123,0.31,0,177956,0.16,0
6310,31,20274,44858,0.13,1,39111,0.16,0
6311,62,78948,104138,0.53,0,64596,0.16,0
6312,53,22277,28325,0.06,0,17178,0.16,0
6313,56,50323,34128,0.45,1,27393,0.16,0
6314,57,52665,82654,0.49,1,65607,0.16,0
6315,61,65277,182023,0.05,0,134244,0.16,0
6316,37,44789,75924,0.47,1,64419,0.16,1
6317,55,29075,80755,0.18,0,66608,0.16,0
6318,25,53758,136698,0.25,1,121661,0.16,0
6319,52,145255,430022,0.44,0,365843,0.16,0
6320,23,48668,139640,0.33,0,87213,0.16,0
6321,55,31549,71496,0.37,1,51820,0.16,0
6322,34,38809,103932,0.19,0,73474,0.16,0
6323,51,52845,125252,0.32,0,106527,0.16,0
6324,51,42859,96796,0.37,1,64920,0.16,0
6325,37,39982,91514,0.42,0,57927,0.16,0
6326,44,95198,219203,0.39,1,136654,0.16,0
6327,43,63490,91968,0.2,1,70685,0.16,0
6328,38,46200,72021,0.46,0,49822,0.16,0
6329,34,46377,57283,0.18,0,37623,0.16,0
6330,35,53454,46539,0.39,0,40621,0.16,0
6331,35,64871,106784,0.1,0,64551,0.16,0
6332,26,93074,255941,0.21,1,187441,0.16,0
6333,47,39896,84905,0.16,0,63311,0.16,0
6334,35,29815,19095,0.33,0,14544,0.16,0
6335,56,37121,93841,0.26,1,77721,0.16,0
6336,28,31640,89810,0.2,1,54057,0.16,0
6337,35,22856,58821,0.22,0,39469,0.16,0
6338,23,99240,230123,0.32,0,192022,0.16,0
6339,33,75153,65781,0.32,0,46163,0.16,0
6340,61,15650,21479,0.13,0,16598,0.16,0
6341,54,54664,104584,0.61,0,71610,0.16,1
6342,44,40604,28104,0.23,0,17569,0.16,0
6343,60,38255,29290,0.22,0,19788,0.16,0
6344,52,14139,40093,0.7,2,33970,0.24,0
6345,52,48405,109236,0.22,0,76702,0.16,0
6346,50,50943,60505,0.01,0,46267,0.16,0
6347,33,27215,35880,0.51,0,21668,0.16,0
6348,21,110345,161222,0.38,1,121984,0.16,0
6349,54,72814,50072,0.4,1,40927,0.16,0
6350,35,28762,67531,0.34,0,52307,0.16,0
6351,64,81758,77022,0.21,0,46738,0.16,0
6352,34,38840,97597,0.38,0,59177,0.16,0
6353,49,83079,217225,0.43,1,188147,0.16,0
6354,54,23826,49941,0.39,1,33177,0.16,0
6355,38,53371,129405,0.18,1,104156,0.16,0
6356,27,26685,24806,0.39,0,15117,0.16,1
6357,49,32251,62562,0.51,0,43258,0.16,0
6358,51,18660,40902,0.13,0,28528,0.16,0
6359,45,26443,56955,0.71,1,48735,0.16,1
6360,58,26366,20914,0.16,0,17595,0.16,0
6361,34,24768,33708,0.18,1,28638,0.16,0
6362,28,53868,70706,0.65,2,62400,0.24,1
6363,47,20270,39147,0.49,0,27858,0.16,0
6364,22,56920,137353,0.24,0,91388,0.16,0
6365,37,81060,156160,0.34,0,128224,0.16,0
6366,57,31428,75020,0.04,0,46885,0.16,0
6367,34,46982,35115,0.04,0,31366,0.16,0
6368,45,41447,111714,0.64,0,91999,0.16,0
6369,50,39904,73484,0.25,0,50375,0.16,0
6370,49,13660,8110,0.36,1,6790,0.16,0
6371,40,27905,58824,0.16,0,51379,0.16,0
6372,41,101794,182554,0.23,0,117875,0.16,0
6373,42,57637,60572,0.14,0,48349,0.16,0
6374,55,43447,104753,0.32,0,67351,0.16,0
6375,57,17847,50576,0.06,0,38969,0.16,0
6376,36,65945,86170,0.06,0,56419,0.16,0
6377,63,31075,53908,0.27,0,40598,0.16,0
6378,37,26403,21662,0.2,0,16237,0.16,0
6379,36,27761,78410,0.51,1,54068,0.16,0
6380,22,63279,82072,0.45,1,50577,0.16,0
6381,24,47311,46694,0.6,0,39058,0.16,0
6382,41,75531,128105,0.45,2,95128,0.24,0
6383,59,86065,52345,0.18,0,42067,0.16,0
6384,54,33869,38342,0.33,0,33049,0.16,0
6385,50,47985,32108,0.08,0,21726,0.16,0
6386,26,42129,34479,0.47,1,26672,0.16,0
6387,37,24812,19363,0.52,1,16379,0.16,1
6388,59,26663,71484,0.36,1,62896,0.16,0
6389,45,45157,127617,0.38,0,79192,0.16,0
6390,25,47641,80337,0.12,0,51802,0.16,0
6391,25,47693,99012,0.18,0,63027,0.16,0
6392,40,47731,106905,0.31,0,67571,0.16,0
6393,36,32597,48187,0.4,0,42235,0.16,1
6394,61,141593,201844,0.04,0,159859,0.16,0
6395,57,55044,120487,0.15,0,103959,0.16,0
6396,60,36762,53002,0.33,0,38643,0.16,0
6397,29,59943,117040,0.02,0,101557,0.16,0
6398,25,32028,57265,0.55,1,45292,0.16,0
6399,62,49680,89978,0.24,1,75516,0.16,0
6400,22,59894,154131,0.42,0,119204,0.16,0
6401,29,64567,145930,0.21,1,100636,0.16,0
6402,63,26143,75859,0.64,4,58372,0.24,1
6403,56,222915,552258,0.46,0,451755,0.16,0
6404,42,88512,76516,0.48,0,61251,0.16,0
6405,42,135435,317758,0.19,0,235060,0.16,0
6406,42,43128,93334,0.3,0,56595,0.16,0
6407,54,55458,117299,0.28,0,90763,0.16,0
6408,49,49922,84960,0.32,1,74568,0.16,0
6409,58,37289,24467,0.07,0,21473,0.16,0
6410,53,71596,206104,0.07,0,176867,0.16,0
6411,38,31513,82873,0.52,0,65122,0.16,0
6412,27,69503,119338,0.18,0,89839,0.16,0
6413,21,38213,34256,0.49,0,20790,0.16,0
6414,53,59845,153273,0.16,0,108072,0.16,0
6415,21,101805,160513,0.31,1,137413,0.16,0
6416,44,45866,67665,0.72,1,43816,0.16,0
6417,24,72410,156655,0.35,1,131928,0.16,0
6418,24,38007,91090,0.03,0,62067,0.16,0
6419,38,27155,17843,0.3,1,13635,0.16,0
6420,47,112517,272166,0.29,0,187162,0.16,0
6421,63,71243,166341,0.36,0,113464,0.16,0
6422,52,45834,90431,0.04,0,77928,0.16,0
6423,53,69439,93468,0.41,3,75461,0.24,0
6424,48,29489,26894,0.17,0,17873,0.16,0
6425,62,61152,46269,0.38,0,34393,0.16,0
6426,61,54638,27480,0.37,1,20713,0.16,0
6427,56,67864,68960,0.31,0,56468,0.16,0
6428,26,111398,170254,0.27,1,136891,0.16,0
6429,36,101126,112159,0.19,1,89967,0.16,0
6430,54,24479,31148,0.49,0,22245,0.16,1
6431,43,18076,26682,0.06,0,17860,0.16,0
6432,62,55428,70429,0.55,2,52878,0.24,1
6433,44,53352,123325,0.41,0,101928,0.16,0
6434,33,27775,48031,0.27,0,41757,0.16,0
6435,38,30321,16625,0.31,2,13633,0.24,0
6436,33,33350,35573,0.26,0,25560,0.16,0
6437,57,95560,217317,0.14,1,192796,0.16,0
6438,63,38706,48472,0.28,2,41684,0.24,0
6439,59,23110,64716,0.2,0,56397,0.16,0
6440,62,47466,108301,0.33,0,74194,0.16,0
6441,37,48953,59958,0.05,0,53655,0.16,0
6442,35,29259,52403,0.45,0,35681,0.16,0
6443,38,65853,142775,0.13,0,92664,0.16,0
6444,43,86562,85126,0.15,0,56492,0.16,0
6445,50,41040,45778,0.16,1,36380,0.16,0
6446,54,23110,40854,0.12,0,29422,0.16,0
6447,24,42750,120223,0.17,0,77925,0.16,0
6448,23,57001,77522,0.26,0,63902,0.16,0
6449,27,16664,25084,0.24,0,16102,0.16,0
6450,38,62364,60901,0.44,0,37865,0.16,0
6451,62,40639,80588,0.2,0,69079,0.16,0
6452,27,50104,117763,0.38,2,89796,0.24,0
6453,60,42412,67927,0.32,0,53756,0.16,0
6454,26,33633,79899,0.23,0,71881,0.16,1
6455,42,46374,58269,0.23,0,51673,0.16,0
6456,21,38007,86179,0.48,2,62438,0.24,1
6457,24,40995,46974,0.42,0,35138,0.16,0
6458,63,31564,77383,0.2,1,47819,0.16,0
6459,49,64112,165191,0.33,0,123316,0.16,0
6460,41,90980,226932,0.17,0,155238,0.16,0
6461,46,31677,32902,0.45,1,27212,0.16,0
6462,34,46239,103372,0.38,3,73260,0.24,0
6463,29,28350,52344,0.35,0,31621,0.16,0
6464,32,59516,176470,0.44,1,143539,0.16,1
6465,62,54837,76987,0.21,0,50931,0.16,0
6466,26,36699,89109,0.28,0,60813,0.16,0
6467,40,47033,67031,0.27,0,41790,0.16,0
6468,44,75556,112740,0.12,1,94025,0.16,1
6469,47,21945,17061,0.23,1,11493,0.16,0
6470,58,25695,28242,0.16,1,23408,0.16,0
6471,28,65572,59749,0.21,0,36286,0.16,0
6472,21,50374,45235,0.25,1,35890,0.16,1
6473,44,47330,24731,0.5,1,15732,0.16,0
6474,27,78550,195153,0.35,0,141795,0.16,1
6475,39,69718,116417,0.16,0,80668,0.16,0
6476,42,115560,290104,0.21,1,241979,0.16,0
6477,55,76685,155776,0.36,0,130530,0.16,0
6478,50,63758,164390,0.28,0,140646,0.16,0
6479,49,47715,83950,0.2,0,50765,0.16,0
6480,42,45611,33528,0.22,3,28663,0.24,0
6481,31,48941,99933,0.14,0,67208,0.16,0
6482,40,54802,120258,0.25,1,102282,0.16,0
6483,49,26812,55400,0.16,1,47139,0.16,0
6484,61,55926,140001,0.09,1,93371,0.16,0
6485,62,43405,101079,0.58,2,68106,0.24,0
6486,54,58602,92683,0.29,0,60115,0.16,0
6487,21,36723,93561,0.05,0,61151,0.16,0
6488,51,35252,78593,0.52,0,69669,0.16,1
6489,50,55014,44061,0.27,0,31522,0.16,0
6490,38,62232,115109,0.06,0,70439,0.16,0
6491,37,36244,84136,0.31,0,58794,0.16,0
6492,58,94807,178542,0.18,0,109731,0.16,0
6493,34,94482,271406,0.29,0,242760,0.16,0
6494,43,22221,16748,0.42,0,13390,0.16,1
6495,45,33239,76642,0.18,0,57765,0.16,0
6496,35,51953,133058,0.1,0,84327,0.16,0
6497,42,59005,133152,0.36,1,90531,0.16,0
6498,23,142367,208419,0.35,1,173243,0.16,0
6499,39,52598,76987,0.17,0,67023,0.16,0
6500,64,46249,90944,0.09,1,76951,0.16,0
6501,54,27749,41422,0.31,1,33162,0.16,0
6502,55,22187,60081,0.57,2,45832,0.24,1
6503,21,45851,35526,0.21,0,26267,0.16,0
6504,41,137131,287686,0.68,0,186193,0.16,0
6505,49,44095,36831,0.57,0,23405,0.16,0
6506,26,33310,61636,0.29,0,51912,0.16,0
6507,57,61453,140663,0.66,4,117714,0.24,0
6508,21,17983,16432,0.19,0,9947,0.16,0
6509,21,51003,115271,0.43,0,87149,0.16,0
6510,47,74027,62919,0.35,1,40612,0.16,0
6511,41,30522,62612,0.61,4,51972,0.24,1
6512,36,97191,171433,0.18,0,112305,0.16,0
6513,64,68175,84890,0.37,0,63988,0.16,0
6514,60,97632,76042,0.22,0,60981,0.16,0
6515,46,24633,57632,0.42,0,41329,0.16,0
6516,36,44785,65140,0.45,1,52201,0.16,0
6517,48,77735,55683,0.49,0,48679,0.16,0
6518,21,23180,56373,0.47,0,45996,0.16,0
6519,56,78710,85182,0.16,1,59355,0.16,0
6520,30,44805,104894,0.49,1,74017,0.16,1
6521,63,78418,149954,0.05,0,105023,0.16,0
6522,37,54651,53903,0.36,1,40106,0.16,0
6523,43,99251,68583,0.09,0,43007,0.16,0
6524,27,25694,50954,0.13,2,30883,0.24,1
6525,64,57787,32535,0.43,0,22547,0.16,0
6526,27,23022,15278,0.11,0,12911,0.16,0
6527,64,60461,136372,0.15,0,117354,0.16,0
6528,35,57751,106676,0.19,0,87945,0.16,0
6529,54,42508,55929,0.3,1,36651,0.16,0
6530,24,33126,61219,0.08,0,45799,0.16,0
6531,34,41660,82450,0.31,0,62023,0.16,0
6532,34,51473,98478,0.35,0,64749,0.16,0
6533,36,56505,119021,0.05,0,84502,0.16,0
6534,27,128818,367224,0.27,0,252772,0.16,0
6535,52,75864,111667,0.4,0,75477,0.16,0
6536,39,36554,45797,0.63,0,33059,0.16,0
6537,22,65492,39038,0.07,0,27149,0.16,0
6538,30,76165,66087,0.23,0,58060,0.16,0
6539,37,35313,27036,0.32,1,21330,0.16,0
6540,57,69638,93218,0.55,1,72181,0.16,0
6541,32,23309,47200,0.17,3,34236,0.24,1
6542,26,34675,21354,0.28,0,15725,0.16,1
6543,42,24049,55773,0.4,3,41003,0.24,0
6544,52,44111,65883,0.2,0,39876,0.16,1
6545,61,38683,112519,0.49,1,99848,0.16,0
6546,40,40195,77213,0.35,0,62914,0.16,0
6547,21,73698,178968,0.31,0,136766,0.16,0
6548,26,51292,136075,0.1,1,91299,0.16,0
6549,39,73142,199100,0.03,0,119718,0.16,0
6550,38,110544,198554,0.11,0,135712,0.16,0
6551,26,139711,208428,0.16,0,173969,0.16,0
6552,53,45711,86909,0.12,0,77468,0.16,0
6553,43,64047,96402,0.18,0,79818,0.16,0
6554,43,45370,49988,0.15,0,36465,0.16,0
6555,46,81397,106613,0.34,0,91075,0.16,0
6556,33,73853,79903,0.11,2,71815,0.24,0
6557,27,35232,41348,0.16,0,28629,0.16,1
6558,35,37923,27836,0.7,0,20123,0.16,0
6559,64,98029,153528,0.32,1,112001,0.16,0
6560,47,37250,40535,0.25,1,28985,0.16,0
6561,46,46355,75137,0.04,0,59593,0.16,0
6562,53,68701,170412,0.46,2,146817,0.24,0
6563,35,45125,73137,0.27,2,62882,0.24,1
6564,56,105554,304684,0.46,0,192251,0.16,0
6565,47,82170,71454,0.04,1,43501,0.16,0
6566,25,31505,82721,0.22,0,60446,0.16,0
6567,22,36579,40992,0.57,1,26359,0.16,1
6568,53,65760,186418,0.59,3,115758,0.24,0
6569,36,47762,51003,0.29,0,32249,0.16,1
6570,43,18577,43979,0.25,2,34763,0.24,1
6571,58,30168,19768,0.04,0,13938,0.16,0
6572,36,55107,114321,0.29,0,90248,0.16,0
6573,34,76517,80089,0.17,0,49165,0.16,0
6574,49,77066,167651,0.33,0,147508,0.16,0
6575,46,130799,273314,0.45,0,243273,0.16,0
6576,55,34692,97458,0.35,2,85792,0.24,1
6577,35,35531,73431,0.05,1,49282,0.16,0
6578,23,48403,73602,0.11,0,63152,0.16,1
6579,43,21205,20864,0.59,1,14948,0.16,1
6580,49,48945,104919,0.26,1,84927,0.16,0
6581,54,44455,35160,0.27,0,23087,0.16,0
6582,53,72828,187262,0.34,1,136026,0.16,0
6583,61,79281,88662,0.17,0,76992,0.16,0
6584,61,58608,106103,0.23,0,78227,0.16,0
6585,43,49091,97684,0.14,1,85878,0.16,0
6586,27,58806,82694,0.55,1,58476,0.16,0
6587,23,32977,71219,0.28,1,55440,0.16,0
6588,52,47035,52939,0.64,0,38781,0.16,0
6589,51,49433,28995,0.47,1,18522,0.16,0
6590,38,47214,136834,0.2,0,101781,0.16,0
6591,63,45003,58509,0.35,1,41425,0.16,0
6592,27,35931,82054,0.41,1,54071,0.16,0
6593,61,29354,51922,0.12,0,37752,0.16,0
6594,21,44243,96117,0.13,0,65841,0.16,0
6595,34,65984,51292,0.33,0,34737,0.16,0
6596,52,20564,36955,0.18,0,31694,0.16,0
6597,26,38229,56599,0.29,1,46980,0.16,0
6598,59,137936,224783,0.6,0,180515,0.16,0
6599,30,44511,129772,0.27,0,92059,0.16,0
6600,27,52874,44452,0.05,0,29754,0.16,0
6601,46,122929,293400,0.37,0,231604,0.16,0
6602,54,57510,76250,0.17,0,52128,0.16,0
6603,50,58170,71310,0.13,0,58828,0.16,0
6604,56,31098,36600,0.13,0,27251,0.16,0
6605,41,57320,78640,0.37,0,68660,0.16,1
6606,37,48659,67771,0.41,2,58904,0.24,0
6607,53,77843,91610,0.36,1,67148,0.16,0
6608,30,92842,201349,0.11,0,178449,0.16,0
6609,62,49769,30822,0.35,0,24602,0.16,0
6610,32,59340,78965,0.35,1,61713,0.16,0
6611,36,19054,22874,0.32,1,14364,0.16,1
6612,61,16029,38125,0.26,0,34111,0.16,0
6613,52,84676,73350,0.48,1,46025,0.16,0
6614,35,14080,40152,0.3,0,27337,0.16,0
6615,47,57737,53481,0.46,0,34821,0.16,0
6616,48,44943,64046,0.14,0,39524,0.16,0
6617,37,90732,90663,0.25,0,81564,0.16,0
6618,22,48166,58605,0.12,0,40771,0.16,0
6619,56,120707,290006,0.13,0,178014,0.16,0
6620,27,44269,74859,0.2,0,47722,0.16,0
6621,33,86957,78821,0.34,1,52883,0.16,0
6622,35,23176,14290,0.16,1,8739,0.16,0
6623,45,15505,16664,0.43,0,10731,0.16,1
6624,43,48334,138428,0.19,0,84387,0.16,0
6625,42,24335,63594,0.2,1,41336,0.16,0
6626,46,47573,76137,0.14,0,55850,0.16,0
6627,53,39870,67977,0.25,0,60685,0.16,1
6628,31,66341,182332,0.3,0,146420,0.16,0
6629,30,28790,56957,0.05,0,43351,0.16,0
6630,45,60616,163779,0.56,1,146890,0.16,1
6631,57,75506,130595,0.11,0,105916,0.16,0
6632,63,44229,44239,0.29,0,31455,0.16,0
6633,58,62262,144125,0.18,0,120760,0.16,0
6634,61,30052,54573,0.19,0,40634,0.16,0
6635,44,40484,87894,0.09,0,53795,0.16,1
6636,60,25058,22378,0.15,0,17695,0.16,0
6637,53,157847,334478,0.69,2,273968,0.24,0
6638,37,90616,131904,0.38,0,117879,0.16,0
6639,44,112427,149527,0.13,0,94102,0.16,0
6640,57,89968,196012,0.07,1,136556,0.16,0
6641,22,35186,69689,0.15,0,56910,0.16,0
6642,52,22759,48312,0.35,0,38348,0.16,0
6643,44,39654,115525,0.09,0,87204,0.16,0
6644,29,62171,140070,0.24,1,91987,0.16,0
6645,24,42398,89131,0.08,0,59116,0.16,0
6646,37,16036,32615,0.47,1,29044,0.16,1
6647,37,71220,106601,0.46,1,67352,0.16,0
6648,50,22046,57275,0.24,0,46923,0.16,0
6649,60,39689,57642,0.2,0,34618,0.16,0
6650,31,117229,263836,0.22,0,168097,0.16,0
6651,41,50238,61936,0.42,1,53033,0.16,0
6652,41,83979,73010,0.34,2,50589,0.24,0
6653,38,58303,48065,0.39,1,43182,0.16,0
6654,49,29600,61757,0.28,0,50603,0.16,0
6655,44,70591,93172,0.14,0,66156,0.16,0
6656,30,47495,56406,0.21,0,41068,0.16,0
6657,37,23320,46177,0.15,1,31045,0.16,0
6658,38,21443,12097,0.03,0,10225,0.16,0
6659,62,59375,66236,0.33,0,39888,0.16,0
6660,40,143010,193259,0.34,1,129804,0.16,0
6661,57,28620,64994,0.15,0,55967,0.16,0
6662,38,30379,56580,0.63,0,50479,0.16,0
6663,37,59808,157891,0.33,0,115537,0.16,0
6664,29,25413,33958,0.21,0,28803,0.16,0
6665,34,159058,197407,0.18,1,166742,0.16,0
6666,49,31798,18538,0.53,1,15418,0.16,0
6667,51,38197,109980,0.5,1,93767,0.16,0
6668,24,32785,57496,0.27,0,50815,0.16,0
6669,38,78227,137390,0.11,0,84618,0.16,0
6670,40,144513,405877,0.34,0,287251,0.16,1
6671,63,34488,42240,0.4,0,34229,0.16,0
6672,64,75605,100574,0.36,0,66220,0.16,0
6673,29,25515,54624,0.27,0,41478,0.16,0
6674,33,79192,195045,0.04,0,153504,0.16,0
6675,35,118087,265492,0.32,0,172637,0.16,0
6676,47,101334,250476,0.5,0,201723,0.16,1
6677,35,52386,101512,0.1,0,62062,0.16,0
6678,48,29248,77713,0.57,0,47281,0.16,0
6679,57,49039,91961,0.4,1,75637,0.16,0
6680,39,41963,45041,0.34,1,35834,0.16,0
6681,46,39208,72701,0.53,0,60301,0.16,0
6682,46,54354,124055,0.23,1,74976,0.16,0
6683,45,47416,101182,0.11,0,63075,0.16,0
6684,46,69837,77347,0.4,1,53531,0.16,0
6685,46,70064,42227,0.38,1,26646,0.16,0
6686,48,47505,53737,0.4,1,37588,0.16,0
6687,38,60847,180113,0.15,0,138350,0.16,0
6688,52,94910,91224,0.34,1,69853,0.16,0
6689,23,37578,62414,0.15,0,39160,0.16,0
6690,22,49411,103558,0.3,1,64366,0.16,0
6691,53,29314,79109,0.06,0,48518,0.16,0
6692,62,62313,149591,0.29,0,129232,0.16,0
6693,39,54135,150082,0.19,0,124376,0.16,0
6694,37,61724,124124,0.23,0,105145,0.16,0
6695,64,29898,79627,0.13,0,48223,0.16,0
6696,53,71882,83354,0.09,0,67968,0.16,0
6697,32,51586,81320,0.16,0,64246,0.16,0
6698,23,82022,214030,0.15,0,134651,0.16,0
6699,63,39384,51746,0.42,1,40084,0.16,0
6700,46,68954,184662,0.31,0,114337,0.16,0
6701,55,61237,86208,0.19,0,63448,0.16,0
6702,28,105064,147981,0.09,0,119138,0.16,0
6703,56,46251,58858,0.13,1,36398,0.16,0
6704,27,37144,69361,0.09,0,52252,0.16,0
6705,56,38296,31505,0.12,0,25426,0.16,0
6706,36,28165,16659,0.23,1,10248,0.16,0
6707,44,38118,104577,0.26,0,90048,0.16,0
6708,21,15209,42925,0.52,1,30319,0.16,0
6709,45,97186,67099,0.01,1,46588,0.16,1
6710,30,128929,241644,0.3,1,153792,0.16,0
6711,36,45533,84199,0.18,0,75408,0.16,0
6712,36,61025,87331,0.6,2,67546,0.24,1
6713,28,53210,102283,0.17,1,79267,0.16,0
6714,49,25424,41830,0.11,0,32751,0.16,0
6715,59,81889,141183,0.43,2,102386,0.24,0
6716,48,88232,210728,0.19,0,150636,0.16,0
6717,26,29129,52866,0.03,0,40423,0.16,0
6718,36,57811,75682,0.25,0,49155,0.16,1
6719,40,42985,83977,0.37,0,65221,0.16,0
6720,36,88872,186798,0.38,0,139976,0.16,0
6721,27,47030,101386,0.09,0,65336,0.16,0
6722,61,47672,97525,0.29,1,81320,0.16,1
6723,34,121837,263351,0.33,0,163973,0.16,0
6724,63,25778,32872,0.46,2,22092,0.24,0
6725,46,55493,89639,0.06,0,58326,0.16,0
6726,46,51242,111285,0.31,0,82054,0.16,0
6727,34,36249,86487,0.47,0,70266,0.16,0
6728,27,135932,215501,0.23,0,144959,0.16,0
6729,53,58004,81978,0.2,1,52908,0.16,0
6730,46,68588,157046,0.32,1,120875,0.16,0
6731,40,73666,77749,0.17,0,62174,0.16,0
6732,23,41754,21867,0.41,0,19358,0.16,0
6733,24,91206,153035,0.38,0,119733,0.16,0
6734,46,82476,76985,0.52,1,59307,0.16,0
6735,31,46117,66671,0.17,0,49454,0.16,0
6736,22,78365,96238,0.14,0,65813,0.16,0
6737,34,91123,222627,0.32,2,197096,0.24,0
6738,64,72951,96916,0.44,0,78816,0.16,0
6739,50,32286,67855,0.09,1,50355,0.16,0
6740,32,46808,102265,0.07,0,77685,0.16,0
6741,46,62173,102034,0.29,0,90547,0.16,0
6742,64,55606,39074,0.19,0,29134,0.16,0
6743,53,33772,76017,0.24,0,68264,0.16,0
6744,33,42477,29220,0.06,0,22539,0.16,0
6745,34,58450,43722,0.19,0,38261,0.16,0
6746,44,23049,22818,0.25,1,18645,0.16,0
6747,54,49496,59441,0.46,0,37604,0.16,0
6748,64,69447,181682,0.21,2,142547,0.24,1
6749,46,56470,123517,0.08,0,109422,0.16,0
6750,41,31928,46871,0.31,0,32813,0.16,0
6751,48,34865,102732,0.29,0,72646,0.16,1
6752,56,103104,114342,0.48,1,72573,0.16,0
6753,60,30674,62100,0.28,1,46788,0.16,0
6754,22,88683,232175,0.06,0,160104,0.16,0
6755,62,35930,90006,0.15,0,74835,0.16,0
6756,29,86257,62602,0.36,0,41429,0.16,0
6757,43,64250,144124,0.21,0,118379,0.16,0
6758,35,41191,47149,0.14,0,34082,0.16,0
6759,33,20266,28156,0.11,1,24823,0.16,0
6760,43,59831,103057,0.28,0,79566,0.16,0
6761,37,53679,132956,0.39,0,115126,0.16,0
6762,22,60292,55197,0.3,1,37377,0.16,1
6763,40,64196,49520,0.24,0,43779,0.16,0
6764,40,25410,22452,0.19,0,14931,0.16,0
6765,23,59673,62391,0.34,2,55135,0.24,1
6766,32,71059,46099,0.13,0,39769,0.16,0
6767,60,70641,198917,0.21,0,131410,0.16,0
6768,22,26198,33997,0.54,1,27096,0.16,1
6769,56,87303,82277,0.2,0,58478,0.16,0
6770,34,60739,127223,0.09,0,91659,0.16,0
6771,36,64716,159686,0.4,0,97704,0.16,0
6772,39,31324,74647,0.45,1,63339,0.16,0
6773,54,71578,164398,0.14,1,111440,0.16,0
6774,64,20703,12966,0.22,0,10769,0.16,0
6775,26,32077,78761,0.19,1,61177,0.16,0
6776,33,92345,162037,0.14,0,144412,0.16,1
6777,56,69863,148299,0.09,0,97912,0.16,0
6778,42,56712,163957,0.27,2,114138,0.24,1
6779,38,78578,198541,0.23,0,129039,0.16,0
6780,32,81356,208550,0.34,0,177201,0.16,0
6781,50,71607,68289,0.35,0,47740,0.16,0
6782,60,43971,74356,0.09,0,48966,0.16,0
6783,27,31602,90802,0.61,1,70607,0.16,0
6784,52,35182,68841,0.9,0,49102,0.16,0
6785,39,99239,75070,0.41,2,63334,0.24,0
6786,26,25906,60349,0.24,1,50036,0.16,1
6787,40,62655,38051,0.51,1,24199,0.16,0
6788,47,62703,147712,0.07,1,126554,0.16,0
6789,63,102132,275698,0.33,0,246686,0.16,0
6790,57,62616,97876,0.48,0,80774,0.16,1
6791,27,39671,60856,0.17,0,51556,0.16,0
6792,25,39985,50402,0.38,0,44113,0.16,0
6793,31,48879,131599,0.36,0,109984,0.16,0
6794,35,86364,161454,0.53,0,125194,0.16,0
6795,23,73369,142933,0.21,0,88682,0.16,0
6796,25,28485,61364,0.31,1,45736,0.16,0
6797,43,56349,70468,0.12,0,58832,0.16,0
6798,57,74060,117160,0.27,0,79301,0.16,0
6799,29,43538,102489,0.44,0,81587,0.16,0
6800,35,16647,49337,0.47,1,34266,0.16,0
6801,23,44434,26027,0.18,0,22348,0.16,0
6802,49,23328,14151,0.41,1,10032,0.16,1
6803,26,21553,33842,0.35,1,20766,0.16,0
6804,37,83498,179441,0.08,0,139013,0.16,1
6805,46,172908,253467,0.3,1,155559,0.16,0
6806,41,96968,290816,0.15,0,193306,0.16,0
6807,28,13289,13134,0.18,1,9856,0.16,0
6808,41,44958,23369,0.17,1,19582,0.16,0
6809,31,36503,35602,0.19,0,24779,0.16,0
6810,58,23494,63835,0.36,0,43842,0.16,0
6811,28,61847,53366,0.22,1,33828,0.16,1
6812,62,44694,75865,0.25,0,58848,0.16,0
6813,44,27390,42404,0.29,0,32216,0.16,0
6814,55,17532,37944,0.18,0,22867,0.16,0
6815,34,36153,23010,0.53,0,18658,0.16,1
6816,34,49214,105656,0.35,0,77986,0.16,0
6817,30,46202,64076,0.15,0,44003,0.16,0
6818,32,83398,234773,0.31,0,190926,0.16,0
6819,58,58046,152209,0.13,0,128394,0.16,0
6820,64,41261,61840,0.44,0,48182,0.16,0
6821,54,32577,97152,0.17,0,61043,0.16,0
6822,61,20222,12737,0.22,1,11103,0.16,0
6823,30,28406,70207,0.23,0,42499,0.16,0
6824,37,96679,153196,0.24,0,101538,0.16,0
6825,37,75533,119588,0.5,1,81238,0.16,0
6826,23,56635,52406,0.12,0,37260,0.16,0
6827,51,38290,68431,0.21,0,48356,0.16,0
6828,21,91172,64895,0.3,0,56438,0.16,0
6829,32,29567,60359,0.19,0,50631,0.16,0
6830,59,29737,32828,0.38,0,21680,0.16,0
6831,24,46782,108166,0.35,0,95860,0.16,1
6832,62,16455,33212,0.06,0,23536,0.16,0
6833,33,29151,68971,0.45,0,45904,0.16,0
6834,54,43559,103424,0.09,0,91397,0.16,0
6835,62,38924,38603,0.12,0,29784,0.16,0
6836,41,29907,15003,0.42,0,11655,0.16,1
6837,42,135631,191836,0.33,0,152854,0.16,0
6838,24,96918,271144,0.06,0,213544,0.16,0
6839,38,115531,224678,0.03,0,177263,0.16,0
6840,25,46652,108174,0.33,1,64967,0.16,0
6841,39,38395,103625,0.37,1,83491,0.16,0
6842,22,109188,301920,0.14,0,248371,0.16,0
6843,32,51154,93231,0.07,0,56691,0.16,0
6844,37,28846,53433,0.24,1,42070,0.16,0
6845,30,29866,78468,0.18,0,53310,0.16,0
6846,54,41680,104979,0.22,0,82773,0.16,0
6847,26,48484,108950,0.26,2,74028,0.24,0
6848,28,51058,102685,0.38,1,64565,0.16,0
6849,31,44721,91366,0.48,0,59705,0.16,1
6850,32,157913,222227,0.15,0,194522,0.16,0
6851,29,24920,64849,0.25,0,47452,0.16,1
6852,22,68621,140292,0.19,0,122741,0.16,0
6853,28,38610,40881,0.76,3,30464,0.24,0
6854,31,48079,52868,0.08,0,45969,0.16,0
6855,56,78452,208212,0.36,0,160380,0.16,0
6856,30,20103,41497,0.34,1,29268,0.16,0
6857,41,30548,45723,0.29,0,30480,0.16,0
6858,40,45851,44372,0.13,0,31564,0.16,0
6859,28,102552,207723,0.1,0,135659,0.16,0
6860,56,102282,98270,0.41,0,87896,0.16,0
6861,49,92841,155547,0.67,1,109597,0.16,0
6862,62,16371,35914,0.08,1,27548,0.16,0
6863,32,29001,55494,0.18,1,49889,0.16,0
6864,34,29604,83046,0.17,1,62755,0.16,1
6865,41,47685,28577,0.39,1,19809,0.16,0
6866,42,19408,23279,0.46,1,18255,0.16,0
6867,41,84876,54551,0.12,0,46103,0.16,0
6868,64,18084,17840,0.41,1,14003,0.16,0
6869,50,82146,66534,0.19,1,44318,0.16,1
6870,59,75767,176662,0.53,0,116197,0.16,0
6871,40,28362,40371,0.56,1,32908,0.16,1
6872,44,92131,259128,0.16,0,221466,0.16,0
6873,43,41497,23173,0.08,0,18764,0.16,0
6874,27,36448,77718,0.14,0,48804,0.16,0
6875,29,39706,116194,0.19,0,80949,0.16,0
6876,21,41446,38942,0.46,1,31373,0.16,0
6877,46,43397,69699,0.38,0,56687,0.16,1
6878,58,43893,98966,0.03,0,73160,0.16,0
6879,58,31408,65417,0.14,0,45099,0.16,0
6880,64,35274,67552,0.4,2,42399,0.24,0
6881,42,36834,48506,0.26,1,29874,0.16,0
6882,64,113138,262536,0.16,0,166511,0.16,0
6883,30,36843,78591,0.12,0,55109,0.16,0
6884,26,35679,32360,0.52,1,25337,0.16,1
6885,37,104627,304488,0.29,1,260169,0.16,0
6886,58,41730,78835,0.42,0,53231,0.16,0
6887,44,31410,56966,0.2,1,35471,0.16,0
6888,30,28184,73858,0.11,0,65715,0.16,0
6889,28,24098,50630,0.1,0,39747,0.16,0
6890,41,64253,44090,0.1,0,28334,0.16,0
6891,26,19887,35129,0.05,0,23719,0.16,0
6892,41,96102,235593,0.48,0,170947,0.16,0
6893,59,46832,105369,0.17,0,93800,0.16,0
6894,44,39397,115311,0.3,0,73243,0.16,0
6895,53,43731,24589,0.25,0,17905,0.16,0
6896,38,61791,71247,0.54,2,52092,0.24,0
6897,48,38757,72587,0.19,0,65157,0.16,0
6898,52,44538,91246,0.54,2,60023,0.24,1
6899,32,82995,98422,0.14,0,72882,0.16,0
6900,62,58305,149669,0.1,0,134112,0.16,1
6901,47,26239,23900,0.27,0,19050,0.16,0
6902,30,34410,17278,0.15,0,11222,0.16,0
6903,62,20116,57953,0.33,0,51045,0.16,0
6904,52,66677,98608,0.38,0,75221,0.16,0
6905,62,70333,203524,0.53,0,171816,0.16,0
6906,46,30724,36709,0.01,0,30901,0.16,0
6907,45,155193,102213,0.13,1,78270,0.16,0
6908,31,165867,403272,0.11,0,340707,0.16,0
6909,43,49583,128397,0.19,0,111122,0.16,0
6910,54,32902,56927,0.08,0,48034,0.16,0
6911,60,56212,38484,0.37,1,30376,0.16,0
6912,43,32515,69430,0.54,2,53897,0.24,1
6913,49,78827,75308,0.2,0,55654,0.16,0
6914,51,53272,139756,0.45,0,87253,0.16,0
6915,27,55223,65442,0.34,0,48639,0.16,0
6916,60,118134,309424,0.68,1,244082,0.16,0
6917,53,35971,56377,0.31,0,41478,0.16,0
6918,41,36698,73073,0.17,0,53019,0.16,0
6919,22,75296,186275,0.11,0,124962,0.16,0
6920,38,39695,23860,0.32,0,16936,0.16,0
6921,53,109306,279048,0.15,1,184508,0.16,0
6922,57,80841,68441,0.23,0,42664,0.16,0
6923,54,40713,56837,0.12,0,46451,0.16,0
6924,40,19815,33327,0.36,0,26992,0.16,0
6925,55,23715,64945,0.28,0,49047,0.16,0
6926,38,38527,21424,0.23,0,13362,0.16,1
6927,44,60015,113908,0.44,1,89411,0.16,1
6928,28,85062,179166,0.26,0,122498,0.16,0
6929,50,43974,56790,0.41,1,50245,0.16,0
6930,64,31431,38541,0.44,0,23683,0.16,0
6931,30,45689,78867,0.48,1,47388,0.16,0
6932,43,49522,47924,0.47,0,40723,0.16,0
6933,31,94133,157230,0.46,2,105281,0.24,1
6934,22,91556,220884,0.48,0,176929,0.16,0
6935,46,29704,77631,0.36,1,54706,0.16,1
6936,56,61515,89990,0.3,1,76225,0.16,0
6937,53,31986,65355,0.26,0,55949,0.16,0
6938,33,32441,16222,0.36,1,14316,0.16,0
6939,60,82399,154570,0.14,0,110606,0.16,0
6940,45,44371,130366,0.29,1,78452,0.16,0
6941,24,67503,86448,0.2,0,55606,0.16,0
6942,62,64046,127255,0.52,3,88111,0.24,0
6943,39,47110,113332,0.37,0,95474,0.16,0
6944,38,57901,117095,0.37,0,102238,0.16,0
6945,57,54280,83930,0.3,0,55649,0.16,0
6946,50,27578,24308,0.38,1,17431,0.16,0
6947,39,62546,103779,0.32,0,79894,0.16,0
6948,43,34440,42600,0.23,0,29100,0.16,0
6949,36,28722,64331,0.26,1,45216,0.16,0
6950,21,75156,120608,0.33,0,100833,0.16,0
6951,32,36473,95730,0.32,0,62287,0.16,1
6952,44,85420,83994,0.09,0,63979,0.16,0
6953,54,84895,131103,0.25,0,101518,0.16,0
6954,28,38623,73142,0.2,0,46996,0.16,0
6955,38,83631,68162,0.28,0,55257,0.16,0
6956,25,40349,79478,0.37,1,52449,0.16,0
6957,46,47372,58139,0.15,0,47048,0.16,0
6958,50,62748,67381,0.23,0,48499,0.16,0
6959,33,135903,116166,0.59,0,91028,0.16,0
6960,39,78468,107870,0.35,2,83579,0.24,1
6961,49,47624,134416,0.19,1,120342,0.16,0
6962,23,51619,29810,0.22,0,18454,0.16,0
6963,46,22213,58428,0.25,0,39930,0.16,0
6964,60,81015,120987,0.07,0,94000,0.16,0
6965,32,76777,146183,0.45,0,120898,0.16,0
6966,22,56485,100658,0.46,1,87386,0.16,0
6967,31,70184,197522,0.33,1,124348,0.16,0
6968,64,17808,43190,0.04,0,29534,0.16,0
6969,48,28541,84540,0.3,0,53602,0.16,0
6970,38,120660,299969,0.12,0,186566,0.16,0
6971,33,43093,53423,0.39,0,32357,0.16,0
6972,57,71590,208127,0.29,2,175081,0.24,0
6973,42,33748,99857,0.21,1,64597,0.16,0
6974,32,39297,31741,0.43,1,22737,0.16,0
6975,22,123913,341084,0.36,2,205887,0.24,0
6976,57,45309,97890,0.08,0,83101,0.16,0
6977,27,63689,178646,0.64,0,112972,0.16,0
6978,46,52324,145949,0.21,0,107027,0.16,1
6979,46,55448,151286,0.15,0,107121,0.16,0
6980,44,54508,147890,0.08,0,99997,0.16,0
6981,32,18236,14481,0.2,1,10693,0.16,0
6982,36,62226,53439,0.27,0,32693,0.16,0
6983,43,37465,29764,0.1,0,21112,0.16,1
6984,60,119346,86832,0.12,0,66120,0.16,1
6985,29,33312,46077,0.04,0,36046,0.16,0
6986,52,38723,85573,0.33,0,65412,0.16,0
6987,35,166551,230961,0.13,0,170051,0.16,0
6988,57,70382,161931,0.44,0,125551,0.16,0
6989,33,29980,76470,0.21,0,47928,0.16,0
6990,25,53541,115945,0.41,0,80336,0.16,0
6991,31,26630,44279,0.29,0,39408,0.16,0
6992,30,55758,69072,0.59,0,61270,0.16,0
6993,33,32787,26590,0.2,0,20978,0.16,1
6994,61,124545,215977,0.19,0,161938,0.16,0
6995,35,60502,139093,0.22,0,93062,0.16,0
6996,62,63817,119376,0.17,0,84524,0.16,0
6997,27,78816,181568,0.11,0,144177,0.16,0
6998,60,83350,111526,0.12,0,94093,0.16,0
6999,48,34733,23166,0.28,0,19648,0.16,0
7000,52,51404,124795,0.12,0,80061,0.16,0
7001,55,39232,41166,0.47,0,30939,0.16,0
7002,35,139669,285024,0.22,0,232084,0.16,0
7003,56,15636,39257,0.47,0,31754,0.16,0
7004,41,36770,31172,0.36,0,27807,0.16,0
7005,26,47099,94020,0.12,0,60000,0.16,0
7006,21,52494,116717,0.4,1,86196,0.16,0
7007,24,51961,122956,0.14,0,76652,0.16,0
7008,31,47902,41634,0.03,0,32108,0.16,0
7009,64,45197,115830,0.22,0,93258,0.16,0
7010,46,55306,40670,0.53,0,25315,0.16,0
7011,57,61743,111073,0.2,0,84413,0.16,0
7012,43,120012,193043,0.19,0,172139,0.16,0
7013,49,119483,125984,0.33,1,76923,0.16,0
7014,41,56982,71502,0.12,0,46721,0.16,0
7015,47,38266,34863,0.56,0,26630,0.16,0
7016,59,39628,61990,0.06,1,50447,0.16,0
7017,60,25411,14961,0.24,0,12676,0.16,0
7018,33,78953,214932,0.25,0,148166,0.16,1
7019,43,47936,43560,0.09,0,30516,0.16,0
7020,36,61000,165617,0.09,0,138567,0.16,0
7021,50,57923,154013,0.13,0,111849,0.16,0
7022,24,34585,56345,0.22,0,48611,0.16,0
7023,60,32515,56716,0.6,2,49683,0.24,0
7024,36,39086,49044,0.27,0,41949,0.16,0
7025,51,62496,186999,0.2,0,116909,0.16,0
7026,62,47080,102489,0.37,0,78089,0.16,0
7027,45,20279,58393,0.31,0,51611,0.16,0
7028,64,29375,45149,0.1,0,40142,0.16,0
7029,32,42886,116115,0.17,0,87994,0.16,0
7030,46,48281,78243,0.18,0,57102,0.16,0
7031,57,63433,169180,0.45,0,111075,0.16,0
7032,53,49992,41359,0.29,0,37188,0.16,0
7033,48,40890,85547,0.19,1,67236,0.16,0
7034,29,40193,88294,0.18,0,55092,0.16,0
7035,32,54215,116043,0.41,0,100159,0.16,1
7036,25,60416,97727,0.32,1,77888,0.16,0
7037,48,41568,91856,0.16,1,64254,0.16,1
7038,55,28599,31420,0.11,0,20597,0.16,0
7039,25,46662,92839,0.17,1,74227,0.16,0
7040,54,35421,66789,0.25,1,40263,0.16,0
7041,54,56601,73346,0.22,1,63019,0.16,0
7042,33,102782,251523,0.39,1,198429,0.16,0
7043,59,24939,17511,0.15,0,11622,0.16,0
7044,62,87146,80923,0.34,0,65429,0.16,0
7045,34,61977,103989,0.01,1,70601,0.16,0
7046,31,85086,232228,0.28,0,200967,0.16,0
7047,62,39423,76397,0.17,0,61006,0.16,0
7048,58,23789,61974,0.13,0,53662,0.16,0
7049,24,53629,96206,0.55,2,78787,0.24,1
7050,53,98700,243161,0.28,1,174656,0.16,0
7051,27,28846,37917,0.74,1,32027,0.16,1
7052,61,31096,78917,0.16,0,66675,0.16,0
7053,28,65748,98899,0.51,2,88142,0.24,0
7054,57,37945,71984,0.13,0,56556,0.16,0
7055,30,112762,105962,0.29,1,85413,0.16,0
7056,63,67916,190238,0.05,0,141643,0.16,0
7057,35,34213,77104,0.26,0,52509,0.16,1
7058,58,36963,97846,0.35,1,61123,0.16,0
7059,35,37701,38442,0.09,0,31764,0.16,0
7060,25,47980,32108,0.36,1,23787,0.16,1
7061,49,57080,76659,0.49,1,65424,0.16,0
7062,39,55034,98605,0.24,0,71947,0.16,0
7063,30,27935,70003,0.18,0,61791,0.16,0
7064,32,76952,114990,0.29,0,81814,0.16,0
7065,24,42402,49817,0.33,1,36404,0.16,0
7066,51,30829,44127,0.26,0,35178,0.16,0
7067,38,38889,87850,0.2,0,61083,0.16,0
7068,36,81401,109121,0.13,0,86019,0.16,0
7069,60,53914,158933,0.16,1,95984,0.16,1
7070,56,56318,52795,0.26,1,35551,0.16,0
7071,45,27309,65070,0.27,0,43599,0.16,0
7072,43,52371,103323,0.29,0,65433,0.16,0
7073,32,80721,87399,0.07,0,76706,0.16,0
7074,54,19900,47442,0.17,1,42469,0.16,0
7075,56,40357,65331,0.16,1,39987,0.16,0
7076,57,66942,147673,0.52,0,108290,0.16,0
7077,23,53057,114371,0.2,0,74319,0.16,0
7078,29,29454,22874,0.48,0,19416,0.16,0
7079,38,59822,155534,0.28,0,100197,0.16,0
7080,63,27345,60259,0.17,0,39479,0.16,0
7081,55,31768,77878,0.49,0,63896,0.16,0
7082,54,33480,54218,0.23,0,33981,0.16,0
7083,61,106052,104742,0.3,0,92674,0.16,0
7084,34,21271,27982,0.39,0,22943,0.16,1
7085,24,22071,60776,0.25,1,54282,0.16,0
7086,49,56481,160691,0.16,2,117967,0.24,0
7087,61,51658,88059,0.32,0,58947,0.16,0
7088,35,38755,48327,0.34,0,42564,0.16,0
7089,48,49360,114800,0.08,0,86357,0.16,0
7090,62,28788,69522,0.48,0,61527,0.16,0
7091,36,51331,130312,0.29,0,115460,0.16,0
7092,32,54436,31448,0.21,0,26409,0.16,0
7093,25,89980,47179,0.38,0,31503,0.16,0
7094,54,127215,177196,0.43,0,118760,0.16,0
7095,62,42881,37788,0.08,0,30003,0.16,0
7096,21,25934,65157,0.06,0,48420,0.16,0
7097,59,59426,108874,0.6,0,78929,0.16,0
7098,52,45848,117525,0.06,0,77706,0.16,0
7099,46,44844,42255,0.08,0,28165,0.16,0
7100,37,21904,45298,0.28,1,32137,0.16,0
7101,47,51498,100443,0.14,0,79289,0.16,0
7102,44,60562,81815,0.47,1,50120,0.16,0
7103,55,80555,144411,0.18,0,103591,0.16,0
7104,62,38072,75099,0.31,0,61902,0.16,0
7105,59,32445,88371,0.4,0,64184,0.16,0
7106,46,37921,24235,0.17,0,18880,0.16,0
7107,58,78185,200031,0.15,1,126050,0.16,0
7108,43,98032,289232,0.37,2,255003,0.24,0
7109,42,85861,200007,0.05,0,128344,0.16,0
7110,24,67767,158802,0.27,0,126204,0.16,0
7111,29,48238,50405,0.13,0,32760,0.16,0
7112,24,52149,94268,0.43,2,84395,0.24,0
7113,27,56093,127042,0.35,1,100343,0.16,1
7114,43,43214,86674,0.47,0,65538,0.16,0
7115,22,76465,111855,0.22,0,95483,0.16,0
7116,44,21452,61144,0.4,0,39820,0.16,0
7117,60,23532,42003,0.33,1,30551,0.16,0
7118,51,21434,62687,0.23,1,55991,0.16,0
7119,51,32823,62681,0.46,0,47138,0.16,0
7120,60,96095,238647,0.28,0,188221,0.16,0
7121,63,27052,63709,0.28,0,39527,0.16,0
7122,54,27554,59297,0.08,0,36858,0.16,0
7123,44,32445,17395,0.03,0,10758,0.16,0
7124,46,85285,59151,0.45,1,44193,0.16,0
7125,36,100472,196293,0.3,0,160103,0.16,0
7126,33,81432,226336,0.42,1,157848,0.16,1
7127,35,83995,168229,0.41,0,129968,0.16,1
7128,47,111966,122041,0.22,1,94351,0.16,0
7129,24,19965,25965,0.16,0,16812,0.16,1
7130,36,26570,54678,0.22,0,45124,0.16,1
7131,50,34531,68807,0.49,2,52560,0.24,0
7132,64,51630,149172,0.13,0,94875,0.16,0
7133,50,51546,93953,0.28,0,83082,0.16,0
7134,56,51950,72082,0.26,0,48580,0.16,0
7135,23,74392,134834,0.54,0,97607,0.16,0
7136,42,18789,46325,0.16,0,40921,0.16,0
7137,42,45699,84584,0.39,0,59187,0.16,0
7138,32,55983,73624,0.4,0,48262,0.16,0
7139,41,41657,56093,0.45,0,50189,0.16,0
7140,24,53882,128887,0.19,0,115831,0.16,0
7141,51,81724,54438,0.28,0,43895,0.16,0
7142,64,50569,60019,0.26,0,52110,0.16,0
7143,51,142756,125995,0.5,1,113349,0.16,1
7144,43,78861,225675,0.2,0,145313,0.16,0
7145,40,55997,40611,0.11,0,34622,0.16,0
7146,35,63061,151060,0.51,1,92735,0.16,1
7147,43,71086,147579,0.43,0,117068,0.16,0
7148,48,113858,237053,0.44,0,186616,0.16,0
7149,36,88180,212388,0.46,2,158465,0.24,0
7150,57,63392,95165,0.46,1,73531,0.16,0
7151,41,34052,51141,0.14,2,34946,0.24,0
7152,35,60322,73699,0.15,1,44381,0.16,0
7153,37,65477,130585,0.42,1,85723,0.16,0
7154,57,72325,204282,0.43,1,179812,0.16,0
7155,33,33963,95434,0.59,1,65034,0.16,0
7156,39,70900,160049,0.25,0,130255,0.16,0
7157,50,73149,202290,0.16,0,148993,0.16,1
7158,38,26770,77868,0.21,0,69641,0.16,0
7159,34,26883,66878,0.03,0,59760,0.16,0
7160,56,85734,130279,0.22,1,98850,0.16,1
7161,56,31965,54598,0.26,1,38402,0.16,0
7162,40,105753,299084,0.12,0,215666,0.16,0
7163,39,42639,92740,0.43,3,65586,0.24,0
7164,64,59422,151629,0.32,2,93641,0.24,0
7165,27,57997,45834,0.18,0,28184,0.16,0
7166,64,34295,33772,0.03,0,25949,0.16,0
7167,24,98245,133639,0.19,1,103247,0.16,0
7168,54,42659,41404,0.23,0,25745,0.16,0
7169,22,50483,139644,0.11,0,99998,0.16,0
7170,25,18195,18963,0.38,0,16611,0.16,0
7171,30,25129,47568,0.21,0,34772,0.16,1
7172,52,86125,61461,0.25,0,43444,0.16,0
7173,62,48885,43380,0.06,0,26973,0.16,0
7174,61,36578,40913,0.05,0,34698,0.16,0
7175,33,36873,109042,0.4,0,84748,0.16,0
7176,59,64491,160754,0.2,0,104574,0.16,0
7177,25,92059,201046,0.19,0,145686,0.16,1
7178,30,37017,103301,0.11,1,84580,0.16,0
7179,30,84789,245084,0.22,0,166535,0.16,0
7180,58,45250,73935,0.43,2,55153,0.24,0
7181,47,62964,83063,0.05,0,63372,0.16,0
7182,41,20180,25997,0.32,2,21167,0.24,0
7183,28,21986,12956,0.29,2,9999,0.24,0
7184,21,73868,88574,0.16,0,65271,0.16,0
7185,48,56244,78045,0.09,0,50875,0.16,0
7186,59,59984,35525,0.12,0,24619,0.16,0
7187,34,28584,77362,0.16,0,55384,0.16,0
7188,41,39691,103976,0.2,0,90897,0.16,0
7189,50,21244,23979,0.21,0,19119,0.16,0
7190,41,32089,80427,0.36,0,61312,0.16,1
7191,29,48463,120698,0.2,2,90887,0.24,0
7192,37,57752,77245,0.18,1,61540,0.16,0
7193,25,34321,76970,0.1,0,51480,0.16,0
7194,51,64606,79119,0.15,0,57634,0.16,1
7195,60,48091,32494,0.38,2,24998,0.24,0
7196,58,43784,77147,0.59,0,54798,0.16,0
7197,63,51114,81568,0.15,0,50216,0.16,0
7198,39,140057,118401,0.24,0,86263,0.16,0
7199,56,45229,78082,0.36,1,50105,0.16,0
7200,53,78914,226754,0.47,0,189384,0.16,0
7201,33,64417,149993,0.24,2,112741,0.24,0
7202,34,43300,101632,0.11,0,90445,0.16,0
7203,53,22580,54053,0.3,0,38372,0.16,0
7204,49,35824,84601,0.24,1,57495,0.16,0
7205,63,50929,27998,0.35,1,25177,0.16,0
7206,56,46518,130795,0.7,1,91159,0.16,0
7207,64,93743,241420,0.53,1,173787,0.16,0
7208,30,33970,40303,0.43,2,24299,0.24,0
7209,51,45551,85720,0.23,0,56873,0.16,0
7210,26,64098,130600,0.12,0,108749,0.16,0
7211,21,42656,35398,0.46,1,28731,0.16,1
7212,27,79764,90524,0.32,0,65203,0.16,0
7213,47,28458,15883,0.12,0,13905,0.16,1
7214,41,22928,60985,0.46,1,46530,0.16,0
7215,48,42480,23884,0.35,0,18837,0.16,0
7216,36,47310,61348,0.33,0,51597,0.16,0
7217,43,54668,38027,0.26,0,30840,0.16,0
7218,40,52534,128892,0.03,0,83108,0.16,0
7219,58,39966,112402,0.17,1,83564,0.16,0
7220,45,23063,43982,0.21,0,34352,0.16,0
7221,48,46195,39215,0.32,0,24128,0.16,0
7222,25,29154,55258,0.08,0,37224,0.16,0
7223,41,50781,123187,0.2,0,102862,0.16,0
7224,38,28169,64677,0.07,0,57338,0.16,0
7225,26,59254,139501,0.18,1,124728,0.16,1
7226,49,112865,135204,0.55,0,110248,0.16,0
7227,39,34098,23334,0.7,2,18917,0.24,0
7228,53,26041,22718,0.15,1,18443,0.16,0
7229,21,86877,250967,0.36,1,172886,0.16,0
7230,23,118598,241202,0.28,1,174461,0.16,0
7231,62,26296,61000,0.26,0,39881,0.16,0
7232,41,46827,128664,0.06,0,95347,0.16,0
7233,55,62528,164566,0.45,1,100744,0.16,0
7234,61,43039,45018,0.09,0,38205,0.16,0
7235,60,20418,13172,0.04,0,11647,0.16,0
7236,23,24674,69403,0.25,0,44518,0.16,0
7237,45,26006,76826,0.2,0,57270,0.16,0
7238,58,29142,55904,0.36,2,40913,0.24,0
7239,40,51196,139304,0.31,0,114749,0.16,0
7240,64,84869,91619,0.14,0,69110,0.16,0
7241,54,24866,19335,0.23,0,14192,0.16,0
7242,41,33091,57894,0.16,0,37163,0.16,0
7243,43,28142,71141,0.54,1,48786,0.16,0
7244,26,56625,120986,0.52,0,93925,0.16,0
7245,33,32501,68034,0.32,1,41651,0.16,1
7246,43,29573,16077,0.58,2,11255,0.24,1
7247,29,22058,28537,0.19,0,18348,0.16,0
7248,37,96747,275606,0.17,0,171654,0.16,1
7249,22,146500,122427,0.21,1,89111,0.16,0
7250,39,51127,118405,0.2,1,81895,0.16,0
7251,39,103032,247099,0.44,1,190653,0.16,0
7252,27,36921,86102,0.24,0,56955,0.16,0
7253,62,48998,145681,0.26,1,89832,0.16,1
7254,62,67889,103396,0.75,2,63126,0.24,0
7255,40,33661,74238,0.02,0,54159,0.16,0
7256,29,45264,44546,0.37,2,26832,0.24,0
7257,37,42555,63801,0.04,0,39352,0.16,0
7258,47,61014,105487,0.49,1,74159,0.16,0
7259,22,50565,52439,0.37,1,46260,0.16,0
7260,56,34074,94283,0.05,1,76803,0.16,0
7261,39,42173,96597,0.14,0,79390,0.16,0
7262,37,85594,103516,0.36,1,67409,0.16,0
7263,25,64500,54011,0.36,0,41648,0.16,0
7264,59,61754,75319,0.11,0,50410,0.16,0
7265,38,151448,311598,0.34,0,235408,0.16,0
7266,27,27848,71458,0.09,0,60310,0.16,0
7267,37,69904,122885,0.31,1,89643,0.16,0
7268,59,50382,38100,0.16,0,25473,0.16,0
7269,56,58215,65392,0.56,0,45278,0.16,0
7270,60,53698,73182,0.21,0,54661,0.16,0
7271,24,34518,72154,0.07,0,60826,0.16,0
7272,58,29216,32622,0.27,0,25775,0.16,0
7273,45,49016,53173,0.24,1,47146,0.16,0
7274,25,33153,40297,0.58,0,35985,0.16,0
7275,50,40749,80736,0.45,1,56024,0.16,0
7276,32,73063,126514,0.29,1,100964,0.16,0
7277,24,26543,69120,0.09,0,56160,0.16,1
7278,44,44540,99984,0.3,0,76786,0.16,0
7279,49,83054,179982,0.07,0,151378,0.16,0
7280,29,38040,33727,0.4,2,23029,0.24,0
7281,24,102204,65213,0.32,0,54030,0.16,0
7282,44,22575,40070,0.09,0,27061,0.16,0
7283,34,121746,82678,0.36,0,63074,0.16,0
7284,25,49463,69745,0.66,1,44213,0.16,0
7285,38,25227,14260,0.54,1,11488,0.16,0
7286,62,74353,70042,0.13,0,60026,0.16,0
7287,39,60804,47179,0.46,1,38796,0.16,0
7288,32,97838,244835,0.36,1,216940,0.16,0
7289,38,22742,31050,0.42,1,27840,0.16,1
7290,37,28337,19754,0.44,1,14583,0.16,1
7291,50,72043,83836,0.27,0,54195,0.16,0
7292,44,175390,387089,0.07,0,314998,0.16,0
7293,31,65357,154509,0.23,0,112200,0.16,0
7294,55,70618,56470,0.23,0,40384,0.16,0
7295,43,33502,81959,0.66,1,53641,0.16,1
7296,37,44760,63845,0.1,1,39083,0.16,0
7297,21,35957,79049,0.37,1,65545,0.16,1
7298,35,63017,137299,0.25,1,102225,0.16,0
7299,52,78023,193807,0.26,1,139376,0.16,0
7300,29,53790,120648,0.22,1,85666,0.16,0
7301,35,72963,43571,0.5,2,32734,0.24,0
7302,48,48321,86915,0.15,0,71500,0.16,0
7303,44,95066,87028,0.2,0,63553,0.16,0
7304,55,31863,93196,0.45,0,58583,0.16,0
7305,42,99505,113394,0.12,0,76832,0.16,0
7306,47,34266,53121,0.18,0,33996,0.16,0
7307,39,49424,49016,0.09,2,32204,0.24,0
7308,32,26980,22568,0.54,3,19462,0.24,1
7309,40,63132,126410,0.08,1,82369,0.16,0
7310,21,52351,90721,0.09,0,74192,0.16,0
7311,41,70921,101888,0.25,0,70366,0.16,0
7312,21,20601,14699,0.1,0,12793,0.16,1
7313,30,52413,122641,0.4,2,96474,0.24,0
7314,52,59978,30867,0.44,0,24768,0.16,0
7315,59,29902,49163,0.14,0,37245,0.16,0
7316,42,63991,133192,0.38,0,116959,0.16,0
7317,38,15543,24507,0.22,0,15864,0.16,0
7318,52,45988,37504,0.38,1,25724,0.16,1
7319,47,99334,242933,0.5,0,211683,0.16,0
7320,48,45789,59977,0.15,0,53781,0.16,0
7321,38,34216,28634,0.21,1,23797,0.16,0
7322,59,47461,89020,0.2,0,59087,0.16,0
7323,49,51509,28223,0.25,0,24624,0.16,0
7324,38,76739,100540,0.41,0,65385,0.16,1
7325,64,52310,124320,0.11,0,107223,0.16,0
7326,28,71755,199606,0.29,0,142702,0.16,0
7327,51,51329,101596,0.24,0,62420,0.16,0
7328,54,33702,35185,0.71,1,27568,0.16,1
7329,27,24320,25536,0.34,0,18151,0.16,0
7330,56,59032,118635,0.43,0,71865,0.16,0
7331,38,14248,21612,0.19,2,13944,0.24,0
7332,58,20280,19127,0.26,0,14092,0.16,0
7333,29,24366,60147,0.15,0,47857,0.16,0
7334,29,70074,70116,0.32,1,42760,0.16,0
7335,28,23274,30351,0.73,0,22952,0.16,1
7336,55,62011,40528,0.22,1,24889,0.16,0
7337,38,29261,65937,0.34,0,57412,0.16,0
7338,25,45558,54131,0.51,0,43959,0.16,0
7339,34,47510,51413,0.08,0,32142,0.16,0
7340,48,45219,56903,0.35,2,42807,0.24,0
7341,50,35478,95270,0.39,1,78172,0.16,0
7342,24,22399,40207,0.29,0,27597,0.16,0
7343,59,49682,44451,0.16,0,29174,0.16,0
7344,40,64784,157826,0.27,1,126688,0.16,0
7345,45,68844,70298,0.17,0,58605,0.16,0
7346,48,51067,78193,0.61,0,56317,0.16,0
7347,32,55759,107067,0.19,1,71958,0.16,0
7348,22,33337,65377,0.38,0,57700,0.16,0
7349,63,61373,41278,0.13,0,31407,0.16,0
7350,34,60254,156179,0.11,0,116676,0.16,0
7351,42,42238,71744,0.14,1,58774,0.16,0
7352,51,50213,149290,0.08,0,129707,0.16,0
7353,43,48368,110937,0.2,1,76737,0.16,0
7354,40,61591,183628,0.17,0,154957,0.16,0
7355,58,22653,37007,0.51,1,32567,0.16,0
7356,24,22429,19108,0.26,0,16978,0.16,0
7357,35,23019,53364,0.38,1,43028,0.16,0
7358,44,39246,95932,0.12,0,79744,0.16,0
7359,45,61552,162010,0.42,2,138154,0.24,0
7360,21,15946,19990,0.22,0,16745,0.16,0
7361,27,51379,91285,0.22,0,59896,0.16,0
7362,51,89043,235408,0.05,0,141405,0.16,0
7363,32,56194,149579,0.24,0,115496,0.16,0
7364,62,17864,10079,0.19,0,7936,0.16,0
7365,25,63610,138497,0.1,0,92481,0.16,0
7366,64,55333,110899,0.11,0,72773,0.16,0
7367,62,41302,29256,0.33,1,22225,0.16,0
7368,58,53684,151675,0.72,1,131646,0.16,1
7369,32,24393,39356,0.35,0,25830,0.16,0
7370,59,50286,109907,0.5,2,94795,0.24,0
7371,38,62273,168572,0.3,0,144786,0.16,0
7372,22,34666,28609,0.35,0,19313,0.16,0
7373,30,38738,102253,0.75,0,85822,0.16,0
7374,35,36908,85285,0.4,2,75699,0.24,0
7375,50,38652,100455,0.1,0,65026,0.16,0
7376,64,32368,56226,0.25,0,42944,0.16,0
7377,37,33345,19463,0.12,0,16387,0.16,0
7378,24,63452,138089,0.12,0,96600,0.16,0
7379,27,20509,29457,0.34,0,18346,0.16,0
7380,61,53717,80899,0.38,0,51519,0.16,0
7381,51,63390,101624,0.74,2,71138,0.24,0
7382,59,24925,43176,0.18,0,26457,0.16,0
7383,54,47179,101662,0.62,0,62386,0.16,0
7384,26,30999,71822,0.34,0,64095,0.16,0
7385,58,86522,211295,0.26,0,134582,0.16,0
7386,54,44231,96380,0.31,0,62550,0.16,0
7387,64,102391,256868,0.22,0,199653,0.16,0
7388,35,94953,76472,0.22,0,64577,0.16,0
7389,34,57163,148169,0.11,0,95998,0.16,0
7390,26,143107,210109,0.29,0,128777,0.16,0
7391,57,22309,40645,0.37,1,27066,0.16,0
7392,52,100983,160002,0.22,0,120190,0.16,0
7393,23,42871,72421,0.88,1,64993,0.16,1
7394,23,46011,55837,0.19,0,43855,0.16,0
7395,42,38924,35999,0.49,0,23994,0.16,0
7396,42,23741,18096,0.66,1,10917,0.16,1
7397,30,65172,106132,0.16,1,68966,0.16,0
7398,23,26361,21435,0.17,0,17080,0.16,1
7399,32,36479,40581,0.32,0,28228,0.16,0
7400,49,37295,31105,0.19,2,23842,0.24,0
7401,37,80643,62321,0.34,0,48345,0.16,0
7402,27,47247,127857,0.04,0,82813,0.16,0
7403,33,14445,31563,0.12,1,22806,0.16,1
7404,22,31272,87855,0.04,1,67306,0.16,0
7405,24,22447,47363,0.3,0,40740,0.16,0
7406,30,63022,164479,0.12,0,138137,0.16,0
7407,59,27134,51235,0.45,0,41093,0.16,0
7408,44,36209,59982,0.18,0,49974,0.16,0
7409,37,117614,214197,0.57,0,190107,0.16,0
7410,26,67399,87656,0.57,1,72657,0.16,0
7411,39,27383,58734,0.26,0,38834,0.16,0
7412,25,74052,203119,0.5,0,142350,0.16,1
7413,52,34237,84082,0.1,0,59729,0.16,0
7414,30,73959,122402,0.07,0,89508,0.16,0
7415,29,39888,115068,0.03,0,90911,0.16,0
7416,47,30332,89890,0.56,0,65263,0.16,0
7417,33,28948,50159,0.27,0,37095,0.16,0
7418,39,56602,150651,0.22,0,117197,0.16,0
7419,41,77382,39613,0.51,1,33399,0.16,0
7420,44,59053,39367,0.38,0,28916,0.16,0
7421,58,39485,21952,0.38,2,17323,0.24,0
7422,24,19956,48551,0.16,0,35904,0.16,0
7423,44,35607,24905,0.08,0,22396,0.16,0
7424,55,26212,14223,0.41,2,12559,0.24,0
7425,23,97176,84401,0.29,0,64333,0.16,0
7426,24,40165,50838,0.24,0,42938,0.16,1
7427,57,56964,94660,0.24,0,81310,0.16,0
7428,60,41281,27390,0.28,0,16663,0.16,0
7429,55,60769,106191,0.13,0,93027,0.16,0
7430,51,70198,78632,0.13,0,67476,0.16,0
7431,64,157035,186232,0.18,1,157490,0.16,0
7432,45,39028,99707,0.49,1,76803,0.16,0
7433,60,82582,245046,0.38,0,163772,0.16,0
7434,33,56328,93485,0.09,0,70156,0.16,0
7435,24,36714,47890,0.6,2,40218,0.24,0
7436,34,38048,107623,0.27,0,79156,0.16,0
7437,33,62034,108629,0.35,0,97353,0.16,0
7438,47,42264,98301,0.08,0,65665,0.16,0
7439,26,51661,79266,0.31,0,69217,0.16,1
7440,37,68344,68779,0.38,1,47927,0.16,0
7441,56,170697,364815,0.36,2,310673,0.24,0
7442,60,49823,107722,0.25,0,78674,0.16,0
7443,55,27886,46024,0.23,0,39110,0.16,0
7444,37,59813,70272,0.16,1,54585,0.16,1
7445,61,38483,99268,0.37,1,86576,0.16,1
7446,22,126349,150139,0.3,1,111638,0.16,1
7447,33,38232,82105,0.23,0,72248,0.16,0
7448,22,49473,72228,0.29,1,46097,0.16,0
7449,48,66933,112527,0.14,1,94824,0.16,0
7450,63,62670,64456,0.75,2,42943,0.24,0
7451,46,98232,208615,0.13,0,139562,0.16,0
7452,42,68441,72859,0.14,0,45149,0.16,0
7453,63,158177,271160,0.49,0,222227,0.16,0
7454,23,61374,81084,0.44,2,64311,0.24,1
7455,55,93859,273037,0.2,0,191269,0.16,0
7456,32,38768,114580,0.11,0,102289,0.16,0
7457,44,131585,313662,0.04,0,193666,0.16,0
7458,25,41198,121937,0.1,0,101324,0.16,0
7459,40,103054,80781,0.14,0,54864,0.16,0
7460,59,76569,228237,0.27,0,141530,0.16,0
7461,59,50682,38462,0.42,1,30424,0.16,0
7462,33,103552,159328,0.24,1,111327,0.16,0
7463,61,48727,53471,0.25,1,39309,0.16,0
7464,32,97167,280289,0.45,1,207928,0.16,0
7465,33,59220,123738,0.29,0,75752,0.16,1
7466,30,40594,80896,0.22,0,61443,0.16,1
7467,53,57534,172233,0.16,1,105371,0.16,0
7468,60,49863,101275,0.16,0,66323,0.16,0
7469,36,39290,83114,0.35,3,67740,0.24,1
7470,55,55077,33703,0.36,0,27538,0.16,0
7471,23,59984,158815,0.17,2,95422,0.24,0
7472,25,14367,42026,0.26,0,35918,0.16,0
7473,46,62986,182708,0.43,0,110101,0.16,0
7474,31,71008,74754,0.15,0,66582,0.16,0
7475,27,101298,107860,0.23,0,82850,0.16,0
7476,30,26423,37391,0.35,0,26564,0.16,0
7477,62,29473,37593,0.42,0,29402,0.16,0
7478,54,54428,68798,0.72,0,44344,0.16,0
7479,23,34321,69089,0.22,1,51345,0.16,0
7480,28,27041,67981,0.36,2,54836,0.24,1
7481,51,39866,113295,0.06,0,90220,0.16,0
7482,31,40949,27421,0.24,0,23918,0.16,0
7483,27,29500,35250,0.06,0,24157,0.16,0
7484,22,29402,33445,0.15,0,20774,0.16,0
7485,26,46135,64293,0.12,0,45760,0.16,1
7486,61,23758,37082,0.24,0,23726,0.16,0
7487,52,23567,34712,0.18,1,30129,0.16,0
7488,40,50805,146337,0.24,0,130883,0.16,0
7489,54,104070,165765,0.21,0,131012,0.16,0
7490,36,70722,132885,0.42,0,111373,0.16,0
7491,45,90337,214241,0.17,1,173322,0.16,0
7492,32,19880,45976,0.29,0,35143,0.16,0
7493,27,24238,47443,0.58,3,40254,0.24,1
7494,59,49282,130699,0.32,0,113443,0.16,0
7495,37,74466,153433,0.25,1,115657,0.16,0
7496,31,67441,181207,0.05,0,152819,0.16,0
7497,26,25032,31463,0.16,1,22560,0.16,0
7498,43,86496,71796,0.2,0,48102,0.16,0
7499,47,47066,119961,0.42,0,88638,0.16,0
7500,26,72320,105319,0.29,0,71008,0.16,0
7501,58,36223,77072,0.29,0,55303,0.16,0
7502,22,22654,53084,0.44,0,42052,0.16,0
7503,42,74826,98529,0.32,1,64199,0.16,1
7504,40,61995,109291,0.47,0,89323,0.16,0
7505,45,26296,71980,0.23,0,62541,0.16,0
7506,35,35098,94746,0.39,0,67720,0.16,0
7507,49,69081,163956,0.11,1,146309,0.16,0
7508,28,54340,130788,0.33,1,105506,0.16,0
7509,57,62997,172877,0.22,0,133566,0.16,0
7510,53,37715,88284,0.32,0,61020,0.16,0
7511,42,99863,134711,0.2,1,81492,0.16,0
7512,25,46370,37186,0.14,0,26922,0.16,0
7513,59,15006,23329,0.17,1,20378,0.16,0
7514,38,51713,37148,0.31,1,31249,0.16,0
7515,58,66334,52365,0.28,0,46858,0.16,0
7516,57,56870,163525,0.16,0,137734,0.16,0
7517,50,39603,86719,0.14,0,71010,0.16,0
7518,51,18455,48518,0.33,0,30375,0.16,0
7519,30,35419,74636,0.57,1,66717,0.16,0
7520,35,37131,57417,0.16,0,39479,0.16,0
7521,62,35256,19845,0.6,0,13358,0.16,0
7522,64,66568,192354,0.32,0,117105,0.16,0
7523,38,41493,28104,0.13,0,20247,0.16,0
7524,43,97815,198115,0.11,1,172043,0.16,0
7525,53,43792,33085,0.32,1,27488,0.16,0
7526,36,90033,108973,0.21,0,84548,0.16,0
7527,58,54569,52634,0.21,0,43372,0.16,0
7528,55,55932,105392,0.2,1,64904,0.16,0
7529,54,34841,94686,0.25,0,62152,0.16,0
7530,48,24951,52124,0.2,0,38594,0.16,0
7531,22,47256,102095,0.59,0,81748,0.16,0
7532,50,113939,315876,0.38,1,243440,0.16,0
7533,33,38974,92507,0.26,1,59769,0.16,0
7534,61,36001,95938,0.06,0,81211,0.16,0
7535,36,44983,69317,0.47,0,44412,0.16,0
7536,25,118669,316061,0.4,1,213441,0.16,1
7537,48,72654,153638,0.34,1,135827,0.16,1
7538,59,89960,75478,0.2,0,66523,0.16,0
7539,40,18211,10867,0.08,0,7059,0.16,0
7540,44,32457,36030,0.18,1,24092,0.16,0
7541,47,33025,47749,0.3,0,37865,0.16,0
7542,50,86512,224405,0.14,0,191089,0.16,0
7543,47,68182,160439,0.43,1,123101,0.16,0
7544,46,83112,240063,0.36,0,164228,0.16,0
7545,27,19191,36423,0.34,0,24964,0.16,0
7546,62,85405,202354,0.02,0,123604,0.16,0
7547,58,68163,80991,0.54,1,48730,0.16,0
7548,25,30882,67907,0.21,0,43356,0.16,1
7549,43,44424,100637,0.39,1,90361,0.16,0
7550,48,31357,82187,0.31,1,54150,0.16,0
7551,54,46709,85991,0.43,0,65764,0.16,0
7552,35,61370,130258,0.21,1,84874,0.16,0
7553,52,98924,99678,0.31,0,85710,0.16,0
7554,46,30647,71772,0.29,3,57311,0.24,0
7555,51,38769,100645,0.17,0,82791,0.16,0
7556,39,28241,56039,0.51,2,47341,0.24,1
7557,29,71917,56755,0.65,1,47862,0.16,0
7558,49,22297,28587,0.12,1,17214,0.16,1
7559,59,53557,90446,0.34,0,72498,0.16,1
7560,24,26558,58239,0.22,0,49314,0.16,0
7561,23,50156,65243,0.23,0,40225,0.16,0
7562,49,87374,227235,0.29,0,172648,0.16,0
7563,31,37963,54267,0.12,0,35359,0.16,0
7564,53,54744,33234,0.55,0,22061,0.16,0
7565,58,31364,77939,0.07,0,66453,0.16,0
7566,31,46341,97805,0.44,0,72176,0.16,0
7567,47,22495,56347,0.26,0,36928,0.16,0
7568,53,69832,95825,0.77,1,78943,0.16,0
7569,41,39825,21667,0.18,0,18794,0.16,0
7570,59,44160,30222,0.08,0,24288,0.16,0
7571,51,50746,39556,0.25,0,34660,0.16,0
7572,58,18336,46075,0.45,1,31604,0.16,0
7573,22,34678,43471,0.16,1,31726,0.16,0
7574,47,52450,157074,0.24,1,99208,0.16,0
7575,56,45253,108424,0.45,0,67440,0.16,0
7576,31,145607,291634,0.14,0,210255,0.16,0
7577,38,91982,272179,0.07,0,219007,0.16,0
7578,21,52564,67848,0.57,2,56061,0.24,0
7579,55,29400,26872,0.37,1,17339,0.16,0
7580,55,38274,89682,0.28,1,70321,0.16,0
7581,51,68122,81419,0.37,0,61674,0.16,0
7582,48,50935,147843,0.21,2,124538,0.24,0
7583,59,92786,275590,0.34,0,225600,0.16,0
7584,21,50734,142867,0.17,1,107150,0.16,1
7585,45,51943,148655,0.19,1,100175,0.16,0
7586,63,110426,225173,0.44,1,194351,0.16,0
7587,58,28331,63186,0.51,0,41081,0.16,1
7588,40,116649,85808,0.48,0,58178,0.16,1
7589,23,72028,173416,0.42,2,139127,0.24,0
7590,22,247146,248420,0.22,0,188427,0.16,0
7591,38,34519,89777,0.24,1,56677,0.16,0
7592,64,110713,321491,0.18,0,239641,0.16,0
7593,30,52414,54035,0.48,0,34332,0.16,0
7594,25,44676,31053,0.61,1,19646,0.16,1
7595,29,57093,97613,0.24,0,66065,0.16,0
7596,22,52187,129364,0.11,0,84286,0.16,1
7597,54,33207,80580,0.38,1,72323,0.16,1
7598,58,45898,102905,0.29,1,91312,0.16,0
7599,51,57156,145847,0.21,1,119198,0.16,1
7600,30,39633,37154,0.25,0,31649,0.16,0
7601,32,64229,136797,0.6,0,118940,0.16,0
7602,56,42280,85160,0.14,1,64628,0.16,0
7603,41,61646,54469,0.64,0,45889,0.16,0
7604,26,58038,89150,0.52,0,77628,0.16,0
7605,23,61430,161642,0.25,1,99431,0.16,0
7606,30,24975,73164,0.06,0,61593,0.16,0
7607,25,84841,183559,0.47,1,114702,0.16,1
7608,46,31792,89171,0.75,0,78759,0.16,0
7609,41,44670,37081,0.44,2,29730,0.24,1
7610,46,35492,104263,0.34,0,93784,0.16,0
7611,58,50801,29655,0.27,0,21375,0.16,0
7612,64,46371,84309,0.29,0,72325,0.16,0
7613,46,67886,83331,0.02,0,73904,0.16,0
7614,28,50108,127012,0.38,0,87408,0.16,0
7615,25,40302,42069,0.22,0,36109,0.16,0
7616,35,19956,10553,0.46,0,7516,0.16,1
7617,36,76279,117204,0.37,0,85031,0.16,1
7618,21,63498,41925,0.4,0,36114,0.16,0
7619,36,77851,95385,0.1,0,72665,0.16,0
7620,57,44680,94246,0.3,0,67988,0.16,0
7621,23,58598,72471,0.27,1,46784,0.16,0
7622,51,35358,39405,0.16,0,28810,0.16,0
7623,33,33779,30020,0.14,0,24589,0.16,0
7624,36,42539,35644,0.31,0,28762,0.16,0
7625,63,77722,141037,0.19,2,117731,0.24,0
7626,41,42728,94162,0.32,2,77840,0.24,0
7627,22,47712,77858,0.35,0,55143,0.16,1
7628,47,55338,44768,0.32,0,38123,0.16,1
7629,58,49645,105217,0.35,0,64354,0.16,0
7630,46,81403,154079,0.2,0,93763,0.16,0
7631,58,33724,49007,0.18,0,43461,0.16,0
7632,45,51527,68279,0.14,0,58920,0.16,0
7633,31,62138,59520,0.5,0,42901,0.16,0
7634,28,21565,18669,0.16,1,15923,0.16,0
7635,28,55995,75421,0.2,1,59961,0.16,0
7636,53,95895,57928,0.14,0,37711,0.16,0
7637,27,41140,65477,0.4,2,48246,0.24,0
7638,58,28494,57100,0.24,0,35344,0.16,0
7639,41,61914,176710,0.18,0,123781,0.16,0
7640,28,53623,110708,0.13,1,73299,0.16,0
7641,41,104948,216212,0.4,1,183006,0.16,0
7642,40,61012,87615,0.22,0,71950,0.16,0
7643,28,30583,25484,0.11,0,15757,0.16,0
7644,51,29900,48358,0.33,0,36818,0.16,0
7645,49,75350,150450,0.32,0,123036,0.16,0
7646,29,58598,135366,0.21,0,106530,0.16,0
7647,35,47614,122140,0.35,0,75261,0.16,0
7648,50,53433,60904,0.31,1,40148,0.16,0
7649,46,61142,67442,0.15,0,48242,0.16,0
7650,30,59065,113006,0.28,0,72142,0.16,0
7651,49,23092,44222,0.6,1,28476,0.16,0
7652,36,90070,94111,0.35,0,67373,0.16,0
7653,56,93135,183353,0.2,0,136996,0.16,0
7654,40,121183,165378,0.14,0,102544,0.16,0
7655,57,108695,228073,0.31,0,186767,0.16,0
7656,42,99834,122557,0.2,0,93500,0.16,0
7657,27,42478,84137,0.29,0,74743,0.16,0
7658,43,56993,137967,0.43,1,94393,0.16,1
7659,61,87859,259218,0.12,0,175809,0.16,0
7660,60,19922,55336,0.05,0,38834,0.16,0
7661,49,43943,77289,0.25,0,58988,0.16,0
7662,36,20896,35959,0.15,1,24870,0.16,0
7663,58,56395,89907,0.19,0,62130,0.16,0
7664,48,92309,52558,0.46,2,45087,0.24,0
7665,58,49483,45271,0.2,0,28482,0.16,0
7666,51,36878,23895,0.22,0,17919,0.16,0
7667,34,56476,126556,0.3,1,104568,0.16,0
7668,53,60248,92365,0.17,0,81931,0.16,0
7669,29,62409,41154,0.2,1,35577,0.16,0
7670,47,26702,59450,0.15,2,39454,0.24,0
7671,44,55367,116884,0.16,0,86283,0.16,0
7672,33,53749,123617,0.18,0,95732,0.16,0
7673,46,78758,157483,0.25,0,109840,0.16,0
7674,49,47202,42663,0.5,0,29672,0.16,0
7675,63,131546,85962,0.29,2,56353,0.24,0
7676,48,51080,129888,0.33,1,79896,0.16,0
7677,48,38598,40123,0.16,0,33446,0.16,0
7678,28,29686,55106,0.47,2,40468,0.24,0
7679,43,37913,64946,0.14,1,55953,0.16,0
7680,49,32876,92139,0.66,0,60589,0.16,0
7681,25,45342,85292,0.45,0,60676,0.16,0
7682,62,113932,222172,0.27,1,156987,0.16,0
7683,27,23631,30691,0.47,0,23988,0.16,1
7684,62,24476,70900,0.5,1,52920,0.16,0
7685,56,43594,88536,0.14,0,69253,0.16,0
7686,61,24798,12707,0.2,0,8976,0.16,0
7687,47,30002,56709,0.42,1,50042,0.16,0
7688,22,58080,81873,0.33,1,72046,0.16,0
7689,45,47748,27707,0.24,0,23091,0.16,1
7690,29,61038,96371,0.21,0,86610,0.16,0
7691,47,65875,160334,0.28,1,106234,0.16,0
7692,21,95922,168772,0.66,1,123167,0.16,1
7693,43,59249,124342,0.24,0,98160,0.16,0
7694,30,89544,187984,0.07,0,134762,0.16,0
7695,62,51716,112614,0.04,0,75265,0.16,0
7696,45,59588,87534,0.17,1,53655,0.16,0
7697,23,59204,84366,0.42,0,74551,0.16,0
7698,26,56515,28905,0.36,2,19342,0.24,1
7699,26,54330,48112,0.51,0,35669,0.16,1
7700,22,121843,350545,0.75,2,212661,0.24,0
7701,38,69497,181112,0.26,1,137887,0.16,0
7702,43,39195,46554,0.23,0,39626,0.16,0
7703,22,158215,237793,0.48,0,175352,0.16,1
7704,32,40597,115693,0.44,1,101055,0.16,0
7705,42,48892,55057,0.35,2,36568,0.24,0
7706,57,32360,59261,0.26,0,39159,0.16,0
7707,40,70161,38953,0.29,0,30366,0.16,0
7708,59,114132,233894,0.3,0,197187,0.16,0
7709,44,23258,65708,0.64,1,39521,0.16,1
7710,40,42672,115720,0.38,1,78238,0.16,0
7711,21,85674,150351,0.38,3,101420,0.24,1
7712,21,28863,61308,0.57,1,46199,0.16,0
7713,37,65328,125723,0.42,1,98705,0.16,1
7714,21,25572,17067,0.31,1,13018,0.16,0
7715,50,60112,53908,0.32,1,36292,0.16,0
7716,61,50965,148284,0.26,1,127708,0.16,0
7717,23,257504,293534,0.36,0,244308,0.16,0
7718,31,71127,103925,0.04,0,82177,0.16,0
7719,44,16544,29321,0.11,0,20865,0.16,0
7720,42,47222,139202,0.29,1,97222,0.16,1
7721,64,74024,164702,0.08,0,135480,0.16,0
7722,46,39871,82692,0.32,0,52667,0.16,0
7723,33,39015,70656,0.25,0,43111,0.16,1
7724,21,39979,90020,0.12,0,80151,0.16,0
7725,44,64445,139203,0.39,2,123168,0.24,0
7726,30,26169,72150,0.3,0,63696,0.16,1
7727,55,37020,68656,0.26,0,52471,0.16,0
7728,44,82165,127664,0.14,0,80303,0.16,0
7729,48,38425,96750,0.23,0,72568,0.16,0
7730,56,37292,93209,0.62,1,65993,0.16,0
7731,36,24632,22774,0.18,0,17621,0.16,0
7732,60,67707,73934,0.23,2,64315,0.24,0
7733,36,60640,175649,0.3,0,130004,0.16,0
7734,37,79712,128358,0.33,0,108483,0.16,0
7735,35,46329,83352,0.33,1,62271,0.16,1
7736,36,57405,73214,0.43,1,64827,0.16,0
7737,35,57164,97331,0.67,0,72173,0.16,0
7738,54,24040,56695,0.22,0,46114,0.16,0
7739,31,159010,271249,0.07,0,199971,0.16,0
7740,21,79939,102878,0.25,0,74163,0.16,0
7741,35,50995,37736,0.28,0,31117,0.16,0
7742,46,43822,123606,0.29,0,101792,0.16,0
7743,24,95032,254604,0.29,0,169356,0.16,1
7744,63,51429,127462,0.48,0,92128,0.16,0
7745,25,77405,173013,0.17,1,104252,0.16,1
7746,55,36716,65676,0.62,1,39768,0.16,1
7747,33,31643,86812,0.39,1,55861,0.16,0
7748,30,45212,112092,0.11,2,92909,0.24,0
7749,31,49280,125172,0.31,1,77933,0.16,0
7750,38,60582,77173,0.36,1,68080,0.16,0
7751,54,102073,159095,0.16,2,104695,0.24,0
7752,59,85478,193779,0.34,0,167797,0.16,0
7753,61,94750,135270,0.3,0,119732,0.16,0
7754,62,33985,58961,0.25,0,42936,0.16,0
7755,43,42299,89516,0.24,1,67747,0.16,0
7756,27,79538,126815,0.34,1,88289,0.16,0
7757,59,89991,223411,0.13,0,194337,0.16,0
7758,23,71034,56166,0.4,0,42292,0.16,0
7759,32,36998,84915,0.39,0,75953,0.16,0
7760,27,29120,25131,0.29,0,22383,0.16,0
7761,46,55077,156671,0.42,0,138755,0.16,0
7762,53,31386,40333,0.06,0,28510,0.16,0
7763,57,61717,153587,0.3,0,95947,0.16,0
7764,35,91614,165229,0.18,1,132304,0.16,1
7765,22,53881,39210,0.22,0,33799,0.16,0
7766,61,25516,49921,0.79,1,35262,0.16,0
7767,27,38000,105656,0.15,0,93908,0.16,0
7768,52,75534,67458,0.35,1,58905,0.16,0
7769,24,62128,80969,0.26,0,63875,0.16,0
7770,40,64663,103324,0.23,0,65611,0.16,0
7771,56,118715,140989,0.34,0,122347,0.16,0
7772,52,58368,166900,0.06,0,106289,0.16,0
7773,48,57455,82950,0.15,0,62784,0.16,0
7774,33,75232,161384,0.16,0,97761,0.16,0
7775,21,27266,28896,0.32,1,18677,0.16,0
7776,55,39239,41172,0.02,0,31666,0.16,0
7777,50,33885,31839,0.26,0,19117,0.16,0
7778,56,68013,107938,0.48,0,69664,0.16,0
7779,45,30959,56721,0.15,0,37787,0.16,0
7780,36,64972,34231,0.45,1,20977,0.16,0
7781,39,43985,113582,0.31,0,87901,0.16,0
7782,21,41024,73100,0.2,0,60612,0.16,0
7783,25,77335,69062,0.16,0,42214,0.16,0
7784,42,25182,16827,0.31,3,12197,0.24,0
7785,44,38394,25263,0.23,1,19271,0.16,0
7786,63,212088,242651,0.1,0,183613,0.16,0
7787,57,123649,216166,0.14,0,161146,0.16,0
7788,56,19787,52447,0.34,1,32971,0.16,0
7789,56,38033,104872,0.18,0,70751,0.16,0
7790,24,50584,130548,0.24,0,114663,0.16,1
7791,56,24206,31986,0.27,0,20949,0.16,0
7792,38,134459,170278,0.22,0,142223,0.16,0
7793,36,49751,147693,0.13,0,95129,0.16,1
7794,61,44669,98414,0.38,0,80938,0.16,0
7795,38,59309,74870,0.4,0,60169,0.16,0
7796,42,58839,77826,0.08,0,69861,0.16,0
7797,22,31978,50736,0.15,0,32781,0.16,0
7798,41,94621,194400,0.47,0,132735,0.16,0
7799,56,53157,145913,0.5,1,124434,0.16,0
7800,64,94312,93912,0.38,1,72041,0.16,0
7801,59,36760,26136,0.1,0,18265,0.16,0
7802,59,19970,30242,0.36,0,19510,0.16,0
7803,49,100573,112001,0.09,0,85933,0.16,0
7804,46,70983,137712,0.2,0,102565,0.16,0
7805,41,87913,197631,0.34,2,133188,0.24,0
7806,37,90659,115757,0.32,1,91289,0.16,1
7807,36,49495,109563,0.25,1,88175,0.16,0
7808,51,40803,55405,0.56,0,42455,0.16,0
7809,29,46824,97741,0.58,0,78167,0.16,0
7810,51,64583,134503,0.45,1,91014,0.16,0
7811,34,56303,67304,0.4,0,58646,0.16,0
7812,57,19641,41036,0.27,0,25273,0.16,0
7813,22,46200,67100,0.24,1,43689,0.16,1
7814,34,99404,133314,0.37,0,88887,0.16,0
7815,53,48988,59923,0.26,2,53092,0.24,1
7816,55,149084,203367,0.33,2,139514,0.24,0
7817,59,30317,74787,0.15,0,65779,0.16,0
7818,40,58352,64942,0.23,0,48255,0.16,0
7819,22,29951,66041,0.36,0,53849,0.16,0
7820,61,31959,87936,0.58,1,60091,0.16,0
7821,39,32108,44182,0.14,0,35830,0.16,0
7822,57,147981,84908,0.33,0,73114,0.16,0
7823,38,43214,24265,0.17,0,18760,0.16,0
7824,36,34498,29280,0.29,0,25586,0.16,0
7825,24,48954,37944,0.15,1,27193,0.16,1
7826,32,43861,103959,0.12,0,81718,0.16,0
7827,49,73550,90990,0.18,0,62194,0.16,0
7828,27,17683,37687,0.17,1,24290,0.16,0
7829,34,30415,18435,0.77,2,11958,0.24,1
7830,32,74850,92765,0.38,1,68016,0.16,1
7831,55,38395,41672,0.47,2,36720,0.24,1
7832,25,33608,40067,0.36,0,27612,0.16,1
7833,37,32864,32101,0.29,1,20161,0.16,0
7834,62,70391,143934,0.15,1,105641,0.16,0
7835,52,68870,148530,0.23,0,95457,0.16,0
7836,30,79127,68932,0.46,2,45705,0.24,0
7837,63,27409,64489,0.1,0,56330,0.16,0
7838,37,26611,29940,0.09,0,23736,0.16,0
7839,25,86567,104512,0.36,1,79021,0.16,0
7840,62,54315,139699,0.74,0,93234,0.16,1
7841,29,36207,99674,0.67,0,62598,0.16,1
7842,53,45316,116094,0.56,0,102473,0.16,0
7843,56,26445,22991,0.39,0,17489,0.16,0
7844,56,37616,112779,0.2,0,72067,0.16,0
7845,38,53082,115739,0.25,1,85477,0.16,0
7846,29,58526,103981,0.18,0,81563,0.16,1
7847,49,46923,135471,0.17,0,109225,0.16,0
7848,34,44584,113397,0.14,0,71140,0.16,0
7849,45,70730,157682,0.76,1,128015,0.16,0
7850,35,46597,120965,0.36,1,100746,0.16,1
7851,26,39200,57375,0.17,1,40752,0.16,0
7852,62,33484,74036,0.37,0,59289,0.16,0
7853,49,20255,19777,0.16,0,12451,0.16,0
7854,35,67843,201493,0.27,1,180981,0.16,0
7855,49,101904,201000,0.2,0,124951,0.16,0
7856,24,32426,82219,0.67,2,54337,0.24,0
7857,38,25977,39442,0.39,1,32643,0.16,0
7858,64,35905,86045,0.48,0,76405,0.16,0
7859,59,56685,83239,0.12,0,56306,0.16,0
7860,36,38076,75200,0.36,0,47342,0.16,0
7861,31,37746,92301,0.22,0,59293,0.16,0
7862,34,47029,37208,0.49,1,29951,0.16,1
7863,23,51554,71761,0.09,0,54038,0.16,1
7864,62,58931,109749,0.18,1,94928,0.16,0
7865,58,42294,56462,0.24,0,35585,0.16,0
7866,62,41920,53360,0.09,0,40042,0.16,0
7867,38,18751,22579,0.22,0,17696,0.16,0
7868,40,78263,83700,0.35,0,71879,0.16,0
7869,45,55613,145831,0.28,0,111723,0.16,1
7870,58,104352,293148,0.15,0,191941,0.16,0
7871,33,63294,142438,0.32,0,123443,0.16,0
7872,24,47249,27168,0.33,0,23357,0.16,1
7873,34,23318,57492,0.34,0,49556,0.16,1
7874,53,21657,39629,0.56,2,30755,0.24,1
7875,48,82799,198326,0.22,1,176311,0.16,0
7876,57,64911,103425,0.39,0,79293,0.16,0
7877,28,101997,61525,0.07,1,39659,0.16,0
7878,64,78090,172138,0.23,0,123912,0.16,0
7879,54,40718,65569,0.51,0,55567,0.16,0
7880,64,15521,41675,0.26,0,37237,0.16,0
7881,25,66320,155543,0.28,1,132098,0.16,0
7882,25,29494,41259,0.17,0,29251,0.16,0
7883,51,44705,103277,0.1,0,62269,0.16,0
7884,29,60237,104693,0.11,2,68412,0.24,1
7885,62,35763,35713,0.66,1,21824,0.16,0
7886,52,32448,50285,0.4,1,42568,0.16,0
7887,53,42041,44412,0.43,1,30731,0.16,0
7888,23,17622,9030,0.09,0,7300,0.16,0
7889,50,29235,32655,0.28,0,23595,0.16,0
7890,32,29025,29715,0.21,0,20261,0.16,0
7891,49,43567,22255,0.23,0,16855,0.16,0
7892,23,30528,75093,0.57,2,56076,0.24,0
7893,46,37876,26227,0.24,0,22212,0.16,0
7894,50,39242,63675,0.26,0,51504,0.16,1
7895,29,142036,219404,0.25,1,152075,0.16,0
7896,46,72026,68678,0.59,0,57815,0.16,1
7897,22,46157,134647,0.12,0,104947,0.16,1
7898,23,61361,123294,0.13,0,86536,0.16,0
7899,24,77680,196824,0.29,0,165951,0.16,1
7900,45,56606,98514,0.35,0,70047,0.16,0
7901,33,29233,67441,0.15,1,41533,0.16,0
7902,59,45775,133866,0.19,0,115615,0.16,0
7903,64,30093,41257,0.19,0,30257,0.16,0
7904,55,41583,73213,0.05,0,51012,0.16,0
7905,43,45277,80880,0.2,0,70694,0.16,0
7906,29,82974,247261,0.31,1,167038,0.16,0
7907,22,32956,35683,0.09,0,31795,0.16,0
7908,61,31662,69284,0.55,0,42163,0.16,0
7909,64,34253,28963,0.16,0,23196,0.16,0
7910,51,36152,101864,0.17,0,62942,0.16,0
7911,64,41811,82616,0.11,0,51822,0.16,0
7912,22,57795,153071,0.53,2,135962,0.24,1
7913,52,33105,90644,0.31,2,79413,0.24,1
7914,38,51919,98270,0.07,0,83838,0.16,0
7915,33,52241,115192,0.25,0,92578,0.16,1
7916,25,64656,145269,0.07,0,107502,0.16,0
7917,62,44117,72846,0.41,0,58526,0.16,0
7918,64,74313,117941,0.46,0,90483,0.16,0
7919,30,58954,56918,0.38,1,48702,0.16,0
7920,63,57646,84150,0.05,0,69259,0.16,0
7921,45,37222,110805,0.39,1,89120,0.16,0
7922,54,56234,66055,0.27,0,43462,0.16,0
7923,57,58462,140665,0.25,0,112206,0.16,0
7924,50,36359,23574,0.26,0,17584,0.16,0
7925,27,89066,148621,0.43,1,123860,0.16,0
7926,26,181998,117575,0.42,0,86582,0.16,0
7927,23,35292,59625,0.35,0,44679,0.16,0
7928,33,38750,22044,0.01,0,15971,0.16,0
7929,23,39241,79786,0.25,0,71428,0.16,0
7930,46,25469,50079,0.43,0,38967,0.16,0
7931,44,31629,78901,0.29,2,68913,0.24,0
7932,26,75253,147361,0.12,1,126958,0.16,0
7933,63,47051,132448,0.36,1,109379,0.16,1
7934,62,127964,314504,0.44,1,236303,0.16,0
7935,32,42435,35290,0.15,0,26874,0.16,0
7936,56,60365,70245,0.17,0,61835,0.16,0
7937,22,31190,17640,0.34,1,11804,0.16,0
7938,31,46393,67981,0.3,1,56773,0.16,0
7939,59,51221,90857,0.32,0,62620,0.16,0
7940,54,17119,49043,0.41,1,30283,0.16,1
7941,46,32452,58597,0.37,0,42100,0.16,0
7942,38,67370,165229,0.37,0,125031,0.16,0
7943,41,65600,76755,0.05,1,49089,0.16,0
7944,56,26260,23184,0.4,0,19107,0.16,0
7945,60,40925,103421,0.04,0,85082,0.16,0
7946,64,14990,16767,0.45,0,13735,0.16,0
7947,42,48936,131067,0.24,1,91261,0.16,0
7948,50,92055,85116,0.26,0,63780,0.16,0
7949,63,94071,247309,0.31,0,161287,0.16,0
7950,50,92414,224761,0.26,0,164388,0.16,0
7951,28,63798,129385,0.27,0,114711,0.16,0
7952,54,87474,229667,0.61,1,158641,0.16,0
7953,29,44594,59166,0.26,0,36368,0.16,0
7954,40,37762,34555,0.58,0,23971,0.16,0
7955,60,86708,77395,0.38,0,65827,0.16,0
7956,45,56626,66586,0.28,2,58065,0.24,0
7957,39,19977,32274,0.09,0,19456,0.16,0
7958,25,90065,242279,0.16,0,180277,0.16,0
7959,31,43917,31788,0.21,1,28114,0.16,0
7960,35,35116,97907,0.42,1,62436,0.16,0
7961,28,79973,225022,0.2,0,139240,0.16,0
7962,39,74759,173298,0.45,1,143390,0.16,0
7963,43,30380,83566,0.51,0,66185,0.16,0
7964,47,45317,109892,0.14,0,89711,0.16,1
7965,60,31125,56670,0.3,0,38623,0.16,0
7966,52,31540,63139,0.18,0,45523,0.16,0
7967,46,10977,22728,0.08,1,17548,0.16,0
7968,47,29525,24128,0.3,1,19986,0.16,0
7969,39,45000,44218,0.17,1,30758,0.16,0
7970,62,11888,21498,0.46,2,15513,0.24,0
7971,49,24688,19455,0.52,0,14803,0.16,0
7972,59,66404,193398,0.2,0,116403,0.16,0
7973,61,24193,42768,0.33,0,36527,0.16,0
7974,53,45314,65715,0.19,0,51730,0.16,0
7975,39,21446,19169,0.12,0,11975,0.16,0
7976,57,60157,92722,0.13,0,65464,0.16,0
7977,39,41652,52317,0.28,0,34201,0.16,0
7978,53,30982,22301,0.17,0,13646,0.16,0
7979,36,13065,38117,0.23,1,26427,0.16,0
7980,43,31353,36446,0.15,0,31413,0.16,0
7981,27,68348,152154,0.17,0,94367,0.16,0
7982,46,106407,77496,0.33,0,66894,0.16,0
7983,52,43930,122253,0.26,1,81353,0.16,0
7984,32,46628,92177,0.65,0,81723,0.16,0
7985,28,34935,74837,0.47,2,49834,0.24,0
7986,25,90639,222469,0.54,2,190611,0.24,0
7987,62,43463,87568,0.32,0,76647,0.16,0
7988,48,76639,51905,0.4,0,45501,0.16,1
7989,25,55498,87351,0.15,0,55653,0.16,1
7990,46,52127,60210,0.17,0,48247,0.16,0
7991,25,29433,50530,0.39,0,42799,0.16,0
7992,42,119526,180581,0.14,0,148217,0.16,0
7993,35,102024,261827,0.12,0,194287,0.16,0
7994,33,152832,170807,0.24,0,150721,0.16,0
7995,48,28291,28383,0.09,1,18560,0.16,0
7996,53,55938,161952,0.17,0,139809,0.16,0
7997,63,32969,94746,0.14,1,63700,0.16,0
7998,43,61195,182585,0.08,1,134229,0.16,0
7999,53,56733,108981,0.31,0,80511,0.16,0
8000,63,39855,31200,0.15,0,21428,0.16,0
8001,38,43725,118075,0.18,2,80909,0.24,1
8002,50,139439,120306,0.23,0,85665,0.16,0
8003,46,45813,40727,0.52,0,24594,0.16,1
8004,36,16296,16027,0.67,3,10779,0.24,1
8005,33,37493,79993,0.14,0,70823,0.16,0
8006,59,28349,21771,0.3,1,17759,0.16,0
8007,53,30949,75692,0.28,0,55512,0.16,0
8008,46,69889,45122,0.37,0,27086,0.16,0
8009,21,76531,59396,0.34,0,48255,0.16,0
8010,58,32159,51011,0.38,0,38149,0.16,0
8011,22,37222,53894,0.36,0,42947,0.16,0
8012,26,34576,102838,0.18,0,73868,0.16,0
8013,58,104720,305484,0.11,0,183361,0.16,0
8014,62,77683,75679,0.52,2,58658,0.24,0
8015,44,68766,197129,0.43,0,164898,0.16,0
8016,38,29259,65266,0.08,0,43401,0.16,0
8017,47,20855,31743,0.16,2,25356,0.24,1
8018,61,90693,213044,0.42,0,150292,0.16,0
8019,28,127958,351929,0.32,0,299121,0.16,0
8020,48,20367,19355,0.06,1,14155,0.16,0
8021,30,150353,148843,0.29,0,92105,0.16,1
8022,37,46490,70748,0.04,0,53681,0.16,0
8023,49,53321,49216,0.26,0,38501,0.16,0
8024,26,25363,35533,0.31,0,24727,0.16,1
8025,34,20183,42671,0.07,1,26596,0.16,1
8026,42,15805,40018,0.32,0,33052,0.16,1
8027,26,82076,102992,0.24,0,78507,0.16,0
8028,46,47034,56644,0.47,1,37550,0.16,0
8029,59,61721,151176,0.17,0,99204,0.16,0
8030,32,86384,125478,0.27,2,95838,0.24,1
8031,55,46728,118978,0.34,1,82438,0.16,0
8032,34,114088,340375,0.42,0,274807,0.16,0
8033,42,32444,95682,0.18,0,67420,0.16,0
8034,43,39782,85798,0.17,0,63588,0.16,0
8035,27,31212,44883,0.15,0,27733,0.16,0
8036,60,74440,49407,0.41,0,36476,0.16,0
8037,45,85543,200607,0.25,0,120973,0.16,0
8038,33,39086,115105,0.01,0,81517,0.16,0
8039,41,24426,16364,0.54,2,11341,0.24,1
8040,61,90699,46748,0.51,2,38654,0.24,1
8041,30,31559,81404,0.14,0,67616,0.16,0
8042,29,40078,30284,0.51,0,21974,0.16,0
8043,35,28663,20180,0.15,1,18015,0.16,0
8044,22,56598,157107,0.4,0,106051,0.16,0
8045,45,33356,23312,0.18,0,15146,0.16,0
8046,33,69612,54648,0.23,1,46139,0.16,0
8047,54,37053,71287,0.18,1,53681,0.16,0
8048,54,64146,153439,0.1,0,101054,0.16,0
8049,55,30873,46276,0.27,1,32387,0.16,0
8050,58,90502,140411,0.11,1,88233,0.16,0
8051,23,38179,79472,0.1,1,64282,0.16,0
8052,62,51278,90431,0.36,0,67736,0.16,0
8053,26,27066,14793,0.43,0,11379,0.16,0
8054,39,48628,38122,0.14,0,23723,0.16,0
8055,23,27573,53877,0.14,0,43629,0.16,0
8056,38,47956,119130,0.2,0,81979,0.16,0
8057,59,30310,72979,0.32,0,47290,0.16,0
8058,29,45357,106595,0.18,0,77537,0.16,0
8059,32,61880,150255,0.48,1,128673,0.16,0
8060,25,24682,15083,0.35,0,10730,0.16,1
8061,23,47965,131316,0.32,2,83084,0.24,0
8062,31,60123,163727,0.2,0,144514,0.16,0
8063,50,59996,109781,0.27,1,86920,0.16,0
8064,24,127923,143463,0.48,2,99057,0.24,0
8065,25,33784,66907,0.19,0,51845,0.16,0
8066,21,48952,92750,0.53,1,58163,0.16,0
8067,47,117460,124201,0.27,2,95545,0.24,0
8068,48,24670,49533,0.31,0,41894,0.16,0
8069,49,15540,38744,0.24,0,24854,0.16,0
8070,38,64073,161160,0.14,0,137048,0.16,0
8071,32,82587,53619,0.04,0,41065,0.16,0
8072,33,17068,16946,0.15,0,11145,0.16,0
8073,61,41776,90677,0.4,0,60154,0.16,0
8074,22,29467,78075,0.8,1,67530,0.16,0
8075,57,57230,103188,0.14,0,76640,0.16,0
8076,36,48198,109352,0.41,1,74890,0.16,0
8077,44,94322,52129,0.03,0,35225,0.16,0
8078,55,25023,50572,0.19,0,36413,0.16,0
8079,42,59457,172709,0.38,0,143920,0.16,1
8080,56,66890,143983,0.36,0,87544,0.16,0
8081,31,50270,141042,0.25,1,89181,0.16,0
8082,49,17971,34414,0.25,1,25239,0.16,0
8083,55,60341,157396,0.1,0,137299,0.16,0
8084,35,34018,27568,0.19,1,23848,0.16,1
8085,51,20503,16582,0.15,0,13835,0.16,0
8086,62,58959,47193,0.68,4,42174,0.24,1
8087,61,71940,123889,0.35,1,78331,0.16,0
8088,63,36036,47771,0.31,0,41323,0.16,0
8089,36,74378,170918,0.13,0,103576,0.16,0
8090,30,74752,206057,0.31,0,149292,0.16,0
8091,52,48594,99541,0.27,0,66459,0.16,0
8092,22,66050,68231,0.33,0,48366,0.16,0
8093,44,79871,225810,0.42,1,201465,0.16,0
8094,43,63737,115978,0.21,0,81034,0.16,0
8095,22,15623,35930,0.19,1,28343,0.16,0
8096,58,13902,37900,0.16,1,30566,0.16,0
8097,51,83535,248481,0.25,0,190054,0.16,0
8098,60,34745,61330,0.21,0,38472,0.16,0
8099,46,38254,96406,0.21,0,82601,0.16,0
8100,49,126120,241793,0.81,0,202185,0.16,0
8101,23,33967,58291,0.33,0,48081,0.16,0
8102,34,45741,84359,0.33,0,73657,0.16,0
8103,45,49327,84383,0.27,1,59423,0.16,0
8104,21,44069,68420,0.11,0,52876,0.16,0
8105,23,95993,221676,0.06,0,185095,0.16,0
8106,46,40647,45694,0.32,0,33508,0.16,0
8107,38,70240,143356,0.15,0,127430,0.16,0
8108,29,50773,115884,0.2,0,99035,0.16,0
8109,58,79496,217042,0.46,1,164775,0.16,0
8110,43,24686,32824,0.37,0,21145,0.16,0
8111,41,15886,42121,0.37,1,31637,0.16,0
8112,21,49755,142459,0.36,1,94319,0.16,0
8113,41,32089,68083,0.46,0,49154,0.16,1
8114,47,101970,247642,0.2,0,168312,0.16,0
8115,62,47026,71209,0.27,0,60091,0.16,0
8116,26,54714,157594,0.3,0,106820,0.16,0
8117,64,42037,91521,0.72,0,71152,0.16,0
8118,56,35395,45142,0.24,1,27791,0.16,0
8119,48,50450,76212,0.19,0,62964,0.16,0
8120,37,81418,166450,0.09,0,122285,0.16,0
8121,60,41927,45504,0.32,0,32980,0.16,0
8122,23,40480,96536,0.4,1,70526,0.16,0
8123,32,73306,77831,0.1,0,63341,0.16,0
8124,59,21113,41792,0.29,0,30480,0.16,0
8125,32,88808,199153,0.14,0,163551,0.16,0
8126,22,32755,86780,0.27,0,59434,0.16,0
8127,42,78612,183539,0.19,1,163013,0.16,0
8128,43,56779,141780,0.41,1,106780,0.16,0
8129,50,17292,48112,0.25,0,37290,0.16,0
8130,25,49312,98349,0.51,2,79515,0.24,1
8131,29,94574,247377,0.3,0,191815,0.16,0
8132,41,42117,45472,0.12,0,34978,0.16,0
8133,31,44095,111861,0.75,1,67197,0.16,0
8134,25,33399,35209,0.23,0,25979,0.16,0
8135,55,89121,252798,0.13,0,217415,0.16,0
8136,47,38891,51527,0.26,0,45196,0.16,0
8137,22,120062,111609,0.22,0,76616,0.16,1
8138,44,87349,76030,0.48,1,61773,0.16,0
8139,51,95413,92377,0.39,0,79218,0.16,0
8140,53,51025,82601,0.22,1,60471,0.16,0
8141,59,38439,69396,0.31,1,54084,0.16,0
8142,50,62268,173383,0.49,1,137314,0.16,0
8143,57,106510,154709,0.32,2,136871,0.24,0
8144,48,118969,124168,0.43,1,92456,0.16,0
8145,51,19368,45699,0.18,0,38089,0.16,0
8146,31,189548,158582,0.22,0,104042,0.16,0
8147,43,55607,151846,0.35,1,117790,0.16,0
8148,22,72371,110257,0.36,1,81228,0.16,0
8149,60,31330,63744,0.29,0,42639,0.16,0
8150,61,30269,29223,0.44,0,17653,0.16,0
8151,47,23875,20623,0.44,2,16031,0.24,0
8152,55,114900,286916,0.31,0,241799,0.16,0
8153,22,34750,54705,0.33,0,46069,0.16,0
8154,59,46819,138905,0.31,0,99575,0.16,0
8155,57,42163,76346,0.09,1,49949,0.16,0
8156,41,29424,76918,0.14,1,67918,0.16,1
8157,25,44379,130914,0.22,0,93539,0.16,0
8158,41,51223,61614,0.28,0,43396,0.16,0
8159,49,91526,229016,0.37,0,179651,0.16,0
8160,40,28866,16021,0.17,0,11727,0.16,0
8161,58,36616,80532,0.21,3,56626,0.24,0
8162,40,64540,152508,0.42,0,106372,0.16,0
8163,45,50146,84917,0.37,2,60942,0.24,0
8164,22,50610,45815,0.83,0,36908,0.16,0
8165,52,30165,61590,0.16,0,37166,0.16,0
8166,46,72347,198507,0.18,0,131187,0.16,0
8167,26,99390,281104,0.12,1,190220,0.16,0
8168,61,94900,224462,0.42,0,201986,0.16,0
8169,23,44497,51584,0.13,0,44631,0.16,0
8170,53,13474,36053,0.2,1,26187,0.16,0
8171,21,55097,149977,0.12,0,121536,0.16,0
8172,25,51542,73091,0.58,2,49023,0.24,1
8173,33,29464,28210,0.15,0,24873,0.16,1
8174,39,32505,87329,0.7,1,76710,0.16,0
8175,32,29798,80834,0.43,1,52427,0.16,0
8176,45,56233,42302,0.18,0,37163,0.16,0
8177,55,32493,94797,0.05,0,68550,0.16,0
8178,32,53238,97569,0.48,1,72951,0.16,0
8179,50,160856,480046,0.64,2,387752,0.24,1
8180,25,44671,72032,0.28,0,53562,0.16,0
8181,54,27446,50314,0.45,0,38836,0.16,0
8182,42,23702,27617,0.36,0,20278,0.16,1
8183,59,57816,158841,0.24,0,98507,0.16,0
8184,33,133445,214750,0.2,0,164314,0.16,0
8185,23,31232,79221,0.32,0,48702,0.16,0
8186,40,16689,11671,0.21,0,7354,0.16,0
8187,51,115120,284417,0.3,0,229287,0.16,0
8188,25,172495,297658,0.43,2,220522,0.24,1
8189,44,71565,36750,0.18,0,28001,0.16,0
8190,60,60795,64786,0.34,1,42142,0.16,0
8191,53,50683,49888,0.24,0,40187,0.16,0
8192,28,68906,163955,0.55,5,101910,0.24,1
8193,44,67332,113993,0.55,1,77058,0.16,0
8194,40,56471,50784,0.2,0,44227,0.16,0
8195,36,30450,34774,0.15,0,21132,0.16,0
8196,32,56322,99137,0.13,1,81665,0.16,0
8197,33,46667,25624,0.25,0,16593,0.16,0
8198,62,32825,51217,0.22,0,43532,0.16,0
8199,59,56256,123490,0.13,0,96610,0.16,0
8200,45,38441,68978,0.46,1,42085,0.16,0
8201,52,50709,101177,0.53,0,60964,0.16,0
8202,44,61589,81084,0.38,0,62647,0.16,0
8203,64,66110,63312,0.17,0,53064,0.16,0
8204,29,38918,98242,0.13,0,79991,0.16,0
8205,60,61401,169717,0.28,0,116876,0.16,0
8206,43,68981,122568,0.06,0,100161,0.16,0
8207,33,79773,100721,0.27,0,68830,0.16,0
8208,52,57092,101510,0.14,1,75982,0.16,0
8209,35,66348,178971,0.18,1,119258,0.16,0
8210,56,39707,88487,0.18,1,56161,0.16,0
8211,25,177808,470576,0.14,0,417904,0.16,0
8212,42,47474,62710,0.46,1,49821,0.16,0
8213,36,85870,195779,0.59,1,130632,0.16,0
8214,61,38431,81958,0.07,0,52202,0.16,0
8215,30,59123,114050,0.19,0,77238,0.16,0
8216,44,58029,105645,0.19,0,75155,0.16,0
8217,38,63825,119827,0.52,1,103008,0.16,1
8218,38,32080,84183,0.26,0,67743,0.16,1
8219,27,59558,166166,0.47,0,117651,0.16,0
8220,24,38505,30116,0.53,0,21015,0.16,1
8221,46,73845,141924,0.24,0,95275,0.16,0
8222,25,31599,88351,0.35,0,55996,0.16,0
8223,36,57122,47802,0.33,0,41032,0.16,1
8224,55,48331,74050,0.25,0,54908,0.16,0
8225,46,123927,89562,0.31,0,79160,0.16,1
8226,38,85724,67181,0.35,0,56025,0.16,0
8227,49,97367,268759,0.04,0,217146,0.16,0
8228,43,33330,53842,0.27,1,37896,0.16,0
8229,34,40470,89918,0.18,1,66652,0.16,1
8230,35,48921,41450,0.12,0,27821,0.16,0
8231,53,86879,48206,0.28,1,40486,0.16,0
8232,45,59162,161288,0.16,1,119334,0.16,0
8233,41,33705,65265,0.29,0,54609,0.16,0
8234,37,34425,18932,0.17,0,11825,0.16,0
8235,43,88986,265253,0.33,1,184190,0.16,0
8236,63,60124,104043,0.59,0,65167,0.16,0
8237,37,50323,85030,0.06,1,66069,0.16,0
8238,34,48281,99086,0.78,1,80964,0.16,0
8239,49,76703,39867,0.16,0,33306,0.16,0
8240,40,28935,55637,0.42,0,39564,0.16,0
8241,50,50308,104324,0.1,0,66876,0.16,0
8242,39,51834,64397,0.66,0,57347,0.16,1
8243,59,26292,60922,0.1,0,40024,0.16,0
8244,33,44192,63794,0.66,3,44456,0.24,0
8245,38,153777,352830,0.51,0,243953,0.16,1
8246,43,32289,27754,0.5,3,23063,0.24,0
8247,53,52209,145362,0.21,0,123695,0.16,0
8248,59,17351,46824,0.34,0,32103,0.16,0
8249,60,45731,40086,0.22,0,27458,0.16,0
8250,38,28647,81533,0.19,0,65791,0.16,0
8251,29,41113,77886,0.34,0,66801,0.16,0
8252,53,60662,136739,0.07,0,88251,0.16,1
8253,52,27920,72612,0.1,1,64997,0.16,1
8254,37,55299,39202,0.36,0,31555,0.16,0
8255,39,33193,30644,0.08,0,21159,0.16,0
8256,47,25141,30822,0.28,0,25571,0.16,0
8257,26,80125,135652,0.48,1,83303,0.16,0
8258,55,30311,41378,0.28,0,36123,0.16,0
8259,57,39659,69982,0.12,0,52003,0.16,0
8260,54,36850,35552,0.37,1,23598,0.16,1
8261,40,54635,120491,0.33,1,96734,0.16,0
8262,45,49818,31850,0.21,1,19999,0.16,0
8263,24,45133,63349,0.15,0,47033,0.16,0
8264,30,34393,32590,0.27,1,28733,0.16,1
8265,30,42930,99805,0.66,1,79002,0.16,1
8266,44,56778,153819,0.32,1,96651,0.16,0
8267,41,51997,36240,0.28,0,31271,0.16,0
8268,31,85895,211524,0.41,2,179547,0.24,0
8269,47,71790,196654,0.29,0,161627,0.16,0
8270,36,85240,250173,0.29,1,162366,0.16,1
8271,46,96442,187913,0.37,0,147572,0.16,0
8272,50,53827,70969,0.26,0,59306,0.16,0
8273,36,75117,98022,0.38,0,79795,0.16,0
8274,27,57979,83920,0.25,1,58750,0.16,0
8275,36,95166,193345,0.32,0,171107,0.16,0
8276,55,20385,35175,0.41,0,23208,0.16,1
8277,36,41865,89343,0.25,0,65347,0.16,0
8278,60,60176,36002,0.12,0,26029,0.16,0
8279,32,65184,49846,0.06,0,43312,0.16,0
8280,55,48590,142920,0.46,0,94699,0.16,0
8281,41,21348,63797,0.47,0,53036,0.16,0
8282,63,44856,106158,0.3,1,80643,0.16,0
8283,56,73725,84119,0.6,1,65812,0.16,1
8284,37,41863,120710,0.25,0,73100,0.16,0
8285,52,51341,53099,0.44,0,42616,0.16,0
8286,61,127806,297606,0.56,0,198638,0.16,0
8287,26,44647,35188,0.23,0,25903,0.16,0
8288,44,45311,96161,0.56,2,71420,0.24,1
8289,47,54018,129577,0.19,0,115142,0.16,0
8290,40,55202,146235,0.52,1,108161,0.16,1
8291,45,52433,122471,0.28,1,88823,0.16,0
8292,22,59670,167595,0.64,2,138785,0.24,0
8293,29,27037,48729,0.37,0,35381,0.16,0
8294,48,46138,101207,0.13,1,87308,0.16,1
8295,58,26524,37766,0.06,0,28656,0.16,0
8296,23,50411,26514,0.57,0,22840,0.16,1
8297,40,66322,158624,0.21,0,126865,0.16,0
8298,26,45736,122327,0.64,0,97287,0.16,0
8299,59,30533,28542,0.51,0,21965,0.16,0
8300,53,39519,22589,0.05,0,16916,0.16,0
8301,21,120632,109926,0.31,0,77944,0.16,0
8302,57,101199,277105,0.1,0,232845,0.16,0
8303,26,37380,46305,0.15,0,36670,0.16,0
8304,54,37287,40428,0.37,0,25415,0.16,0
8305,35,46425,24905,0.25,1,20001,0.16,0
8306,46,91111,113217,0.08,0,69577,0.16,0
8307,34,20425,46754,0.34,1,41741,0.16,0
8308,27,37138,107615,0.4,1,74933,0.16,1
8309,51,60213,77184,0.46,0,49037,0.16,0
8310,44,56836,62616,0.17,0,41924,0.16,0
8311,51,39583,107672,0.5,0,95302,0.16,0
8312,49,43211,113699,0.33,2,85064,0.24,0
8313,62,57842,76374,0.18,0,68211,0.16,0
8314,52,39926,26830,0.14,0,18720,0.16,0
8315,37,28804,85835,0.28,1,52612,0.16,0
8316,34,44680,98374,0.33,0,86143,0.16,0
8317,60,53888,151772,0.27,0,132858,0.16,0
8318,56,16945,22955,0.24,0,16204,0.16,0
8319,44,59641,126392,0.41,0,100871,0.16,0
8320,47,79784,174427,0.51,2,118115,0.24,1
8321,45,41001,109975,0.18,0,86606,0.16,0
8322,52,41375,123406,0.03,0,76422,0.16,0
8323,38,33887,26149,0.21,1,18405,0.16,0
8324,38,45424,94381,0.19,1,67602,0.16,0
8325,57,37083,49732,0.16,0,34484,0.16,0
8326,46,101093,255678,0.38,0,191033,0.16,0
8327,29,52172,124449,0.06,0,99238,0.16,0
8328,55,16751,45751,0.31,2,34313,0.24,0
8329,28,65203,88627,0.36,2,65062,0.24,0
8330,40,115794,111315,0.37,1,88905,0.16,0
8331,62,63229,35060,0.15,2,29932,0.24,0
8332,42,88876,101209,0.25,0,74213,0.16,0
8333,39,68774,97516,0.52,1,72346,0.16,1
8334,50,80458,230525,0.54,1,198423,0.16,0
8335,48,78522,135719,0.18,0,81763,0.16,0
8336,55,78974,149347,0.17,0,108081,0.16,0
8337,63,57430,155079,0.43,0,94081,0.16,0
8338,31,20795,56410,0.11,0,40218,0.16,0
8339,51,28434,51743,0.14,0,35068,0.16,0
8340,59,28696,22505,0.15,0,17263,0.16,0
8341,56,13866,16310,0.25,1,12063,0.16,1
8342,50,39443,64774,0.48,0,40858,0.16,0
8343,43,99482,236560,0.47,2,179727,0.24,0
8344,39,23904,54482,0.59,0,44026,0.16,1
8345,32,70547,148626,0.11,0,91673,0.16,0
8346,35,63866,172477,0.2,1,105171,0.16,0
8347,51,54994,137848,0.37,0,119290,0.16,0
8348,63,88547,261681,0.62,1,201506,0.16,0
8349,57,48018,130748,0.35,1,82712,0.16,0
8350,57,104899,103759,0.24,1,84613,0.16,0
8351,35,44367,28574,0.15,1,24487,0.16,0
8352,49,58202,89414,0.36,1,79588,0.16,0
8353,63,45670,93338,0.07,1,79243,0.16,0
8354,46,30887,65102,0.07,0,53711,0.16,0
8355,64,25001,29220,0.28,1,25231,0.16,0
8356,22,65357,173176,0.45,1,129233,0.16,0
8357,40,96147,127213,0.43,0,94887,0.16,1
8358,35,55385,154955,0.08,0,124395,0.16,0
8359,24,63384,106421,0.18,1,91801,0.16,0
8360,42,22535,11852,0.25,0,7853,0.16,0
8361,58,59434,53793,0.21,0,39236,0.16,0
8362,43,17330,13097,0.64,1,10824,0.16,1
8363,46,26962,16448,0.57,0,11263,0.16,1
8364,31,95520,218267,0.37,0,134601,0.16,0
8365,48,49356,48407,0.19,0,35026,0.16,0
8366,22,51684,134200,0.45,2,119675,0.24,1
8367,28,64660,75081,0.27,0,59601,0.16,1
8368,49,73062,42435,0.28,0,35362,0.16,0
8369,31,42812,109242,0.1,0,68861,0.16,0
8370,57,56752,94512,0.57,0,71704,0.16,0
8371,38,47346,94633,0.07,0,81670,0.16,1
8372,34,22788,30548,0.4,1,26392,0.16,0
8373,30,41058,25254,0.2,1,22573,0.16,0
8374,55,60266,85905,0.21,1,72797,0.16,0
8375,29,40437,72613,0.28,1,62607,0.16,1
8376,55,40621,21497,0.28,1,14222,0.16,1
8377,31,72482,140305,0.3,1,85280,0.16,0
8378,64,53133,145191,0.07,0,115667,0.16,0
8379,32,58450,61056,0.66,0,49269,0.16,0
8380,23,21755,61282,0.31,0,53635,0.16,1
8381,59,61338,45636,0.15,0,35009,0.16,1
8382,34,28163,72198,0.2,0,52504,0.16,0
8383,48,48423,125939,0.05,0,110865,0.16,0
8384,31,28807,32966,0.1,0,21747,0.16,0
8385,59,78156,226231,0.31,1,167547,0.16,0
8386,45,122369,188631,0.36,1,115639,0.16,1
8387,41,45533,38846,0.26,0,32567,0.16,0
8388,30,45322,89705,0.48,1,70607,0.16,1
8389,63,82073,245524,0.09,0,168678,0.16,0
8390,35,65247,179313,0.19,0,136590,0.16,0
8391,39,47304,56599,0.09,0,45627,0.16,0
8392,42,58929,114467,0.47,0,95855,0.16,0
8393,41,135253,106636,0.15,0,67282,0.16,0
8394,64,35033,57966,0.41,1,38128,0.16,0
8395,52,36572,66110,0.08,0,50033,0.16,0
8396,43,72935,93954,0.22,0,76392,0.16,0
8397,33,140957,241102,0.46,1,208312,0.16,0
8398,25,53562,149965,0.1,0,114482,0.16,0
8399,24,20852,36498,0.66,2,25234,0.24,1
8400,48,59586,153581,0.31,0,131671,0.16,0
8401,34,37704,48769,0.44,1,43318,0.16,0
8402,28,62198,182147,0.08,0,122897,0.16,0
8403,29,24843,18226,0.4,0,14228,0.16,0
8404,55,23437,46029,0.06,0,32056,0.16,0
8405,57,42258,104576,0.3,2,89712,0.24,1
8406,41,111985,283893,0.14,0,205138,0.16,0
8407,38,24690,24583,0.34,0,21489,0.16,0
8408,53,41765,62819,0.52,0,46641,0.16,1
8409,28,23578,48582,0.08,0,39818,0.16,0
8410,37,56666,73082,0.47,1,51406,0.16,0
8411,63,54762,117505,0.11,1,89074,0.16,0
8412,51,24053,34803,0.31,2,28090,0.24,0
8413,54,93327,128526,0.24,0,84453,0.16,0
8414,26,18749,14439,0.17,0,9418,0.16,0
8415,42,107820,64490,0.11,0,40376,0.16,0
8416,34,97463,252252,0.29,1,178008,0.16,1
8417,23,57119,98465,0.19,0,76486,0.16,0
8418,32,76730,146338,0.2,0,92550,0.16,0
8419,56,44844,64151,0.41,1,41372,0.16,0
8420,32,22693,19104,0.45,0,15973,0.16,0
8421,22,55173,89597,0.04,0,65502,0.16,0
8422,22,22349,23966,0.25,1,15020,0.16,0
8423,35,48754,126477,0.43,0,87990,0.16,0
8424,43,26412,78363,0.22,0,57891,0.16,1
8425,49,79834,217367,0.07,0,145843,0.16,0
8426,37,59283,107935,0.61,0,86699,0.16,1
8427,52,68813,142465,0.23,0,119968,0.16,0
8428,27,58113,166802,0.15,0,138851,0.16,0
8429,50,125543,231840,0.25,0,178590,0.16,0
8430,48,81731,171346,0.08,0,126247,0.16,0
8431,34,114899,238194,0.45,1,209133,0.16,0
8432,64,31256,70960,0.15,0,45013,0.16,0
8433,50,37373,78509,0.33,1,59138,0.16,0
8434,37,14593,31765,0.46,1,22118,0.16,1
8435,52,40287,93253,0.27,1,68411,0.16,0
8436,26,48157,121487,0.18,0,96214,0.16,0
8437,44,60910,91830,0.2,0,71019,0.16,0
8438,26,37591,88887,0.31,0,72358,0.16,0
8439,47,70841,53166,0.34,0,32191,0.16,0
8440,38,68402,184033,0.23,0,136940,0.16,0
8441,44,38685,47393,0.36,0,38269,0.16,0
8442,57,30357,45798,0.59,0,38394,0.16,0
8443,44,50663,127114,0.07,0,80615,0.16,0
8444,58,51516,107795,0.15,3,74928,0.24,0
8445,54,36175,45999,0.13,1,35673,0.16,0
8446,60,43061,45795,0.43,0,32770,0.16,0
8447,35,24126,69827,0.12,0,50069,0.16,0
8448,31,68821,49512,0.29,0,32109,0.16,0
8449,42,69380,35441,0.33,0,23594,0.16,0
8450,44,50236,109631,0.16,0,75017,0.16,1
8451,21,71879,146359,0.67,0,119318,0.16,1
8452,38,52343,122693,0.04,0,88902,0.16,0
8453,64,109988,256171,0.33,1,169867,0.16,0
8454,32,25637,68146,0.15,0,42170,0.16,0
8455,63,54224,152113,0.16,0,116888,0.16,0
8456,48,77008,187711,0.02,0,124199,0.16,0
8457,60,103367,111712,0.18,0,86795,0.16,0
8458,27,72859,120854,0.08,0,92280,0.16,1
8459,43,29173,61388,0.23,1,43031,0.16,0
8460,41,21428,39607,0.57,0,26548,0.16,0
8461,54,45028,40401,0.19,0,29533,0.16,0
8462,31,58738,115900,0.27,1,81211,0.16,0
8463,42,78618,213551,0.46,0,149506,0.16,0
8464,62,28346,43831,0.1,0,38686,0.16,0
8465,55,66527,144518,0.3,1,112313,0.16,0
8466,49,12851,26213,0.25,1,20920,0.16,0
8467,62,33868,48858,0.35,2,32153,0.24,0
8468,48,75368,144192,0.41,1,103829,0.16,1
8469,38,27021,27710,0.28,0,18774,0.16,0
8470,34,28231,52658,0.03,0,46223,0.16,0
8471,38,37695,94127,0.06,0,69428,0.16,0
8472,48,53556,128393,0.41,0,112274,0.16,1
8473,44,28067,39150,0.18,0,29389,0.16,0
8474,28,48235,37633,0.2,0,33587,0.16,0
8475,62,39494,98729,0.3,0,79667,0.16,0
8476,28,87462,101683,0.08,1,78745,0.16,0
8477,24,38488,24347,0.59,0,19356,0.16,1
8478,47,49720,80197,0.5,1,50531,0.16,0
8479,56,53272,125118,0.37,1,98554,0.16,0
8480,25,39740,100193,0.14,0,69210,0.16,0
8481,53,72030,212885,0.46,0,177223,0.16,0
8482,54,79922,77805,0.18,0,56066,0.16,0
8483,50,38388,47389,0.11,0,40831,0.16,0
8484,28,56758,114862,0.5,0,81461,0.16,0
8485,59,30829,77946,0.49,2,53404,0.24,0
8486,46,64984,70519,0.24,0,52996,0.16,1
8487,57,55072,83973,0.37,0,61930,0.16,0
8488,54,40865,62155,0.41,0,38347,0.16,0
8489,27,57812,140618,0.16,0,116785,0.16,0
8490,60,65935,72682,0.28,0,52132,0.16,0
8491,48,90689,264983,0.11,0,195471,0.16,0
8492,59,59798,106210,0.25,0,86372,0.16,0
8493,59,76435,92116,0.17,0,56604,0.16,0
8494,48,127061,153834,0.76,2,103913,0.24,1
8495,34,29231,15952,0.33,1,10625,0.16,0
8496,58,88050,196446,0.51,0,148924,0.16,0
8497,24,31584,77060,0.23,0,66009,0.16,1
8498,62,34312,19937,0.27,0,14817,0.16,0
8499,38,48732,95750,0.12,1,66272,0.16,0
8500,64,35489,87096,0.08,1,54927,0.16,1
8501,45,32642,47024,0.07,1,28252,0.16,0
8502,27,47562,75236,0.39,1,51523,0.16,1
8503,58,41496,58262,0.47,0,43073,0.16,0
8504,48,35148,45310,0.3,1,32035,0.16,0
8505,25,30445,52604,0.33,1,38808,0.16,0
8506,23,99964,91492,0.23,1,66965,0.16,0
8507,64,26900,43086,0.16,0,31670,0.16,0
8508,51,45078,128677,0.54,0,103103,0.16,0
8509,62,85730,48737,0.0,0,34679,0.16,0
8510,40,73480,67003,0.14,0,56683,0.16,0
8511,39,55097,134671,0.29,1,113163,0.16,0
8512,31,35888,29792,0.24,2,19944,0.24,1
8513,60,48563,57217,0.51,1,36266,0.16,1
8514,23,27944,45747,0.11,0,39866,0.16,0
8515,43,42507,121480,0.47,0,79132,0.16,0
8516,27,42186,40445,0.4,2,32135,0.24,1
8517,43,44273,124305,0.52,0,106871,0.16,0
8518,27,33057,75909,0.24,0,45662,0.16,0
8519,54,20995,45724,0.15,0,31087,0.16,0
8520,62,91667,211645,0.24,0,145294,0.16,0
8521,39,82033,47424,0.25,1,38271,0.16,0
8522,29,75911,56724,0.64,2,45017,0.24,1
8523,38,59231,79197,0.41,1,60658,0.16,0
8524,61,53379,36560,0.08,0,31948,0.16,0
8525,62,34653,102883,0.13,0,92193,0.16,0
8526,45,36555,71319,0.18,0,44244,0.16,0
8527,34,101486,174389,0.06,0,150232,0.16,0
8528,64,113715,280168,0.29,0,186030,0.16,0
8529,45,44695,131510,0.34,0,84987,0.16,0
8530,39,49113,141829,0.43,1,118328,0.16,1
8531,59,70697,175516,0.21,0,138642,0.16,0
8532,35,51366,74117,0.08,0,45800,0.16,1
8533,36,53344,35468,0.12,0,23571,0.16,0
8534,47,47576,35488,0.68,0,28872,0.16,0
8535,60,30671,15423,0.3,1,9303,0.16,0
8536,30,40680,20533,0.22,0,14075,0.16,0
8537,24,45851,130265,0.33,0,95794,0.16,0
8538,39,13904,39175,0.04,0,34230,0.16,0
8539,48,51213,111075,0.71,2,94981,0.24,0
8540,41,156573,362731,0.4,1,241242,0.16,0
8541,34,39549,70516,0.28,0,48784,0.16,0
8542,53,49839,54554,0.2,1,41216,0.16,0
8543,30,32201,89710,0.42,0,65566,0.16,0
8544,39,28368,33877,0.34,0,28144,0.16,0
8545,50,41980,98618,0.38,1,87313,0.16,0
8546,42,67164,74793,0.32,1,58822,0.16,0
8547,23,43613,116680,0.36,1,73933,0.16,1
8548,57,40658,86524,0.05,1,63377,0.16,0
8549,61,62805,132313,0.24,0,101106,0.16,0
8550,38,54178,40276,0.41,1,35706,0.16,0
8551,31,56366,87292,0.13,0,61413,0.16,1
8552,22,88889,161090,0.43,0,129010,0.16,0
8553,32,83476,103100,0.1,0,62208,0.16,0
8554,26,103556,279853,0.74,1,204575,0.16,0
8555,63,26731,69344,0.26,0,42448,0.16,0
8556,60,75254,130494,0.64,1,87575,0.16,0
8557,64,111626,150703,0.32,0,111638,0.16,0
8558,49,21669,54256,0.24,0,42016,0.16,0
8559,50,48530,48152,0.44,0,41555,0.16,0
8560,22,37360,25359,0.29,0,16621,0.16,0
8561,29,48427,29747,0.15,0,20602,0.16,0
8562,22,86984,51904,0.27,1,39818,0.16,0
8563,49,24394,42011,0.15,0,27886,0.16,1
8564,53,55408,63070,0.14,0,55013,0.16,0
8565,30,36963,82277,0.41,0,70937,0.16,0
8566,54,88328,188556,0.7,0,163300,0.16,0
8567,64,60504,112237,0.14,1,91594,0.16,0
8568,28,45302,62612,0.61,1,56280,0.16,0
8569,57,34232,89898,0.38,2,76220,0.24,0
8570,53,185157,421094,0.23,1,315313,0.16,0
8571,26,56384,66466,0.35,0,54610,0.16,1
8572,64,24101,42278,0.15,0,26582,0.16,1
8573,60,32683,29110,0.31,0,25483,0.16,0
8574,39,60253,79650,0.34,0,71306,0.16,0
8575,52,34029,101843,0.11,0,87289,0.16,0
8576,47,36188,38345,0.25,1,23416,0.16,0
8577,21,80254,180230,0.04,0,117070,0.16,0
8578,63,76780,84154,0.22,0,53155,0.16,0
8579,53,36842,104827,0.3,1,76282,0.16,1
8580,60,88029,112266,0.01,0,68643,0.16,0
8581,52,34361,46961,0.18,0,41466,0.16,0
8582,25,114321,226887,0.15,0,175954,0.16,1
8583,37,64136,126365,0.14,0,97333,0.16,0
8584,28,56675,110385,0.51,1,81000,0.16,0
8585,62,40440,78176,0.19,0,54829,0.16,0
8586,54,36158,46299,0.25,0,34506,0.16,0
8587,29,15317,24293,0.14,0,18347,0.16,0
8588,43,42316,83937,0.45,2,67882,0.24,1
8589,55,48764,106216,0.24,0,68995,0.16,1
8590,27,19671,22283,0.23,0,17215,0.16,0
8591,35,73990,166750,0.38,1,129020,0.16,0
8592,40,45243,127050,0.07,0,90217,0.16,0
8593,45,89981,215488,0.76,1,191630,0.16,0
8594,23,34827,24747,0.27,1,20379,0.16,0
8595,44,90963,152164,0.46,0,123744,0.16,0
8596,54,39162,62195,0.29,0,53608,0.16,0
8597,42,47803,64116,0.39,0,44988,0.16,0
8598,31,54601,94366,0.1,0,62640,0.16,0
8599,28,48010,76772,0.45,1,56157,0.16,0
8600,59,57078,29419,0.17,0,22925,0.16,0
8601,63,18727,20438,0.23,0,15681,0.16,0
8602,55,45720,47295,0.16,2,31504,0.24,1
8603,58,47088,64658,0.41,0,44006,0.16,0
8604,28,18156,16996,0.36,0,14917,0.16,0
8605,57,67591,45252,0.28,0,28252,0.16,0
8606,47,31080,30816,0.09,0,23149,0.16,0
8607,48,78524,206947,0.38,0,153637,0.16,0
8608,60,51173,127553,0.17,1,91201,0.16,0
8609,54,36785,59048,0.34,0,49309,0.16,0
8610,52,81011,218287,0.06,0,191388,0.16,0
8611,35,112525,121714,0.23,0,109443,0.16,0
8612,64,49973,97973,0.13,0,62391,0.16,0
8613,37,97483,83573,0.69,1,51218,0.16,0
8614,53,44888,115968,0.22,1,79158,0.16,1
8615,36,79313,65548,0.59,0,52749,0.16,1
8616,49,40792,23645,0.54,4,17056,0.24,1
8617,29,122142,144568,0.14,0,106947,0.16,0
8618,53,84006,231212,0.46,0,208050,0.16,0
8619,49,62017,51079,0.36,0,38176,0.16,0
8620,33,13808,18318,0.54,1,16020,0.16,0
8621,41,61353,79209,0.27,0,57307,0.16,0
8622,41,26437,66201,0.25,0,48462,0.16,0
8623,25,58490,90882,0.43,1,75563,0.16,0
8624,30,92850,188385,0.37,1,163976,0.16,0
8625,26,69182,104531,0.3,1,88211,0.16,0
8626,33,75309,141478,0.29,0,104896,0.16,0
8627,21,40679,26689,0.33,0,21602,0.16,0
8628,40,22872,32823,0.23,0,22291,0.16,0
8629,28,33332,87921,0.16,1,54788,0.16,0
8630,30,41569,92601,0.21,0,59950,0.16,0
8631,29,48677,143819,0.22,0,87329,0.16,0
8632,61,92463,228365,0.3,0,167472,0.16,0
8633,23,70635,115048,0.49,0,91658,0.16,0
8634,31,148726,325814,0.08,0,198755,0.16,0
8635,32,29713,72493,0.61,1,44622,0.16,1
8636,30,87726,103008,0.31,0,77899,0.16,0
8637,45,75938,49363,0.1,0,43531,0.16,0
8638,45,46245,70043,0.13,0,44996,0.16,1
8639,31,30318,26124,0.08,0,20991,0.16,0
8640,56,36035,42993,0.49,4,34236,0.24,1
8641,59,35179,100862,0.29,0,69774,0.16,0
8642,46,115304,301832,0.29,0,187971,0.16,0
8643,34,74170,146942,0.42,0,115019,0.16,0
8644,59,75571,113593,0.18,0,83261,0.16,0
8645,60,51217,59454,0.14,0,41236,0.16,0
8646,21,43721,84322,0.49,2,70327,0.24,1
8647,24,58027,106357,0.07,1,76734,0.16,0
8648,50,51597,126513,0.6,1,99328,0.16,1
8649,32,46722,131758,0.03,0,89183,0.16,0
8650,55,58885,77866,0.01,1,48548,0.16,0
8651,33,28769,29221,0.19,0,18892,0.16,0
8652,51,56022,84425,0.09,1,59966,0.16,0
8653,58,46378,73919,0.36,0,60624,0.16,0
8654,63,34292,20564,0.3,1,15951,0.16,0
8655,43,67529,179238,0.05,0,127771,0.16,0
8656,24,120281,359517,0.05,0,266864,0.16,0
8657,36,92877,260800,0.3,0,201989,0.16,0
8658,27,42560,112854,0.24,1,73441,0.16,0
8659,42,68336,203743,0.4,0,138859,0.16,0
8660,49,74734,206977,0.48,2,141355,0.24,0
8661,31,52030,115554,0.16,0,72904,0.16,1
8662,53,48436,44410,0.24,0,29307,0.16,0
8663,49,58213,51860,0.21,2,39817,0.24,0
8664,59,172178,107085,0.15,0,71521,0.16,0
8665,32,55751,85275,0.35,0,66053,0.16,0
8666,27,26011,65601,0.53,0,39833,0.16,1
8667,59,29052,50136,0.14,1,32695,0.16,0
8668,62,44999,63709,0.47,0,49913,0.16,0
8669,46,26279,20316,0.15,0,15751,0.16,0
8670,60,45878,28874,0.54,1,19712,0.16,1
8671,29,149134,223394,0.2,0,175805,0.16,0
8672,61,37959,28462,0.41,2,18493,0.24,1
8673,54,28462,21598,0.22,0,18255,0.16,0
8674,33,44188,65768,0.08,0,44399,0.16,0
8675,56,46538,81772,0.49,1,60527,0.16,0
8676,45,29899,28903,0.18,0,25555,0.16,0
8677,44,26392,58368,0.05,1,45138,0.16,0
8678,64,96579,149381,0.35,1,123341,0.16,0
8679,37,62968,45954,0.37,1,37850,0.16,0
8680,22,38508,80581,0.22,1,57568,0.16,0
8681,33,27509,38302,0.2,0,24132,0.16,0
8682,51,37845,23872,0.45,0,16762,0.16,0
8683,49,26555,76211,0.2,0,46499,0.16,0
8684,48,36689,70736,0.59,0,48047,0.16,0
8685,47,137785,233449,0.37,0,142610,0.16,0
8686,35,55239,146264,0.19,0,106168,0.16,0
8687,51,35989,102275,0.18,0,61641,0.16,0
8688,60,68855,72353,0.44,0,59923,0.16,0
8689,35,30791,77758,0.29,0,69120,0.16,0
8690,53,40022,103164,0.27,0,62878,0.16,0
8691,40,19397,12336,0.34,0,9540,0.16,0
8692,62,92691,211322,0.69,4,143938,0.24,1
8693,32,44317,29134,0.13,0,22057,0.16,0
8694,57,32552,64670,0.05,0,57099,0.16,0
8695,29,67829,147398,0.31,2,122279,0.24,0
8696,43,29031,41155,0.35,0,33907,0.16,0
8697,28,29927,80861,0.3,0,55634,0.16,0
8698,52,40557,101444,0.08,0,85105,0.16,0
8699,34,26936,75822,0.29,0,47824,0.16,1
8700,47,35357,45512,0.13,0,36967,0.16,0
8701,45,44396,24587,0.6,0,17733,0.16,0
8702,33,46446,117445,0.21,0,85872,0.16,0
8703,41,25277,26728,0.36,0,19964,0.16,0
8704,51,43383,72358,0.47,0,60091,0.16,0
8705,57,65534,166672,0.08,1,115579,0.16,0
8706,63,71233,74106,0.13,0,51655,0.16,0
8707,25,38224,48918,0.5,1,36986,0.16,0
8708,33,44604,71263,0.12,1,48482,0.16,0
8709,48,43307,51083,0.03,0,37486,0.16,0
8710,63,24444,40413,0.52,2,32253,0.24,1
8711,45,37418,19606,0.27,0,17585,0.16,0
8712,55,72992,75216,0.41,0,51041,0.16,0
8713,59,73574,189922,0.18,0,128889,0.16,0
8714,27,60231,92376,0.13,0,66347,0.16,0
8715,58,12957,27093,0.21,0,21612,0.16,1
8716,52,33164,35840,0.51,1,31463,0.16,0
8717,23,61932,131586,0.2,0,116415,0.16,0
8718,59,115404,346204,0.31,1,242829,0.16,0
8719,57,48665,96756,0.13,1,70165,0.16,0
8720,42,51427,106499,0.21,1,77840,0.16,0
8721,28,46324,36077,0.08,0,25422,0.16,0
8722,37,25507,38476,0.24,0,26726,0.16,0
8723,47,58452,155003,0.21,0,96321,0.16,0
8724,53,22909,59235,0.52,1,45227,0.16,1
8725,37,46975,84836,0.25,0,67758,0.16,0
8726,62,51252,141385,0.56,1,126889,0.16,0
8727,32,50244,43076,0.13,0,33847,0.16,1
8728,47,25611,54947,0.67,0,43030,0.16,0
8729,28,34388,38590,0.17,0,27441,0.16,0
8730,43,69173,146225,0.26,1,90257,0.16,0
8731,62,50839,36527,0.33,1,28646,0.16,0
8732,49,34501,98639,0.38,0,62898,0.16,0
8733,40,28693,70752,0.19,0,58241,0.16,0
8734,36,73233,73409,0.29,0,60653,0.16,0
8735,37,49870,104387,0.37,0,65923,0.16,0
8736,36,27850,66780,0.53,0,45629,0.16,0
8737,39,44608,45661,0.16,0,38627,0.16,0
8738,28,32759,24023,0.26,2,21348,0.24,0
8739,58,56993,78618,0.49,0,64401,0.16,0
8740,58,91748,77011,0.31,0,55478,0.16,0
8741,49,28554,54660,0.2,0,46360,0.16,0
8742,61,53028,82738,0.44,1,56912,0.16,0
8743,56,52548,87022,0.6,0,74828,0.16,0
8744,46,16776,31155,0.17,1,19093,0.16,1
8745,51,74332,219660,0.4,0,197227,0.16,0
8746,64,140010,347447,0.35,0,219989,0.16,0
8747,32,52523,108915,0.3,0,95251,0.16,0
8748,37,96742,136335,0.39,1,116670,0.16,0
8749,35,26179,14861,0.37,0,10223,0.16,0
8750,29,34221,27079,0.08,0,20003,0.16,0
8751,59,50798,118215,0.35,0,78535,0.16,0
8752,62,31989,45520,0.59,0,33881,0.16,0
8753,32,49963,66755,0.45,0,43673,0.16,0
8754,52,80958,220403,0.5,0,151589,0.16,0
8755,45,31522,53942,0.3,0,32998,0.16,0
8756,59,82764,227513,0.42,0,174175,0.16,0
8757,38,18738,50903,0.38,1,41590,0.16,0
8758,35,36887,25837,0.05,0,17070,0.16,0
8759,52,44423,127201,0.34,0,99679,0.16,0
8760,26,30838,21351,0.55,0,13118,0.16,0
8761,64,37145,108046,0.07,1,67532,0.16,0
8762,63,98525,160747,0.52,0,122704,0.16,0
8763,55,91123,218891,0.14,0,135227,0.16,0
8764,54,70264,159173,0.1,0,117336,0.16,0
8765,58,82504,148196,0.57,0,91766,0.16,0
8766,25,35947,73642,0.7,1,51901,0.16,0
8767,38,26597,76460,0.1,0,66076,0.16,0
8768,36,32734,92256,0.5,1,76011,0.16,0
8769,28,35259,75306,0.55,2,54526,0.24,1
8770,45,36143,77501,0.26,1,54644,0.16,0
8771,52,63835,71325,0.83,1,50599,0.16,1
8772,46,57617,148165,0.27,0,94755,0.16,0
8773,42,44898,93455,0.36,0,67025,0.16,0
8774,51,46302,118793,0.31,0,92212,0.16,0
8775,63,84750,181757,0.32,0,155290,0.16,0
8776,30,25695,32075,0.25,0,25812,0.16,0
8777,32,72753,70839,0.31,1,56061,0.16,1
8778,48,17057,11810,0.82,1,7324,0.16,0
8779,26,36940,72586,0.13,0,46659,0.16,0
8780,40,104327,126249,0.01,0,79326,0.16,0
8781,25,56978,118301,0.15,0,77754,0.16,0
8782,43,38819,25101,0.35,0,20888,0.16,0
8783,29,77471,111492,0.33,0,87644,0.16,0
8784,49,66009,76001,0.54,0,55686,0.16,0
8785,36,64686,92231,0.05,0,55659,0.16,0
8786,42,44325,28177,0.43,0,22553,0.16,0
8787,28,79219,183031,0.25,0,139436,0.16,0
8788,40,35527,28128,0.03,0,17575,0.16,0
8789,34,34696,18597,0.31,0,15067,0.16,0
8790,59,125133,358596,0.13,0,244184,0.16,0
8791,57,38179,37499,0.62,1,27944,0.16,0
8792,54,17748,45615,0.39,0,31731,0.16,0
8793,31,83386,242751,0.13,0,169142,0.16,0
8794,60,96824,177701,0.16,0,109767,0.16,0
8795,53,43570,79092,0.11,0,48588,0.16,0
8796,51,17202,24401,0.42,0,20334,0.16,0
8797,64,47685,74578,0.32,0,44820,0.16,0
8798,54,138157,235583,0.12,0,161676,0.16,0
8799,27,54245,47748,0.56,2,42275,0.24,0
8800,43,72018,101678,0.59,0,85372,0.16,0
8801,27,74117,188277,0.41,0,142246,0.16,0
8802,45,79669,76163,0.35,0,62655,0.16,0
8803,23,124400,289184,0.31,0,255388,0.16,0
8804,58,84125,179099,0.05,0,157958,0.16,0
8805,40,47081,30284,0.24,1,22220,0.16,1
8806,54,28058,15602,0.1,0,10870,0.16,0
8807,64,60770,83942,0.37,1,69205,0.16,0
8808,64,44501,99256,0.15,0,71767,0.16,0
8809,50,70150,93022,0.18,0,60133,0.16,0
8810,37,31842,69075,0.21,0,45460,0.16,0
8811,30,42179,91260,0.24,1,69625,0.16,0
8812,55,49295,124045,0.45,1,93375,0.16,0
8813,40,30650,22948,0.59,0,16958,0.16,1
8814,38,50007,97154,0.28,0,69078,0.16,0
8815,64,72651,47676,0.19,0,33255,0.16,1
8816,47,127397,119736,0.19,0,78603,0.16,0
8817,56,33939,44587,0.11,0,35872,0.16,1
8818,43,77104,174908,0.53,0,131343,0.16,0
8819,52,18233,53508,0.28,0,38033,0.16,0
8820,30,48836,66236,0.34,0,55188,0.16,0
8821,31,50783,91554,0.27,0,72302,0.16,0
8822,58,73651,84524,0.58,0,69874,0.16,0
8823,26,37803,82740,0.32,0,65640,0.16,0
8824,61,55402,78474,0.23,1,61798,0.16,0
8825,54,85323,145389,0.5,1,105195,0.16,0
8826,56,27900,53554,0.04,0,36647,0.16,0
8827,57,18411,40791,0.5,3,27302,0.24,1
8828,37,84099,54675,0.3,0,47545,0.16,0
8829,60,29769,56181,0.28,0,37093,0.16,0
8830,60,61603,97204,0.42,2,77942,0.24,0
8831,32,129968,108446,0.23,2,71229,0.24,0
8832,41,74472,75968,0.31,0,66979,0.16,1
8833,60,30161,81728,0.3,0,53843,0.16,1
8834,39,23597,63226,0.33,0,54150,0.16,0
8835,23,33215,19375,0.31,0,17060,0.16,0
8836,38,53445,118835,0.48,1,78676,0.16,0
8837,39,43262,81569,0.33,0,70648,0.16,0
8838,26,96851,275980,0.25,1,174650,0.16,0
8839,36,68429,189549,0.25,0,153533,0.16,0
8840,28,34019,66299,0.25,0,49861,0.16,0
8841,38,74834,63413,0.21,0,56331,0.16,0
8842,63,104110,171733,0.25,0,127818,0.16,0
8843,59,41875,96853,0.46,1,60100,0.16,1
8844,32,62304,179394,0.18,0,114430,0.16,1
8845,30,31656,44621,0.45,1,31075,0.16,1
8846,27,45666,112415,0.08,0,83264,0.16,0
8847,21,31382,69302,0.37,0,61497,0.16,0
8848,56,91093,63376,0.54,1,47233,0.16,1
8849,41,38143,72278,0.39,1,63532,0.16,0
8850,57,61084,58565,0.42,2,51186,0.24,0
8851,44,67347,148760,0.1,0,96785,0.16,0
8852,45,232010,469869,0.32,1,411503,0.16,0
8853,27,42921,125870,0.63,0,85157,0.16,0
8854,62,33237,94341,0.17,0,80288,0.16,1
8855,37,47282,24748,0.31,0,22089,0.16,0
8856,49,32040,22430,0.2,0,13942,0.16,0
8857,50,38417,93078,0.22,0,74874,0.16,0
8858,27,70523,156145,0.17,0,113654,0.16,1
8859,53,35036,87672,0.42,0,64574,0.16,1
8860,27,64924,75768,0.3,0,58161,0.16,0
8861,44,66053,173277,0.33,1,153112,0.16,0
8862,31,55530,89183,0.12,1,70422,0.16,0
8863,29,68511,79114,0.27,1,71008,0.16,0
8864,32,42310,22277,0.34,0,19817,0.16,0
8865,55,18009,48235,0.32,0,41332,0.16,0
8866,24,50495,92827,0.13,0,75165,0.16,0
8867,56,50977,149793,0.14,0,100293,0.16,0
8868,48,40738,93155,0.29,0,71905,0.16,0
8869,33,67774,47512,0.17,0,31839,0.16,1
8870,43,71836,141551,0.23,0,125452,0.16,0
8871,39,54670,29675,0.21,0,26340,0.16,0
8872,62,51499,97562,0.3,0,68271,0.16,0
8873,57,90164,124020,0.6,2,76201,0.24,0
8874,59,28652,60405,0.15,0,51243,0.16,0
8875,44,41535,77003,0.53,0,54335,0.16,0
8876,36,80733,93115,0.2,0,64794,0.16,0
8877,53,64079,58047,0.14,0,44927,0.16,1
8878,32,43585,65890,0.2,1,39543,0.16,0
8879,54,59592,176814,0.13,1,125978,0.16,0
8880,27,37268,59228,0.18,1,42934,0.16,0
8881,31,53137,126039,0.19,0,112330,0.16,0
8882,51,69149,44423,0.35,1,28764,0.16,0
8883,49,93520,135338,0.29,0,87318,0.16,0
8884,33,68217,133078,0.21,0,104573,0.16,0
8885,51,96936,230512,0.26,0,143714,0.16,0
8886,22,23829,43391,0.02,2,34119,0.24,1
8887,59,16214,28994,0.12,0,20940,0.16,0
8888,35,16461,39667,0.26,0,23831,0.16,0
8889,31,85650,109907,0.38,1,80473,0.16,0
8890,54,66293,48163,0.36,3,39572,0.24,0
8891,59,34229,46821,0.58,2,29955,0.24,0
8892,24,40439,36293,0.24,0,23774,0.16,0
8893,31,58002,169067,0.15,0,113332,0.16,1
8894,49,34144,66368,0.19,0,47583,0.16,0
8895,22,32578,52662,0.09,0,46592,0.16,1
8896,36,35337,98241,0.28,0,61023,0.16,0
8897,59,33851,93120,0.14,0,78826,0.16,0
8898,33,50115,77139,0.48,0,64813,0.16,0
8899,57,112591,302511,0.47,0,223769,0.16,0
8900,37,29627,19555,0.2,1,12531,0.16,0
8901,41,47258,128272,0.41,1,100519,0.16,0
8902,64,61716,78777,0.37,1,64360,0.16,0
8903,39,64072,122557,0.18,1,79242,0.16,0
8904,27,38065,44696,0.13,0,36189,0.16,0
8905,58,66792,197837,0.12,0,173336,0.16,0
8906,28,60476,41090,0.23,0,26989,0.16,0
8907,33,39119,63270,0.2,0,40347,0.16,0
8908,57,24925,51157,0.12,0,40928,0.16,0
8909,22,27676,56432,0.2,0,42004,0.16,0
8910,61,71177,167045,0.34,0,143020,0.16,1
8911,31,100060,231242,0.23,0,174535,0.16,0
8912,44,49039,121756,0.08,0,103038,0.16,0
8913,26,98809,107278,0.28,0,77082,0.16,0
8914,46,47753,68108,0.51,0,44872,0.16,1
8915,27,27660,40247,0.18,0,28681,0.16,0
8916,59,44146,127564,0.28,0,90297,0.16,0
8917,39,103355,157438,0.27,0,108608,0.16,0
8918,26,36252,38234,0.13,1,25626,0.16,0
8919,63,45799,95301,0.13,0,68232,0.16,0
8920,49,88682,139068,0.35,0,123977,0.16,0
8921,63,85681,96408,0.29,0,72065,0.16,0
8922,59,57123,130688,0.18,0,83855,0.16,0
8923,22,64043,62750,0.64,0,42077,0.16,0
8924,39,83401,173756,0.35,1,122652,0.16,0
8925,24,57198,90162,0.18,0,59193,0.16,0
8926,26,92990,120693,0.29,0,99273,0.16,0
8927,57,68594,196518,0.37,0,164524,0.16,0
8928,48,45526,59685,0.41,1,50181,0.16,0
8929,50,60916,83379,0.12,0,72933,0.16,0
8930,27,40428,108209,0.35,0,92802,0.16,0
8931,29,30249,24883,0.13,0,19265,0.16,1
8932,45,27702,21335,0.32,1,15996,0.16,0
8933,53,44210,53351,0.2,0,44825,0.16,0
8934,21,57324,113449,0.59,0,100930,0.16,0
8935,26,120635,176217,0.36,1,107344,0.16,0
8936,38,60357,122004,0.06,0,86391,0.16,0
8937,30,53946,48517,0.28,0,38833,0.16,0
8938,48,46638,53802,0.31,0,38050,0.16,0
8939,31,40999,78427,0.11,1,65004,0.16,0
8940,53,52332,54575,0.36,3,45708,0.24,0
8941,21,42707,66495,0.25,0,53519,0.16,1
8942,33,41671,80492,0.41,1,52120,0.16,0
8943,57,73894,216814,0.12,0,190741,0.16,0
8944,40,31140,21789,0.17,0,15218,0.16,0
8945,21,43262,71427,0.22,0,63802,0.16,0
8946,23,34758,51812,0.25,0,36558,0.16,0
8947,38,51989,133123,0.51,0,86294,0.16,0
8948,61,75122,206641,0.3,0,141859,0.16,1
8949,34,58395,161610,0.24,0,136456,0.16,0
8950,51,43894,63112,0.05,0,43701,0.16,0
8951,47,78447,98971,0.55,1,77136,0.16,0
8952,37,76218,123689,0.42,2,100034,0.24,1
8953,49,49998,67995,0.07,1,47006,0.16,0
8954,56,108716,249734,0.06,0,199571,0.16,0
8955,57,60457,62508,0.12,0,40401,0.16,0
8956,46,59647,128044,0.1,0,101038,0.16,1
8957,37,26867,75696,0.21,0,60288,0.16,0
8958,42,21123,25343,0.15,0,15454,0.16,0
8959,45,50600,110926,0.04,0,76342,0.16,0
8960,22,80710,69322,0.31,1,41719,0.16,0
8961,42,57771,46416,0.26,0,38884,0.16,0
8962,25,78861,62230,0.14,0,45675,0.16,0
8963,24,39864,33737,0.16,0,24561,0.16,0
8964,56,51085,53149,0.35,1,39174,0.16,0
8965,26,49431,94268,0.41,1,67994,0.16,1
8966,41,19915,48143,0.09,0,31263,0.16,0
8967,33,119905,97979,0.33,0,78245,0.16,0
8968,57,89212,238645,0.15,0,208861,0.16,0
8969,45,77980,203277,0.04,0,182137,0.16,0
8970,46,93196,216072,0.24,0,181297,0.16,1
8971,59,38814,60740,0.07,0,43527,0.16,0
8972,40,72976,36772,0.03,0,28271,0.16,0
8973,53,38769,90599,0.13,0,54704,0.16,0
8974,34,52785,142385,0.43,0,100637,0.16,0
8975,56,20514,27452,0.27,1,21999,0.16,0
8976,37,45506,104434,0.25,1,90685,0.16,0
8977,41,22808,14941,0.25,1,9459,0.16,0
8978,36,26184,59535,0.38,0,37358,0.16,0
8979,36,47722,32010,0.15,1,20687,0.16,0
8980,40,34411,67719,0.61,1,43569,0.16,1
8981,49,58074,115792,0.44,2,96727,0.24,0
8982,48,113263,142189,0.38,0,115670,0.16,0
8983,28,35923,25067,0.1,0,21842,0.16,0
8984,44,42942,123386,0.17,0,84913,0.16,0
8985,23,68340,125673,0.37,0,101025,0.16,0
8986,45,35068,68361,0.42,0,48493,0.16,0
8987,39,34279,69845,0.29,1,44788,0.16,0
8988,53,39252,107064,0.62,0,89485,0.16,0
8989,22,76148,49544,0.29,1,39018,0.16,0
8990,35,20249,55344,0.35,0,44881,0.16,0
8991,42,32088,35270,0.18,0,22885,0.16,0
8992,30,105392,73234,0.12,0,58112,0.16,0
8993,38,10408,22306,0.08,0,15453,0.16,1
8994,42,45996,135340,0.19,1,91417,0.16,0
8995,47,105341,67745,0.4,2,53851,0.24,0
8996,33,127388,199401,0.29,0,121095,0.16,0
8997,53,73106,133379,0.14,0,116210,0.16,0
8998,25,88072,99547,0.28,0,64583,0.16,0
8999,46,30506,90211,0.54,0,65473,0.16,0
9000,33,31785,66825,0.4,1,50997,0.16,0
9001,47,115506,301571,0.31,0,256474,0.16,1
9002,34,42962,66137,0.32,0,44110,0.16,0
9003,44,19177,26558,0.32,0,23287,0.16,0
9004,23,60427,113777,0.44,1,78387,0.16,0
9005,50,44555,70762,0.6,1,53875,0.16,0
9006,55,51050,116770,0.54,0,75986,0.16,0
9007,34,14903,17355,0.26,0,13653,0.16,0
9008,32,13041,21178,0.56,1,13702,0.16,1
9009,48,57026,156127,0.43,0,97617,0.16,0
9010,64,42126,100692,0.09,0,75266,0.16,0
9011,49,39009,35895,0.29,2,29049,0.24,0
9012,63,59589,161912,0.26,0,106214,0.16,0
9013,37,33208,65504,0.25,0,40377,0.16,0
9014,60,42928,94365,0.16,0,57821,0.16,0
9015,41,39168,48397,0.45,2,29059,0.24,0
9016,43,76322,122409,0.4,0,82028,0.16,0
9017,40,19159,48223,0.17,0,41469,0.16,0
9018,31,35465,47051,0.1,0,34612,0.16,0
9019,54,84531,77147,0.09,0,67654,0.16,0
9020,30,32255,46633,0.1,0,31468,0.16,0
9021,30,52050,35032,0.45,0,31354,0.16,1
9022,63,112952,259184,0.48,0,219647,0.16,0
9023,26,53060,46128,0.56,0,38523,0.16,1
9024,56,142950,173371,0.27,1,134999,0.16,0
9025,44,98710,266783,0.3,1,175749,0.16,0
9026,32,35389,65513,0.07,0,58011,0.16,0
9027,63,26055,33958,0.46,0,28630,0.16,0
9028,43,36244,67746,0.12,1,57564,0.16,0
9029,47,59279,61987,0.42,0,53670,0.16,0
9030,57,58286,32811,0.31,0,22224,0.16,0
9031,26,68340,137317,0.33,2,118209,0.24,0
9032,21,30862,70529,0.65,1,52692,0.16,1
9033,26,33218,89670,0.3,0,71377,0.16,0
9034,42,64813,157476,0.36,1,139875,0.16,0
9035,61,132647,373626,0.39,0,324904,0.16,0
9036,44,28325,83980,0.06,0,56678,0.16,0
9037,45,47277,111684,0.32,0,91595,0.16,0
9038,35,40949,109325,0.13,0,92797,0.16,0
9039,46,52716,115149,0.16,1,84335,0.16,0
9040,28,26940,24982,0.42,1,15790,0.16,1
9041,44,51229,48885,0.19,0,33938,0.16,0
9042,58,90254,70005,0.38,1,57422,0.16,0
9043,26,21763,62186,0.06,0,48265,0.16,0
9044,55,80661,175992,0.19,0,146333,0.16,0
9045,62,26971,66747,0.43,1,58000,0.16,0
9046,21,55774,74061,0.12,2,51679,0.24,0
9047,56,62592,103342,0.6,1,83333,0.16,0
9048,32,59135,35448,0.15,0,22299,0.16,0
9049,58,41492,112962,0.1,0,90296,0.16,0
9050,31,68271,179723,0.39,0,109760,0.16,1
9051,32,26144,64367,0.19,0,43486,0.16,0
9052,62,77442,50008,0.44,0,36728,0.16,0
9053,59,38850,36349,0.35,0,31025,0.16,0
9054,27,57583,76897,0.15,0,49566,0.16,0
9055,31,41121,47604,0.19,0,39700,0.16,0
9056,56,105456,273779,0.42,0,210638,0.16,0
9057,51,61042,60253,0.44,0,44414,0.16,0
9058,53,67938,124347,0.31,1,98566,0.16,0
9059,33,72677,140154,0.32,0,98581,0.16,0
9060,38,43456,67901,0.1,0,61000,0.16,0
9061,61,56649,62411,0.26,2,39515,0.24,0
9062,44,53244,154446,0.22,0,99088,0.16,0
9063,29,67673,103776,0.24,0,89787,0.16,0
9064,51,39230,90945,0.25,1,60545,0.16,0
9065,61,34431,33057,0.1,0,20440,0.16,0
9066,30,88513,226330,0.38,1,196298,0.16,0
9067,22,72646,75532,0.39,0,46733,0.16,0
9068,58,32219,70503,0.29,0,60486,0.16,0
9069,35,126895,224127,0.36,0,170150,0.16,0
9070,23,36838,31916,0.58,2,24265,0.24,0
9071,63,52016,29252,0.43,3,18699,0.24,0
9072,51,87934,248578,0.3,0,196155,0.16,0
9073,26,87515,71257,0.55,0,50670,0.16,0
9074,23,34450,77938,0.28,0,55240,0.16,0
9075,31,63488,135338,0.6,1,109504,0.16,0
9076,35,41977,56849,0.24,0,48909,0.16,0
9077,48,60462,58252,0.13,0,47732,0.16,0
9078,30,46035,43540,0.41,0,35031,0.16,1
9079,58,40079,78687,0.51,0,68130,0.16,0
9080,27,30297,56573,0.48,0,49222,0.16,0
9081,35,88661,238483,0.4,0,195772,0.16,0
9082,38,33796,70971,0.28,0,60048,0.16,1
9083,38,102148,260292,0.05,0,175018,0.16,0
9084,61,42323,24591,0.2,0,19780,0.16,0
9085,44,62462,136009,0.18,0,101566,0.16,0
9086,22,105833,114751,0.28,0,98080,0.16,0
9087,60,39525,44746,0.55,1,39747,0.16,0
9088,40,62064,142836,0.55,0,97155,0.16,0
9089,54,62756,155859,0.6,1,124906,0.16,1
9090,63,35126,50206,0.01,0,42999,0.16,0
9091,46,54782,135595,0.32,0,109084,0.16,0
9092,27,71139,114488,0.09,0,92326,0.16,0
9093,58,114745,303398,0.21,1,256447,0.16,0
9094,50,39836,22398,0.04,0,18159,0.16,0
9095,62,58275,41301,0.31,0,35027,0.16,0
9096,25,46003,112287,0.31,0,100761,0.16,0
9097,31,53996,111243,0.28,0,84901,0.16,0
9098,21,36464,69192,0.14,0,55338,0.16,1
9099,54,45047,91668,0.26,0,71919,0.16,0
9100,21,104726,295900,0.17,0,202567,0.16,1
9101,39,52245,111743,0.54,2,94977,0.24,0
9102,22,50922,107887,0.07,0,77235,0.16,0
9103,41,32009,76779,0.17,1,68058,0.16,0
9104,40,84583,225544,0.1,1,191284,0.16,0
9105,43,74867,86455,0.24,0,55893,0.16,0
9106,41,52241,106669,0.13,0,65915,0.16,0
9107,44,126824,248567,0.24,0,159592,0.16,0
9108,24,37560,31442,0.1,0,26209,0.16,1
9109,32,29110,52421,0.16,0,42919,0.16,0
9110,42,46748,31502,0.1,0,24593,0.16,0
9111,40,32092,30885,0.31,0,20211,0.16,0
9112,38,55289,153836,0.28,0,113058,0.16,0
9113,21,50848,40582,0.12,0,30865,0.16,0
9114,50,87242,169885,0.24,1,151393,0.16,0
9115,53,39032,51081,0.4,0,33998,0.16,0
9116,44,57873,109280,0.44,1,77090,0.16,0
9117,34,53777,58478,0.48,0,46361,0.16,0
9118,56,74329,119740,0.14,0,79405,0.16,0
9119,25,27855,74326,0.04,1,48589,0.16,0
9120,31,31291,45076,0.07,0,33026,0.16,0
9121,44,36700,50740,0.21,1,38372,0.16,0
9122,51,28504,46042,0.11,0,37132,0.16,0
9123,33,66580,50017,0.2,1,41418,0.16,0
9124,36,66899,98232,0.38,0,84544,0.16,0
9125,44,84628,43773,0.39,1,30714,0.16,1
9126,33,45575,80143,0.03,0,60205,0.16,0
9127,44,38902,101917,0.27,0,87547,0.16,1
9128,46,30528,57398,0.21,0,42417,0.16,0
9129,22,94068,189952,0.18,1,121847,0.16,0
9130,36,43865,25284,0.14,1,18473,0.16,0
9131,58,34101,90326,0.2,2,75057,0.24,0
9132,21,71339,104333,0.6,0,77292,0.16,1
9133,31,41373,121517,0.26,0,81844,0.16,0
9134,55,28753,23035,0.11,0,20326,0.16,0
9135,63,31771,90918,0.33,0,62861,0.16,0
9136,49,51290,106976,0.25,0,80851,0.16,0
9137,57,28676,18090,0.13,0,12770,0.16,0
9138,37,46967,137577,0.14,1,99755,0.16,0
9139,59,31812,17009,0.47,0,13488,0.16,0
9140,62,30546,71072,0.21,2,52903,0.24,0
9141,48,38408,104616,0.31,1,65975,0.16,0
9142,49,53084,49873,0.39,0,37533,0.16,0
9143,63,57511,78122,0.47,1,53859,0.16,1
9144,23,77820,148097,0.38,0,116892,0.16,0
9145,30,33139,72889,0.12,0,47705,0.16,0
9146,62,98297,263405,0.49,0,204032,0.16,0
9147,34,191085,459115,0.2,0,337452,0.16,0
9148,32,39736,55961,0.07,0,47144,0.16,0
9149,62,20260,51750,0.17,0,36313,0.16,0
9150,50,20521,59822,0.2,0,37688,0.16,0
9151,52,38238,40817,0.33,2,25534,0.24,0
9152,52,34646,23740,0.3,1,17451,0.16,0
9153,62,49146,76989,0.03,0,58153,0.16,0
9154,52,63205,170874,0.52,1,121755,0.16,0
9155,46,25769,22566,0.47,1,18870,0.16,0
9156,21,44991,122127,0.12,0,97650,0.16,0
9157,62,38063,113448,0.57,0,87312,0.16,0
9158,22,135642,86133,0.25,0,67471,0.16,0
9159,37,24568,42702,0.42,2,35400,0.24,0
9160,50,33543,44351,0.22,1,34699,0.16,0
9161,59,49849,73985,0.12,1,49334,0.16,0
9162,27,33656,54828,0.41,0,39577,0.16,0
9163,47,86384,202938,0.46,1,130052,0.16,0
9164,29,29438,58235,0.49,0,50162,0.16,0
9165,42,31009,90019,0.36,0,59914,0.16,0
9166,54,90190,120125,0.4,1,93706,0.16,0
9167,21,27025,50097,0.26,0,30863,0.16,0
9168,29,74406,188494,0.2,0,131066,0.16,0
9169,40,39093,56003,0.64,0,48638,0.16,0
9170,39,35984,59850,0.2,0,50169,0.16,0
9171,56,38028,84134,0.17,0,52828,0.16,0
9172,60,27993,74233,0.36,0,56967,0.16,1
9173,24,77151,118751,0.33,1,84932,0.16,0
9174,29,52471,96015,0.36,1,61500,0.16,0
9175,61,76533,224839,0.55,1,190098,0.16,0
9176,42,88271,53507,0.27,0,46068,0.16,0
9177,38,64248,104118,0.14,0,78231,0.16,0
9178,32,23709,49550,0.16,0,32553,0.16,0
9179,62,30192,15732,0.57,1,11419,0.16,0
9180,63,75016,149429,0.22,0,91114,0.16,0
9181,59,50400,32281,0.25,0,26173,0.16,0
9182,29,67859,179412,0.22,0,156263,0.16,0
9183,26,46888,118050,0.57,1,71385,0.16,1
9184,39,39543,22960,0.13,0,18286,0.16,0
9185,27,67902,42235,0.41,1,26467,0.16,0
9186,36,20666,49268,0.25,0,32981,0.16,0
9187,25,41778,59486,0.13,1,45244,0.16,0
9188,36,50677,98189,0.41,0,68336,0.16,0
9189,21,54412,63978,0.04,0,38499,0.16,0
9190,57,25661,23926,0.26,0,21409,0.16,0
9191,59,26198,32490,0.29,0,21162,0.16,0
9192,39,40272,44975,0.55,0,34100,0.16,0
9193,57,47506,76996,0.07,0,58108,0.16,0
9194,37,106673,252461,0.03,0,223390,0.16,0
9195,46,31603,59581,0.33,0,49522,0.16,0
9196,42,38308,77495,0.22,0,59417,0.16,0
9197,28,108635,181984,0.1,0,149394,0.16,0
9198,53,83453,109476,0.15,0,93488,0.16,0
9199,22,28085,24118,0.27,1,16810,0.16,0
9200,50,68715,95267,0.21,1,60623,0.16,0
9201,40,74324,160762,0.39,0,135577,0.16,0
9202,38,54061,126202,0.27,1,82966,0.16,0
9203,63,27266,45614,0.13,1,32037,0.16,0
9204,30,36397,76888,0.7,1,66462,0.16,0
9205,44,35811,36754,0.43,0,29386,0.16,0
9206,24,63860,169239,0.19,0,105957,0.16,0
9207,57,39548,105389,0.14,0,70926,0.16,0
9208,24,42941,55858,0.48,0,36117,0.16,0
9209,33,36279,67815,0.19,0,41336,0.16,0
9210,45,22488,45350,0.3,0,30160,0.16,0
9211,33,179431,301636,0.08,0,239583,0.16,0
9212,38,59957,166551,0.23,0,100627,0.16,0
9213,44,102334,240412,0.1,0,213660,0.16,0
9214,22,28062,61210,0.19,1,41015,0.16,0
9215,53,104752,188578,0.31,1,129656,0.16,0
9216,39,40205,28630,0.28,1,17477,0.16,0
9217,29,63904,49177,0.32,0,30533,0.16,0
9218,48,80488,100410,0.31,0,90330,0.16,0
9219,55,104346,107351,0.29,0,75174,0.16,0
9220,59,47897,138006,0.3,1,110944,0.16,0
9221,30,29668,45229,0.33,1,37326,0.16,0
9222,21,48660,130969,0.35,1,97974,0.16,0
9223,62,65875,167664,0.3,1,123869,0.16,1
9224,41,37498,94923,0.43,1,66520,0.16,0
9225,29,39673,41230,0.3,0,33419,0.16,0
9226,35,22603,36578,0.54,0,27712,0.16,0
9227,55,30059,38922,0.22,0,28337,0.16,0
9228,25,61215,179116,0.04,0,115620,0.16,0
9229,61,76188,205087,0.18,0,164129,0.16,0
9230,42,85040,95653,0.48,0,69930,0.16,0
9231,61,152966,196377,0.4,0,123970,0.16,0
9232,43,103164,187992,0.72,1,132135,0.16,1
9233,27,45432,54360,0.12,0,33360,0.16,0
9234,43,30704,78642,0.19,0,50092,0.16,0
9235,64,43127,109890,0.4,2,98689,0.24,0
9236,45,37213,85993,0.61,1,72011,0.16,1
9237,47,53260,118411,0.51,1,106134,0.16,0
9238,61,76532,142981,0.18,0,126130,0.16,0
9239,26,62310,85226,0.3,1,75622,0.16,0
9240,54,107794,279439,0.28,0,207799,0.16,0
9241,29,59740,158136,0.23,1,127003,0.16,0
9242,53,25905,16158,0.45,0,9754,0.16,0
9243,26,36864,55168,0.28,0,39387,0.16,0
9244,57,59951,33966,0.27,2,27261,0.24,1
9245,51,54958,142818,0.37,1,92284,0.16,0
9246,54,94289,88889,0.26,0,77203,0.16,0
9247,61,49193,107470,0.12,0,67937,0.16,0
9248,49,44882,62540,0.13,0,53244,0.16,0
9249,34,22314,56681,0.2,0,44470,0.16,0
9250,56,32749,58103,0.53,0,49848,0.16,0
9251,56,57204,74994,0.17,0,50034,0.16,0
9252,35,54438,71296,0.59,1,56409,0.16,0
9253,28,66002,86945,0.38,1,57980,0.16,1
9254,46,61407,151764,0.55,0,102961,0.16,0
9255,56,46319,105504,0.26,0,66897,0.16,0
9256,41,29707,38560,0.36,0,33018,0.16,0
9257,48,49034,84609,0.56,0,71125,0.16,1
9258,24,47948,33102,0.05,0,22657,0.16,0
9259,36,97334,250026,0.44,1,163495,0.16,0
9260,42,95234,110936,0.24,0,93131,0.16,0
9261,32,38584,105066,0.35,0,77648,0.16,0
9262,36,35919,71550,0.42,1,49968,0.16,0
9263,60,24913,47821,0.4,0,38468,0.16,0
9264,58,45141,40933,0.51,0,29286,0.16,0
9265,62,38672,26058,0.25,1,21326,0.16,0
9266,57,180531,339676,0.18,0,225140,0.16,0
9267,49,28065,46867,0.3,1,36106,0.16,0
9268,38,50477,40341,0.9,1,34792,0.16,1
9269,30,35545,92024,0.36,1,77615,0.16,0
9270,62,49627,76579,0.31,0,67624,0.16,0
9271,59,41493,47764,0.21,0,28960,0.16,0
9272,38,73552,181723,0.24,0,159652,0.16,0
9273,21,61093,170001,0.18,0,114263,0.16,0
9274,59,72332,91493,0.45,0,80818,0.16,0
9275,41,33657,82118,0.11,0,55558,0.16,0
9276,21,84090,179220,0.42,0,117597,0.16,0
9277,35,38528,114594,0.47,0,90336,0.16,0
9278,24,24267,24509,0.66,1,20048,0.16,1
9279,40,44759,129877,0.51,0,115412,0.16,1
9280,30,51879,66829,0.07,1,46135,0.16,0
9281,43,26242,40147,0.1,0,29532,0.16,0
9282,61,75871,105996,0.15,0,82827,0.16,0
9283,54,32676,38267,0.48,0,32417,0.16,0
9284,53,31984,71422,0.05,0,59599,0.16,0
9285,54,49019,96707,0.07,0,85405,0.16,0
9286,59,75256,95140,0.24,0,72553,0.16,0
9287,30,26691,22167,0.16,0,18764,0.16,0
9288,40,78457,101479,0.2,0,85346,0.16,0
9289,21,16652,24196,0.26,0,16019,0.16,0
9290,33,57834,83953,0.05,0,59043,0.16,0
9291,21,27865,38820,0.51,3,25619,0.24,1
9292,25,32883,20446,0.03,1,12526,0.16,0
9293,36,116884,194037,0.26,0,165913,0.16,0
9294,35,29909,77479,0.19,0,67451,0.16,0
9295,48,47661,45321,0.7,2,32915,0.24,1
9296,51,28757,24850,0.11,0,17630,0.16,0
9297,43,72012,120953,0.11,0,89652,0.16,0
9298,63,60142,85793,0.29,0,67649,0.16,0
9299,37,64530,122813,0.16,0,110061,0.16,0
9300,54,86287,247444,0.21,0,213168,0.16,0
9301,33,41402,99456,0.1,0,64523,0.16,0
9302,34,83889,186036,0.09,0,160575,0.16,1
9303,31,103254,158994,0.54,0,118520,0.16,1
9304,48,56512,68854,0.31,1,57943,0.16,0
9305,62,28193,52175,0.21,0,44532,0.16,0
9306,52,26836,72822,0.18,0,51955,0.16,0
9307,55,61153,164615,0.47,1,100156,0.16,0
9308,51,28184,45482,0.59,0,32267,0.16,1
9309,37,25041,27934,0.41,1,17011,0.16,0
9310,29,76257,81088,0.43,0,61157,0.16,0
9311,30,38972,22797,0.04,0,20169,0.16,0
9312,28,164341,428381,0.15,0,370777,0.16,0
9313,41,35286,41005,0.2,0,29320,0.16,0
9314,33,38227,53422,0.28,1,44178,0.16,0
9315,25,58665,148014,0.16,0,121265,0.16,1
9316,26,54300,43443,0.3,0,33594,0.16,0
9317,50,47000,77695,0.2,0,63038,0.16,0
9318,51,46444,37427,0.32,0,32599,0.16,0
9319,37,248057,398037,0.25,1,272407,0.16,0
9320,31,112463,69485,0.69,0,45353,0.16,1
9321,40,74739,134086,0.16,0,93392,0.16,0
9322,29,26563,66122,0.16,0,51793,0.16,0
9323,22,47242,103495,0.35,0,77079,0.16,0
9324,57,68204,120920,0.45,0,96939,0.16,0
9325,21,71261,183275,0.2,0,134468,0.16,0
9326,24,92855,99305,0.32,0,78982,0.16,0
9327,56,35575,91676,0.17,0,57444,0.16,0
9328,45,48085,57264,0.04,1,41814,0.16,0
9329,23,33607,47258,0.01,0,37508,0.16,0
9330,29,95546,78450,0.13,0,53925,0.16,0
9331,42,69523,52447,0.07,0,36550,0.16,0
9332,43,38037,107655,0.11,0,65247,0.16,0
9333,32,54854,53479,0.07,0,44708,0.16,0
9334,30,50269,67020,0.36,1,49975,0.16,1
9335,54,31572,57551,0.1,0,37406,0.16,0
9336,63,78048,106899,0.48,2,84352,0.24,0
9337,30,50944,136292,0.25,0,86659,0.16,0
9338,50,37621,103524,0.31,1,76554,0.16,0
9339,42,31302,41161,0.31,1,26359,0.16,0
9340,26,75154,54867,0.11,0,44057,0.16,0
9341,22,56053,57476,0.69,3,37746,0.24,0
9342,50,34636,58395,0.13,0,51746,0.16,0
9343,22,38218,46671,0.17,1,36426,0.16,0
9344,52,49156,80305,0.55,0,48716,0.16,0
9345,62,50610,121299,0.22,0,88055,0.16,0
9346,36,53961,83725,0.25,1,54265,0.16,0
9347,32,20239,20087,0.21,0,15699,0.16,0
9348,21,52062,72622,0.63,0,60244,0.16,0
9349,28,26646,62816,0.35,1,43502,0.16,0
9350,33,99658,155481,0.38,0,124799,0.16,0
9351,35,82575,92801,0.58,0,79936,0.16,0
9352,64,87410,137105,0.2,0,119499,0.16,0
9353,28,14336,23468,0.23,1,14946,0.16,0
9354,30,42209,52378,0.15,0,37006,0.16,0
9355,25,47145,140926,0.07,0,96097,0.16,0
9356,39,65349,158083,0.36,0,121909,0.16,0
9357,58,76913,171603,0.06,0,144976,0.16,0
9358,31,93182,245736,0.12,0,194911,0.16,0
9359,63,15394,33344,0.16,1,29839,0.16,0
9360,40,32838,81354,0.14,0,49776,0.16,0
9361,40,50458,77267,0.7,0,50974,0.16,0
9362,41,74217,129948,0.28,0,111158,0.16,0
9363,38,73196,45197,0.36,1,32442,0.16,0
9364,30,62159,74691,0.23,0,62264,0.16,0
9365,54,35648,50621,0.27,0,45128,0.16,0
9366,46,37990,78399,0.11,1,60921,0.16,1
9367,50,35784,59420,0.18,0,47523,0.16,0
9368,29,30015,60618,0.41,0,43362,0.16,0
9369,51,29806,68056,0.19,0,59192,0.16,0
9370,62,28414,17241,0.55,0,13811,0.16,0
9371,24,57987,66435,0.54,0,51898,0.16,0
9372,26,52164,48369,0.12,0,29422,0.16,0
9373,34,30841,29873,0.41,0,22356,0.16,1
9374,24,20832,36618,0.29,0,32902,0.16,0
9375,46,40754,95769,0.31,1,70368,0.16,0
9376,59,102747,121441,0.14,0,107731,0.16,0
9377,37,49169,125927,0.35,0,112632,0.16,0
9378,39,73133,199736,0.19,0,158573,0.16,0
9379,26,53638,73823,0.63,0,50940,0.16,0
9380,49,47616,104916,0.16,0,69101,0.16,0
9381,31,23469,18602,0.09,0,14208,0.16,0
9382,36,40000,94402,0.61,1,59613,0.16,0
9383,50,37519,34238,0.38,0,25740,0.16,1
9384,45,102807,228081,0.23,1,181852,0.16,0
9385,60,53723,83525,0.81,0,61114,0.16,1
9386,31,92852,261948,0.22,0,168991,0.16,0
9387,27,86139,143089,0.39,0,120431,0.16,0
9388,46,32113,18537,0.4,1,14131,0.16,0
9389,42,49049,83465,0.39,2,56849,0.24,0
9390,45,113827,283286,0.67,1,171305,0.16,0
9391,39,64964,137574,0.13,0,105004,0.16,0
9392,51,63029,183779,0.18,0,152567,0.16,0
9393,46,77403,201881,0.34,1,143169,0.16,0
9394,62,62329,113213,0.59,0,90378,0.16,0
9395,61,64419,65469,0.23,0,54909,0.16,0
9396,56,57014,29045,0.13,0,21519,0.16,0
9397,43,41362,122069,0.18,0,83134,0.16,0
9398,33,28881,82189,0.09,0,59516,0.16,0
9399,45,19370,22960,0.38,1,19019,0.16,0
9400,22,41577,87126,0.45,0,57984,0.16,1
9401,22,60980,141662,0.33,1,95842,0.16,0
9402,36,55231,107426,0.36,0,76048,0.16,0
9403,29,67370,175660,0.63,1,138465,0.16,0
9404,48,46026,31967,0.33,0,21489,0.16,0
9405,33,191185,524083,0.19,0,392277,0.16,0
9406,55,135080,199924,0.66,1,158042,0.16,0
9407,61,22952,39057,0.46,0,29547,0.16,0
9408,33,68067,109712,0.4,0,66048,0.16,0
9409,51,79569,145469,0.15,0,109110,0.16,0
9410,41,16962,33846,0.45,1,23919,0.16,0
9411,52,53286,121271,0.46,0,74430,0.16,0
9412,54,63478,115044,0.14,0,100612,0.16,0
9413,28,48883,108125,0.15,1,85940,0.16,0
9414,61,59455,80011,0.48,1,69930,0.16,0
9415,22,50997,144918,0.46,1,100231,0.16,0
9416,58,69653,46063,0.35,0,40408,0.16,0
9417,52,106316,198157,0.06,0,145136,0.16,0
9418,60,72062,51775,0.48,1,36087,0.16,0
9419,48,88225,141770,0.35,0,120857,0.16,0
9420,57,28891,33050,0.15,0,20263,0.16,0
9421,61,135092,383966,0.22,0,314657,0.16,0
9422,21,57380,30565,0.09,0,26265,0.16,0
9423,61,40324,59599,0.49,0,51338,0.16,0
9424,30,60336,148131,0.07,0,90289,0.16,0
9425,24,37335,36258,0.27,0,31344,0.16,0
9426,55,52524,133356,0.44,1,108629,0.16,0
9427,30,56986,150973,0.34,0,128877,0.16,0
9428,31,34782,78955,0.11,0,63181,0.16,0
9429,34,52991,54192,0.08,0,44692,0.16,0
9430,58,34527,40745,0.16,0,31995,0.16,0
9431,32,34416,31571,0.24,1,23401,0.16,0
9432,37,29570,28391,0.08,0,24944,0.16,0
9433,36,40665,24042,0.28,0,15222,0.16,0
9434,55,37221,98385,0.32,1,60912,0.16,0
9435,22,62127,113149,0.41,0,90477,0.16,0
9436,31,84808,111895,0.21,1,89748,0.16,0
9437,61,68257,83542,0.14,1,71225,0.16,0
9438,23,79717,148412,0.23,1,117922,0.16,0
9439,49,76426,100631,0.29,0,63022,0.16,0
9440,38,30842,82017,0.35,0,70847,0.16,0
9441,40,41480,42616,0.19,0,26836,0.16,0
9442,34,119336,322893,0.4,0,237271,0.16,0
9443,54,37334,80650,0.35,0,63617,0.16,0
9444,51,123864,358161,0.08,0,282844,0.16,0
9445,60,39791,21398,0.11,0,15715,0.16,0
9446,62,17610,11406,0.66,0,7974,0.16,0
9447,38,43319,75905,0.55,1,52400,0.16,0
9448,50,74853,208162,0.15,0,185689,0.16,0
9449,45,112614,262051,0.27,0,183964,0.16,0
9450,39,23412,48119,0.24,0,37262,0.16,0
9451,28,74171,42945,0.06,0,33223,0.16,1
9452,48,76616,106144,0.12,0,81864,0.16,0
9453,28,93967,128230,0.28,0,100835,0.16,0
9454,51,12892,23917,0.48,3,16233,0.24,0
9455,23,112242,128468,0.05,0,90129,0.16,0
9456,23,61111,71370,0.27,1,44330,0.16,0
9457,64,61655,126525,0.17,1,97589,0.16,0
9458,42,82413,235818,0.27,1,158391,0.16,1
9459,37,17990,38686,0.28,1,25201,0.16,0
9460,56,81430,176729,0.29,1,150222,0.16,0
9461,37,160726,476638,0.53,0,369188,0.16,0
9462,34,24727,21851,0.08,1,16770,0.16,0
9463,29,47467,27748,0.14,1,17947,0.16,0
9464,50,49947,118063,0.28,0,86591,0.16,0
9465,41,58584,93556,0.38,1,71715,0.16,1
9466,32,60658,95357,0.55,1,69744,0.16,1
9467,57,35040,37256,0.55,0,28320,0.16,0
9468,52,50009,88373,0.35,1,53418,0.16,0
9469,31,117244,188227,0.07,0,124203,0.16,0
9470,40,60058,81896,0.45,0,54465,0.16,0
9471,55,58931,94694,0.26,0,67558,0.16,0
9472,31,34294,50055,0.24,0,44159,0.16,0
9473,28,95757,272882,0.32,0,208034,0.16,0
9474,24,43982,129774,0.35,1,87844,0.16,1
9475,47,17587,45721,0.32,0,37262,0.16,0
9476,64,60481,179993,0.22,0,119811,0.16,0
9477,60,69805,81273,0.13,0,52606,0.16,0
9478,58,42217,110072,0.19,0,75880,0.16,0
9479,50,16057,24351,0.54,1,16749,0.16,0
9480,64,28054,66357,0.21,0,48201,0.16,0
9481,47,46278,46439,0.19,0,37815,0.16,0
9482,41,40327,102022,0.45,2,78932,0.24,0
9483,40,61134,43323,0.38,0,32394,0.16,0
9484,24,65896,77519,0.55,1,68569,0.16,0
9485,31,39422,100718,0.14,0,61405,0.16,0
9486,33,24355,57670,0.19,0,41591,0.16,0
9487,29,101377,177725,0.23,0,143150,0.16,0
9488,24,64879,141564,0.27,1,98546,0.16,0
9489,32,68576,66102,0.13,1,49089,0.16,0
9490,29,59401,128865,0.15,0,78482,0.16,0
9491,33,84855,44119,0.04,0,29161,0.16,0
9492,46,40515,104651,0.19,0,65351,0.16,0
9493,58,74173,132823,0.48,0,118370,0.16,1
9494,62,68476,195820,0.12,1,161221,0.16,0
9495,33,67353,114190,0.33,0,90895,0.16,0
9496,59,26975,42693,0.02,0,25642,0.16,0
9497,48,52552,85403,0.26,1,63193,0.16,1
9498,39,59487,83241,0.27,1,67626,0.16,1
9499,44,119311,109370,0.34,1,85580,0.16,0
9500,39,51530,134243,0.14,0,101262,0.16,0
9501,33,84202,124005,0.44,0,105255,0.16,0
9502,33,23312,42492,0.07,0,29768,0.16,0
9503,48,34260,18833,0.35,0,16039,0.16,0
9504,22,61056,39725,0.09,0,28462,0.16,0
9505,30,60790,121151,0.34,1,93793,0.16,0
9506,42,34256,92425,0.12,0,69868,0.16,0
9507,33,79053,137037,0.31,0,99098,0.16,0
9508,29,45082,41134,0.37,0,27968,0.16,1
9509,53,44560,35216,0.22,1,25865,0.16,0
9510,34,47135,129596,0.31,0,82474,0.16,0
9511,40,95732,215788,0.32,0,151751,0.16,0
9512,35,84497,246350,0.06,0,190656,0.16,0
9513,52,125689,88720,0.32,0,54874,0.16,0
9514,53,64552,177939,0.23,1,146455,0.16,0
9515,37,128727,336502,0.27,0,259184,0.16,0
9516,44,55218,150908,0.04,0,134233,0.16,0
9517,50,46017,23671,0.07,0,14848,0.16,0
9518,33,39376,92720,0.49,1,61938,0.16,1
9519,36,44886,84042,0.55,2,63992,0.24,0
9520,22,46000,88915,0.22,0,66286,0.16,0
9521,37,34792,58207,0.22,0,43627,0.16,0
9522,52,36485,85983,0.23,1,60406,0.16,0
9523,63,66421,199236,0.46,1,171308,0.16,0
9524,28,38405,87423,0.22,2,53799,0.24,0
9525,23,20948,45983,0.2,0,39623,0.16,0
9526,32,20422,43623,0.46,0,36332,0.16,0
9527,40,17176,38440,0.09,0,32156,0.16,1
9528,36,24131,32704,0.12,0,28553,0.16,0
9529,34,26904,34989,0.14,2,26941,0.24,0
9530,36,30121,74123,0.13,0,63727,0.16,0
9531,63,56557,35784,0.43,1,25819,0.16,0
9532,53,25951,62233,0.27,0,50115,0.16,0
9533,50,30954,78456,0.45,0,54247,0.16,0
9534,32,19615,35385,0.3,0,29791,0.16,0
9535,35,35235,97790,0.51,0,59691,0.16,0
9536,38,70399,118461,0.32,0,101117,0.16,0
9537,48,48451,45796,0.24,0,29092,0.16,0
9538,43,51072,71679,0.14,0,46360,0.16,0
9539,34,48972,135391,0.27,0,111965,0.16,0
9540,50,25786,76954,0.2,1,51638,0.16,0
9541,53,39959,62121,0.32,0,46429,0.16,0
9542,35,54747,50209,0.05,0,37635,0.16,0
9543,27,79600,96779,0.31,1,68962,0.16,1
9544,35,58794,110723,0.1,0,97409,0.16,1
9545,62,76138,146964,0.21,0,113039,0.16,0
9546,58,28477,59094,0.34,1,48168,0.16,0
9547,64,23117,59835,0.13,0,51882,0.16,1
9548,31,20410,46494,0.17,1,36470,0.16,0
9549,49,73757,84975,0.19,0,68698,0.16,0
9550,51,23864,35500,0.22,0,26011,0.16,0
9551,45,83354,216682,0.31,1,194718,0.16,1
9552,44,39222,81717,0.42,0,68051,0.16,0
9553,39,112913,103433,0.04,0,92007,0.16,0
9554,22,39170,51463,0.42,0,32842,0.16,0
9555,42,40259,99750,0.84,2,60535,0.24,0
9556,40,50690,47153,0.35,1,35697,0.16,0
9557,53,39842,88753,0.51,2,72729,0.24,0
9558,28,60417,115326,0.4,1,98014,0.16,0
9559,45,29075,25257,0.4,0,21585,0.16,0
9560,29,53807,119569,0.44,0,82035,0.16,0
9561,54,33677,28823,0.06,0,23857,0.16,0
9562,43,44233,66176,0.38,0,42829,0.16,0
9563,25,24647,31336,0.3,0,23683,0.16,0
9564,45,75822,168705,0.71,2,113136,0.24,0
9565,28,41030,100765,0.47,0,67462,0.16,0
9566,36,77500,71361,0.12,0,49232,0.16,0
9567,35,33911,85794,0.24,0,59388,0.16,0
9568,21,48799,25279,0.15,0,17706,0.16,1
9569,42,77883,142147,0.14,0,124238,0.16,0
9570,23,27234,48802,0.6,5,39337,0.24,1
9571,58,31534,64945,0.58,0,39052,0.16,0
9572,34,73517,80813,0.18,1,58219,0.16,0
9573,56,96154,50446,0.11,0,32765,0.16,0
9574,38,49419,80894,0.12,0,66038,0.16,0
9575,61,30188,20483,0.32,0,18327,0.16,0
9576,38,41816,114177,0.07,0,85591,0.16,0
9577,23,131247,122606,0.24,1,109646,0.16,1
9578,30,25165,39334,0.28,0,26856,0.16,0
9579,59,63830,101170,0.5,1,78337,0.16,0
9580,21,52195,98239,0.31,0,75010,0.16,0
9581,47,27496,67539,0.07,0,56650,0.16,0
9582,47,41902,70410,0.6,2,47767,0.24,1
9583,31,19884,11222,0.32,0,7605,0.16,0
9584,25,56619,137458,0.65,2,97106,0.24,1
9585,27,60870,42939,0.32,0,33287,0.16,0
9586,39,24758,52087,0.55,1,33367,0.16,0
9587,49,64751,162432,0.34,1,143992,0.16,0
9588,35,35151,42417,0.11,0,31311,0.16,0
9589,55,33595,54516,0.15,0,40941,0.16,0
9590,57,30101,16129,0.6,0,11664,0.16,0
9591,32,68241,171263,0.75,1,122655,0.16,0
9592,50,21228,47936,0.21,0,35324,0.16,0
9593,40,22144,23881,0.37,0,16065,0.16,0
9594,57,36458,53796,0.04,0,34664,0.16,0
9595,23,37093,83024,0.27,1,60682,0.16,0
9596,29,67057,93571,0.59,1,75131,0.16,0
9597,61,46837,42436,0.15,1,29999,0.16,0
9598,59,46877,84203,0.41,0,53249,0.16,0
9599,46,21809,50355,0.5,0,38128,0.16,0
9600,22,43687,56881,0.34,0,43071,0.16,0
9601,43,14706,11829,0.06,1,7696,0.16,1
9602,43,55200,142077,0.14,0,99869,0.16,0
9603,41,68778,77857,0.38,0,65150,0.16,0
9604,36,33197,59158,0.23,0,36065,0.16,0
9605,29,59140,131785,0.25,0,82828,0.16,0
9606,33,39358,50877,0.26,0,41220,0.16,0
9607,48,90767,192570,0.25,1,148614,0.16,0
9608,47,54940,90611,0.27,0,70100,0.16,0
9609,37,29163,56170,0.11,0,41414,0.16,0
9610,58,88034,173993,0.44,1,108879,0.16,0
9611,56,74125,189787,0.41,0,116884,0.16,0
9612,21,39891,85399,0.42,0,59544,0.16,1
9613,38,62802,72898,0.71,0,44977,0.16,0
9614,29,62302,40434,0.57,0,31117,0.16,0
9615,33,39624,20008,0.26,1,16080,0.16,0
9616,60,50656,139863,0.19,1,109859,0.16,0
9617,35,55395,158167,0.61,2,129507,0.24,1
9618,63,34967,25710,0.47,0,22769,0.16,1
9619,64,96112,165085,0.61,0,146964,0.16,0
9620,24,18240,16032,0.42,0,10992,0.16,1
9621,53,68766,197487,0.21,0,135769,0.16,0
9622,44,26657,29778,0.28,1,24507,0.16,0
9623,56,43400,76128,0.07,0,68287,0.16,0
9624,61,22046,20151,0.2,0,14586,0.16,0
9625,30,25348,33761,0.09,2,22133,0.24,0
9626,56,46932,54770,0.42,2,44836,0.24,0
9627,40,50836,85839,0.16,2,61425,0.24,1
9628,61,83274,129029,0.29,1,80514,0.16,0
9629,64,40153,53282,0.21,0,43936,0.16,0
9630,31,66716,51017,0.71,0,36856,0.16,0
9631,32,48769,83454,0.32,0,64877,0.16,0
9632,38,65444,171824,0.32,0,138760,0.16,0
9633,50,28396,66036,0.08,0,55883,0.16,0
9634,64,51246,117939,0.49,0,92750,0.16,0
9635,57,59077,83607,0.06,0,73638,0.16,0
9636,40,38241,86847,0.26,1,64739,0.16,0
9637,45,59306,98675,0.26,1,74903,0.16,0
9638,32,62191,54460,0.53,0,37644,0.16,0
9639,41,37838,58559,0.25,0,37452,0.16,0
9640,45,72237,60090,0.25,0,47384,0.16,0
9641,31,15499,12185,0.24,1,8380,0.16,0
9642,29,18813,10491,0.41,0,8542,0.16,0
9643,45,29228,35282,0.17,1,27738,0.16,0
9644,55,56425,74886,0.3,1,51251,0.16,0
9645,52,33607,75569,0.28,0,57978,0.16,0
9646,34,25112,46331,0.41,1,41535,0.16,1
9647,21,46897,124095,0.04,0,107305,0.16,0
9648,37,51543,48511,0.49,1,35172,0.16,0
9649,45,35657,41536,0.25,0,33487,0.16,0
9650,28,27112,77342,0.11,1,50658,0.16,0
9651,25,49195,79209,0.11,0,47766,0.16,0
9652,25,72945,180365,0.14,0,153645,0.16,0
9653,61,26712,46222,0.33,1,33476,0.16,0
9654,55,108064,181300,0.22,0,118652,0.16,0
9655,39,36926,32136,0.14,0,22321,0.16,0
9656,43,35655,93701,0.26,0,82155,0.16,0
9657,29,52425,36481,0.15,0,31655,0.16,0
9658,50,51619,65847,0.34,0,52366,0.16,0
9659,36,16042,35030,0.32,1,21985,0.16,1
9660,53,46439,82110,0.28,2,66952,0.24,0
9661,22,65447,176932,0.19,0,153407,0.16,0
9662,34,81957,49030,0.32,0,42935,0.16,0
9663,21,46263,98240,0.25,0,70331,0.16,0
9664,46,41025,69482,0.52,1,45219,0.16,0
9665,45,70427,62382,0.71,0,55412,0.16,0
9666,36,120076,283154,0.15,0,238736,0.16,0
9667,35,51367,78502,0.43,0,57291,0.16,0
9668,46,44747,81840,0.1,0,64622,0.16,0
9669,64,91897,268170,0.32,2,192883,0.24,0
9670,36,27864,47802,0.43,2,35238,0.24,0
9671,34,50580,129405,0.11,0,90368,0.16,0
9672,49,163378,396019,0.36,0,244220,0.16,0
9673,44,61493,132633,0.06,0,119254,0.16,0
9674,35,71925,197220,0.16,1,132504,0.16,0
9675,39,41591,46956,0.42,0,32260,0.16,0
9676,28,65719,167710,0.35,0,116975,0.16,0
9677,54,90032,130048,0.18,0,87559,0.16,0
9678,22,22992,58197,0.29,2,40606,0.24,0
9679,47,46716,81027,0.29,0,62390,0.16,0
9680,30,58388,154393,0.34,0,96300,0.16,1
9681,55,47658,130445,0.18,0,81066,0.16,0
9682,43,38423,76619,0.15,0,56591,0.16,0
9683,28,98478,174214,0.26,0,140936,0.16,0
9684,48,54274,133416,0.38,0,88748,0.16,0
9685,43,34524,40305,0.3,1,30472,0.16,0
9686,24,80186,43169,0.5,2,31605,0.24,1
9687,34,98211,149058,0.12,0,109657,0.16,0
9688,62,86714,153434,0.14,0,124354,0.16,0
9689,49,39822,49504,0.35,0,38570,0.16,1
9690,21,40692,59345,0.34,2,43967,0.24,0
9691,24,29142,24264,0.29,1,16526,0.16,0
9692,52,55658,66412,0.19,0,51507,0.16,0
9693,53,84904,93414,0.1,0,59898,0.16,0
9694,46,64996,81405,0.31,2,59000,0.24,0
9695,37,117716,146866,0.25,0,94056,0.16,0
9696,59,18579,35252,0.43,1,24515,0.16,0
9697,43,52579,59229,0.31,0,46851,0.16,0
9698,52,74297,211924,0.44,0,177175,0.16,0
9699,35,36154,64288,0.62,0,43116,0.16,0
9700,33,27840,22896,0.16,0,18146,0.16,1
9701,22,26806,32140,0.57,1,21919,0.16,1
9702,39,51647,120047,0.31,0,86991,0.16,0
9703,44,26474,14141,0.12,0,12363,0.16,0
9704,44,102387,291244,0.12,0,183582,0.16,0
9705,31,63415,102284,0.27,0,91562,0.16,0
9706,42,44339,79929,0.5,0,63361,0.16,0
9707,35,47086,139893,0.33,0,109492,0.16,0
9708,30,84201,148068,0.28,2,98368,0.24,0
9709,61,95841,275002,0.08,0,181054,0.16,0
9710,47,30731,85680,0.21,0,75130,0.16,0
9711,29,33976,96943,0.29,0,62826,0.16,0
9712,48,41000,103768,0.34,0,67606,0.16,1
9713,21,35871,44515,0.44,1,36061,0.16,1
9714,37,19883,27159,0.05,0,22034,0.16,0
9715,51,32616,46068,0.45,3,33146,0.24,1
9716,64,34478,101639,0.39,1,88655,0.16,0
9717,30,26901,37712,0.34,1,33026,0.16,0
9718,57,61092,47146,0.14,0,40187,0.16,0
9719,49,46031,112583,0.64,0,68092,0.16,0
9720,38,66745,94454,0.23,1,65233,0.16,1
9721,58,29959,61486,0.24,2,42247,0.24,0
9722,59,67302,189179,0.33,1,117230,0.16,0
9723,26,52699,102170,0.27,2,88675,0.24,1
9724,60,37263,78038,0.43,1,70060,0.16,0
9725,32,109331,230377,0.15,0,148134,0.16,0
9726,34,51862,105331,0.26,1,72213,0.16,0
9727,64,37674,33884,0.43,1,20601,0.16,0
9728,30,56416,92580,0.31,0,58754,0.16,0
9729,40,30538,15854,0.32,1,11888,0.16,0
9730,35,44874,92694,0.24,1,65847,0.16,0
9731,51,135204,262078,0.16,0,190562,0.16,1
9732,27,20235,26211,0.14,0,20964,0.16,0
9733,61,37642,68122,0.34,1,42869,0.16,0
9734,30,45533,78892,0.63,0,67399,0.16,0
9735,30,40814,46009,0.03,0,39552,0.16,0
9736,59,38165,47065,0.25,1,30540,0.16,0
9737,48,114304,275055,0.13,0,217416,0.16,0
9738,50,37144,88749,0.36,0,71629,0.16,0
9739,57,59779,100097,0.03,0,65276,0.16,0
9740,23,36088,82777,0.5,1,58973,0.16,1
9741,63,59849,97374,0.15,1,78647,0.16,0
9742,35,78263,205709,0.38,0,164961,0.16,0
9743,41,47231,62912,0.25,0,53576,0.16,0
9744,57,36830,103795,0.32,1,66403,0.16,0
9745,32,46084,85518,0.42,0,59593,0.16,0
9746,24,64057,117814,0.13,0,97297,0.16,1
9747,29,75601,164585,0.52,1,111032,0.16,0
9748,59,55743,75372,0.55,0,57367,0.16,1
9749,62,47110,108862,0.12,2,69800,0.24,1
9750,48,92911,120883,0.38,1,78224,0.16,0
9751,43,35835,53532,0.35,0,36230,0.16,0
9752,60,39889,87227,0.2,0,60028,0.16,0
9753,64,120192,173812,0.33,1,106465,0.16,0
9754,42,46705,46701,0.19,0,40011,0.16,0
9755,44,68153,182633,0.03,0,111986,0.16,0
9756,46,31462,88263,0.09,0,73155,0.16,0
9757,50,80861,167125,0.37,0,114663,0.16,0
9758,53,27575,69706,0.3,0,50155,0.16,0
9759,36,26569,78820,0.26,0,60958,0.16,0
9760,42,76591,156011,0.39,0,104124,0.16,1
9761,63,40916,113418,0.56,1,70661,0.16,0
9762,38,43425,60714,0.25,0,53861,0.16,0
9763,27,60797,136865,0.39,0,116127,0.16,0
9764,46,42402,27116,0.13,0,22446,0.16,0
9765,28,29031,71777,0.49,1,54575,0.16,1
9766,26,36902,95004,0.16,2,75175,0.24,0
9767,50,30109,45251,0.47,1,38884,0.16,0
9768,59,87612,183756,0.49,0,131690,0.16,0
9769,43,89576,237009,0.29,2,149641,0.24,0
9770,52,32197,87222,0.06,0,74338,0.16,0
9771,42,60944,46703,0.64,2,28900,0.24,1
9772,62,42775,109876,0.19,1,96204,0.16,0
9773,63,101692,120566,0.0,0,98451,0.16,0
9774,29,160286,371585,0.25,0,272605,0.16,0
9775,51,70677,92792,0.39,0,72805,0.16,0
9776,27,37916,24297,0.23,1,18478,0.16,0
9777,29,27461,28138,0.44,1,20272,0.16,0
9778,33,55402,84304,0.34,0,53833,0.16,0
9779,23,45344,106697,0.71,0,89892,0.16,0
9780,55,23831,17915,0.48,0,13907,0.16,0
9781,53,51005,129161,0.18,1,104718,0.16,0
9782,41,140953,421784,0.25,0,279443,0.16,0
9783,51,73339,181194,0.13,0,119658,0.16,0
9784,54,27421,46186,0.23,1,39336,0.16,0
9785,52,48571,93275,0.19,0,71281,0.16,0
9786,55,59084,30451,0.19,1,22407,0.16,0
9787,35,62706,64159,0.39,0,40290,0.16,0
9788,52,21630,59427,0.21,0,43254,0.16,0
9789,26,46227,25624,0.21,1,20782,0.16,0
9790,41,55854,154268,0.43,2,97357,0.24,0
9791,53,44655,34970,0.21,0,21288,0.16,0
9792,52,18685,15558,0.11,0,11916,0.16,0
9793,39,45441,42640,0.05,0,29628,0.16,0
9794,53,72552,181268,0.47,1,158028,0.16,0
9795,48,36827,62438,0.31,0,48562,0.16,0
9796,51,38755,33445,0.16,0,23081,0.16,0
9797,41,98607,218612,0.25,0,151754,0.16,0
9798,54,44359,126499,0.22,1,80797,0.16,0
9799,35,51841,100111,0.2,0,73210,0.16,0
9800,34,19298,14410,0.2,0,8941,0.16,0
9801,39,28956,18441,0.14,0,13502,0.16,0
9802,63,146508,364758,0.24,0,232041,0.16,0
9803,35,112168,231650,0.37,1,186050,0.16,0
9804,26,62096,174281,0.46,1,138610,0.16,0
9805,29,15624,29187,0.32,0,24852,0.16,0
9806,57,25189,16523,0.18,1,14486,0.16,0
9807,40,24853,37508,0.31,0,29862,0.16,0
9808,54,24672,52920,0.05,1,34201,0.16,0
9809,58,40416,59096,0.31,0,44468,0.16,0
9810,46,72429,217213,0.28,0,191659,0.16,0
9811,38,35740,54090,0.3,0,35687,0.16,0
9812,48,41972,78302,0.19,2,56126,0.24,0
9813,29,42040,44708,0.17,1,36858,0.16,0
9814,52,77004,67790,0.15,1,56196,0.16,0
9815,26,76619,161916,0.15,0,143266,0.16,0
9816,34,53156,104798,0.49,1,70649,0.16,0
9817,48,92894,47454,0.21,0,40691,0.16,0
9818,44,40480,49059,0.46,1,30208,0.16,0
9819,33,117414,247620,0.19,0,159402,0.16,0
9820,63,36205,91621,0.3,0,80893,0.16,0
9821,32,18323,23470,0.19,1,20283,0.16,1
9822,39,26069,55229,0.5,2,34147,0.24,1
9823,41,24936,29004,0.19,0,17990,0.16,0
9824,47,33857,75363,0.24,0,53174,0.16,0
9825,39,86189,193483,0.21,1,139306,0.16,0
9826,44,39160,32328,0.13,1,23934,0.16,0
9827,46,24896,53843,0.52,0,41165,0.16,0
9828,48,23668,31571,0.04,1,20179,0.16,0
9829,38,47630,44366,0.29,0,39748,0.16,0
9830,64,105068,183963,0.29,0,163239,0.16,0
9831,56,54749,89281,0.18,0,64519,0.16,0
9832,62,78585,191329,0.2,0,142792,0.16,0
9833,49,59928,42626,0.46,2,30219,0.24,1
9834,37,22851,56542,0.34,0,44962,0.16,0
9835,24,66216,50668,0.21,0,41030,0.16,1
9836,64,27735,28252,0.32,1,21488,0.16,0
9837,49,39799,71228,0.62,1,62487,0.16,1
9838,24,34154,56625,0.39,0,39864,0.16,1
9839,30,46545,138338,0.21,0,93795,0.16,0
9840,45,43290,85440,0.42,0,68070,0.16,0
9841,51,40524,53434,0.07,0,34666,0.16,0
9842,23,42704,117451,0.08,1,90809,0.16,0
9843,22,56042,71763,0.09,0,50017,0.16,0
9844,45,42703,50579,0.55,1,32430,0.16,0
9845,26,44967,78059,0.26,0,54246,0.16,0
9846,46,132732,369384,0.46,2,244075,0.24,0
9847,28,82436,187235,0.07,0,147699,0.16,0
9848,55,38206,83812,0.09,0,51587,0.16,0
9849,47,51706,119709,0.2,1,101214,0.16,1
9850,45,49722,106857,0.33,2,82843,0.24,0
9851,38,51020,122422,0.25,0,104930,0.16,0
9852,21,48510,47632,0.47,1,30869,0.16,0
9853,59,51205,48293,0.12,0,35817,0.16,0
9854,23,43222,60744,0.2,1,48618,0.16,0
9855,24,36052,94723,0.06,0,60977,0.16,0
9856,61,40379,92311,0.36,0,55772,0.16,0
9857,57,20578,39431,0.12,0,34813,0.16,0
9858,35,69392,38069,0.19,0,31758,0.16,0
9859,28,62382,67965,0.4,0,56727,0.16,0
9860,58,134027,336244,0.08,0,294602,0.16,0
9861,39,26963,29826,0.26,0,23068,0.16,0
9862,46,40062,93173,0.33,0,73836,0.16,0
9863,59,87859,84483,0.12,1,55986,0.16,0
9864,30,58655,118243,0.37,0,87631,0.16,0
9865,58,110831,229478,0.44,0,148535,0.16,0
9866,34,102552,244065,0.02,0,153676,0.16,0
9867,61,14545,23211,0.18,0,15704,0.16,0
9868,39,55752,116058,0.22,2,85633,0.24,0
9869,50,55900,96004,0.35,0,75984,0.16,0
9870,25,48464,139011,0.09,0,104438,0.16,0
9871,51,39449,71193,0.26,2,61819,0.24,1
9872,27,107049,109617,0.13,0,76518,0.16,0
9873,39,48362,104932,0.2,0,89616,0.16,0
9874,51,10214,19112,0.58,0,13965,0.16,0
9875,59,39289,98598,0.2,1,63241,0.16,0
9876,44,138079,130108,0.41,1,111860,0.16,0
9877,54,28042,32314,0.29,1,24131,0.16,1
9878,43,90108,252669,0.17,0,162215,0.16,0
9879,60,82556,233226,0.26,0,153100,0.16,0
9880,26,43133,69256,0.27,0,43053,0.16,0
9881,58,53881,33372,0.28,0,26472,0.16,0
9882,61,47342,59953,0.32,0,42503,0.16,0
9883,56,37659,42095,0.35,1,37461,0.16,0
9884,47,35092,53925,0.51,0,41065,0.16,0
9885,31,99741,129114,0.48,0,86975,0.16,0
9886,25,44947,115625,0.21,0,89802,0.16,0
9887,37,33322,16913,0.32,0,15103,0.16,0
9888,27,64510,136218,0.32,0,82676,0.16,0
9889,47,60671,131090,0.21,0,85333,0.16,0
9890,35,23248,50019,0.44,0,43939,0.16,0
9891,33,35521,63990,0.45,0,38865,0.16,0
9892,31,20964,42509,0.26,1,37790,0.16,1
9893,46,175442,443207,0.41,2,349401,0.24,0
9894,42,40889,100607,0.09,0,67356,0.16,0
9895,48,34947,20498,0.31,0,12850,0.16,0
9896,44,38174,21991,0.2,0,13881,0.16,0
9897,49,33620,87323,0.35,0,74340,0.16,0
9898,29,44733,86639,0.31,0,73333,0.16,0
9899,62,90902,263031,0.2,1,223618,0.16,0
9900,24,51465,81262,0.02,0,72176,0.16,0
9901,38,24494,23069,0.26,0,16544,0.16,0
9902,63,27611,46471,0.23,1,40650,0.16,0
9903,36,53492,85125,0.15,1,55199,0.16,1
9904,53,32328,57962,0.16,1,51108,0.16,0
9905,49,44559,112282,0.28,0,75576,0.16,0
9906,59,184029,393630,0.29,0,284359,0.16,0
9907,30,29647,28555,0.16,2,21547,0.24,0
9908,29,23787,55571,0.14,0,46732,0.16,0
9909,51,33855,67024,0.25,0,48041,0.16,0
9910,48,19938,38794,0.4,0,27251,0.16,0
9911,23,93251,204745,0.06,0,183212,0.16,0
9912,34,27456,52438,0.21,0,32636,0.16,0
9913,45,30122,49514,0.37,0,30088,0.16,1
9914,35,25166,52872,0.49,0,32622,0.16,1
9915,22,21039,48585,0.19,0,42475,0.16,1
9916,44,47694,50766,0.11,0,34004,0.16,0
9917,34,33671,58675,0.14,0,35974,0.16,0
9918,27,19883,32716,0.17,0,26782,0.16,0
9919,56,40696,24407,0.07,0,19333,0.16,0
9920,44,58854,152202,0.1,0,127472,0.16,1
9921,47,39301,56729,0.49,0,42950,0.16,1
9922,57,66147,45093,0.34,0,29452,0.16,0
9923,58,114607,188499,0.67,1,129532,0.16,0
9924,50,73662,66568,0.26,0,41162,0.16,0
9925,47,54607,123468,0.31,0,100151,0.16,0
9926,59,73577,141961,0.08,0,112759,0.16,0
9927,35,149276,175441,0.38,0,141087,0.16,0
9928,46,23846,68585,0.55,2,61266,0.24,1
9929,21,67262,82689,0.13,0,51106,0.16,0
9930,24,29777,56203,0.27,0,34819,0.16,0
9931,49,55318,138511,0.12,0,113789,0.16,0
9932,21,25310,45171,0.12,0,40284,0.16,0
9933,63,71535,207604,0.47,0,158363,0.16,1
9934,42,56385,147144,0.18,0,124161,0.16,0
9935,31,103751,290767,0.1,0,227617,0.16,0
9936,30,42803,61283,0.14,0,53911,0.16,0
9937,37,42127,78814,0.31,0,52008,0.16,0
9938,56,42338,110096,0.11,1,78017,0.16,0
9939,46,167807,462937,0.26,0,362861,0.16,0
9940,41,67288,192504,0.22,1,126972,0.16,1
9941,33,96022,259055,0.42,0,220259,0.16,0
9942,29,70416,163850,0.52,1,137531,0.16,0
9943,31,76189,42706,0.04,1,34834,0.16,0
9944,31,23445,30182,0.19,0,23724,0.16,0
9945,26,37052,30469,0.19,3,20285,0.24,0
9946,21,35930,31866,0.14,0,27436,0.16,0
9947,26,50490,61964,0.16,1,47914,0.16,0
9948,33,46548,31971,0.38,1,21215,0.16,0
9949,42,21942,24302,0.46,1,19953,0.16,0
9950,51,50084,144865,0.07,0,88295,0.16,0
9951,42,17921,22936,0.4,0,15261,0.16,1
9952,57,72275,64995,0.47,0,43420,0.16,0
9953,47,51636,118543,0.2,0,81498,0.16,0
9954,34,91370,234936,0.46,2,143384,0.24,1
9955,25,54525,70069,0.05,0,59752,0.16,0
9956,56,38902,46536,0.17,0,29280,0.16,0
9957,52,22289,24615,0.28,0,20892,0.16,0
9958,54,40244,59688,0.63,2,39040,0.24,0
9959,27,33062,23741,0.67,3,20234,0.24,1
9960,62,59028,128257,0.25,0,78073,0.16,0
9961,30,39713,101489,0.22,0,84778,0.16,0
9962,37,66333,143226,0.36,0,108828,0.16,0
9963,50,96463,149806,0.09,0,99604,0.16,0
9964,41,24172,29547,0.31,1,21331,0.16,0
9965,33,48956,74590,0.24,1,46926,0.16,0
9966,21,47864,74648,0.49,0,47862,0.16,0
9967,21,57360,124187,0.54,0,88188,0.16,1
9968,53,69101,194875,0.16,0,141036,0.16,0
9969,58,108431,73349,0.36,2,61085,0.24,0
9970,45,28148,81161,0.28,0,67111,0.16,0
9971,46,22336,61993,0.56,0,41661,0.16,0
9972,33,53866,42787,0.13,1,28032,0.16,0
9973,48,61374,58855,0.25,0,38284,0.16,0
9974,53,70274,89879,0.12,0,69855,0.16,0
9975,57,33505,63631,0.31,0,49260,0.16,0
9976,61,22271,18622,0.35,2,11759,0.24,0
9977,50,90172,90247,0.14,0,63364,0.16,0
9978,28,63337,174600,0.34,1,150560,0.16,0
9979,21,40564,31366,0.21,0,27686,0.16,0
9980,32,16763,25097,0.01,1,22375,0.16,0
9981,25,35082,84460,0.07,0,68250,0.16,0
9982,44,69403,188877,0.06,0,115463,0.16,0
9983,26,60924,81644,0.14,0,60869,0.16,0
9984,45,24608,22420,0.5,0,15087,0.16,0
9985,21,66806,156495,0.09,1,135585,0.16,0
9986,45,46906,114046,0.17,0,69876,0.16,0
9987,21,92368,272493,0.34,0,172729,0.16,0
9988,52,34580,29353,0.26,0,20132,0.16,0
9989,62,36008,81866,0.53,0,66332,0.16,0
9990,62,51924,80130,0.29,0,70583,0.16,0
9991,23,39782,110855,0.58,0,79422,0.16,1
9992,39,31674,48131,0.09,0,33811,0.16,0
9993,63,123095,198786,0.04,0,165948,0.16,0
9994,49,99755,81498,0.18,0,70859,0.16,0
9995,22,30334,39505,0.43,0,24741,0.16,0
9996,29,54729,82208,0.19,0,73644,0.16,0
9997,37,22788,12391,0.31,1,9329,0.16,1
9998,56,114762,182923,0.08,0,164314,0.16,0
9999,37,71687,96117,0.31,1,58036,0.16,0
10000,32,80969,203199,0.16,1,176233,0.16,0
